#usda 1.0
(defaultPrim = "Wayfarer"
 metersPerUnit = 1
 upAxis = "Y")
def Xform "Wayfarer" {
 def Scope "Materials" {
  def Material "Frame" {
   token outputs:surface.connect = </Wayfarer/Materials/Frame/Shader.outputs:surface>
   def Shader "Shader" {
    uniform token info:id = "UsdPreviewSurface"
    color3f inputs:diffuseColor = (0.009, 0.011, 0.014)
    float inputs:roughness = 0.21
    float inputs:metallic = 0
    float inputs:opacity = 1
    float inputs:ior = 1.5
    token outputs:surface
   }
  }
  def Material "Lens" {
   token outputs:surface.connect = </Wayfarer/Materials/Lens/Shader.outputs:surface>
   def Shader "Shader" {
    uniform token info:id = "UsdPreviewSurface"
    color3f inputs:diffuseColor = (0.085, 0.115, 0.055)
    float inputs:roughness = 0.12
    float inputs:metallic = 0
    float inputs:opacity = 0.78
    float inputs:ior = 1.5
    token outputs:surface
   }
  }
  def Material "Metal" {
   token outputs:surface.connect = </Wayfarer/Materials/Metal/Shader.outputs:surface>
   def Shader "Shader" {
    uniform token info:id = "UsdPreviewSurface"
    color3f inputs:diffuseColor = (0.18, 0.19, 0.2)
    float inputs:roughness = 0.24
    float inputs:metallic = 0.85
    float inputs:opacity = 1
    float inputs:ior = 1.5
    token outputs:surface
   }
  }
  def Material "Seam" {
   token outputs:surface.connect = </Wayfarer/Materials/Seam/Shader.outputs:surface>
   def Shader "Shader" {
    uniform token info:id = "UsdPreviewSurface"
    color3f inputs:diffuseColor = (0.002, 0.003, 0.004)
    float inputs:roughness = 0.42
    float inputs:metallic = 0
    float inputs:opacity = 1
    float inputs:ior = 1.5
    token outputs:surface
   }
  }
  def Material "Camera" {
   token outputs:surface.connect = </Wayfarer/Materials/Camera/Shader.outputs:surface>
   def Shader "Shader" {
    uniform token info:id = "UsdPreviewSurface"
    color3f inputs:diffuseColor = (0.018, 0.025, 0.045)
    float inputs:roughness = 0.08
    float inputs:metallic = 0.25
    float inputs:opacity = 1
    float inputs:ior = 1.5
    token outputs:surface
   }
  }
  def Material "Indicator" {
   token outputs:surface.connect = </Wayfarer/Materials/Indicator/Shader.outputs:surface>
   def Shader "Shader" {
    uniform token info:id = "UsdPreviewSurface"
    color3f inputs:diffuseColor = (0.17, 0.18, 0.16)
    float inputs:roughness = 0.18
    float inputs:metallic = 0.05
    float inputs:opacity = 1
    float inputs:ior = 1.5
    token outputs:surface
   }
  }
 }
 def Mesh "RightRim" (prepend apiSchemas = ["MaterialBindingAPI"]) {
  point3f[] points = [(0.0143624, 0.0125716, 0.04778), (0.0141472, 0.0112769, 0.0477865), (0.0141208, 0.0097942, 0.0477873), (0.0142496, 0.0081722, 0.0477834), (0.0145, 0.0064594, 0.0477757), (0.0148384, 0.0047042, 0.0477651), (0.0152312, 0.0029551, 0.0477525), (0.0156448, 0.0012607, 0.0477389), (0.0160456, -0.0003305, 0.0477254), (0.0164, -0.00177, 0.0477131), (0.0167324, -0.0031121, 0.0477014), (0.0170912, -0.0044373, 0.0476884), (0.0174788, -0.0057363, 0.0476741), (0.0178976, -0.0069998, 0.0476583), (0.01835, -0.0082188, 0.0476408), (0.0188384, -0.0093838, 0.0476215), (0.0193652, -0.0104856, 0.0476), (0.0199328, -0.0115151, 0.0475762), (0.0205436, -0.012463, 0.0475498), (0.0212, -0.01332, 0.0475206), (0.0218892, -0.01408, 0.0474889), (0.0226016, -0.0147491, 0.0474551), (0.0233444, -0.0153366, 0.0474187), (0.0241248, -0.0158518, 0.0473792), (0.02495, -0.0163038, 0.047336), (0.0258272, -0.0167018, 0.0472885), (0.0267636, -0.0170553, 0.047236), (0.0277664, -0.0173733, 0.0471776), (0.0288428, -0.0176651, 0.0471126), (0.03, -0.01794, 0.04704), (0.0312824, -0.0182006, 0.0469562), (0.0327072, -0.018439, 0.0468589), (0.0342408, -0.018648, 0.0467494), (0.0358496, -0.0188209, 0.0466291), (0.0375, -0.0189506, 0.0465), (0.0391584, -0.0190303, 0.0463644), (0.0407912, -0.019053, 0.0462251), (0.0423648, -0.0190118, 0.0460856), (0.0438456, -0.0188998, 0.0459494), (0.0452, -0.01871, 0.0458208), (0.0464596, -0.0184725, 0.0456976), (0.0476768, -0.018211, 0.0455754), (0.0488492, -0.0179096, 0.0454547), (0.0499744, -0.0175519, 0.0453361), (0.05105, -0.0171219, 0.0452202), (0.0520736, -0.0166033, 0.0451076), (0.0530428, -0.01598, 0.0449989), (0.0539552, -0.0152358, 0.0448948), (0.0548084, -0.0143545, 0.0447958), (0.0556, -0.01332, 0.0447025), (0.0563212, -0.0120661, 0.0446165), (0.0569696, -0.0105726, 0.0445381), (0.0575524, -0.0088929, 0.0444669), (0.0580768, -0.0070799, 0.0444022), (0.05855, -0.0051869, 0.0443434), (0.0589792, -0.0032669, 0.0442896), (0.0593716, -0.0013731, 0.04424), (0.0597344, 0.0004414, 0.0441939), (0.0600748, 0.0021235, 0.0441504), (0.0604, 0.00362, 0.0441086), (0.060776, 0.0049821, 0.04406), (0.061232, 0.0062934, 0.0440007), (0.06172, 0.0075493, 0.0439367), (0.062192, 0.0087451, 0.0438743), (0.0626, 0.0098762, 0.04382), (0.062896, 0.0109381, 0.0437804), (0.063032, 0.011926, 0.0437621), (0.06296, 0.0128354, 0.0437718), (0.062632, 0.0136616, 0.0438157), (0.062, 0.0144, 0.0438997), (0.061014, 0.0150372, 0.0440291), (0.059696, 0.0155704, 0.0441988), (0.058106, 0.0160112, 0.0443986), (0.056304, 0.0163712, 0.0446185), (0.05435, 0.0166619, 0.0448491), (0.052304, 0.0168948, 0.0450819), (0.050226, 0.0170815, 0.0453092), (0.048176, 0.0172336, 0.0455243), (0.046214, 0.0173626, 0.0457219), (0.0444, 0.01748, 0.0458972), (0.0426696, 0.0175693, 0.0460579), (0.0409248, 0.0176094, 0.0462135), (0.0391752, 0.0176047, 0.046363), (0.0374304, 0.0175601, 0.0465056), (0.0357, 0.01748, 0.0466405), (0.0339936, 0.0173691, 0.0467674), (0.0323208, 0.0172321, 0.0468857), (0.0306912, 0.0170734, 0.0469953), (0.0291144, 0.0168979, 0.0470958), (0.0276, 0.01671, 0.0471875), (0.0260932, 0.016551, 0.0472738), (0.0245536, 0.016439, 0.0473569), (0.0230124, 0.0163439, 0.0474351), (0.0215008, 0.0162357, 0.0475069), (0.02005, 0.0160844, 0.0475712), (0.0186912, 0.0158599, 0.0476273), (0.0174556, 0.0155323, 0.047675), (0.0163744, 0.0150714, 0.047714), (0.0154788, 0.0144474, 0.0477444), (0.0148, 0.01363, 0.0477664), (0.0142748, 0.0126317, 0.0504206), (0.0140588, 0.0113312, 0.0504271), (0.0140323, 0.009842, 0.0504279), (0.0141616, 0.0082128, 0.050424), (0.0144129, 0.0064924, 0.0504163), (0.0147526, 0.0047294, 0.0504058), (0.0151468, 0.0029726, 0.0503932), (0.015562, 0.0012707, 0.0503796), (0.0159643, -0.0003275, 0.0503661), (0.01632, -0.0017734, 0.0503538), (0.0166536, -0.0031215, 0.0503421), (0.0170137, -0.0044525, 0.0503292), (0.0174028, -0.0057572, 0.0503149), (0.0178231, -0.0070264, 0.0502991), (0.0182772, -0.0082507, 0.0502816), (0.0187674, -0.0094209, 0.0502622), (0.0192962, -0.0105276, 0.0502408), (0.0198659, -0.0115617, 0.050217), (0.0204789, -0.0125137, 0.0501906), (0.0211378, -0.0133745, 0.0501613), (0.0218295, -0.0141379, 0.0501296), (0.0225446, -0.01481, 0.0500958), (0.0232901, -0.0154001, 0.0500593), (0.0240734, -0.0159175, 0.0500198), (0.0249017, -0.0163715, 0.0499765), (0.0257821, -0.0167713, 0.0499289), (0.026722, -0.0171263, 0.0498763), (0.0277285, -0.0174458, 0.0498178), (0.0288089, -0.0177389, 0.0497526), (0.0299704, -0.018015, 0.0496798), (0.0312575, -0.0182768, 0.0495958), (0.0326876, -0.0185162, 0.0494982), (0.0342269, -0.0187261, 0.0493883), (0.0358416, -0.0188998, 0.0492677), (0.0374981, -0.0190301, 0.0491381), (0.0391627, -0.0191101, 0.049002), (0.0408015, -0.0191329, 0.0488622), (0.042381, -0.0190916, 0.048722), (0.0438673, -0.018979, 0.0485853), (0.0452267, -0.0187884, 0.0484561), (0.0464909, -0.0185498, 0.0483324), (0.0477126, -0.0182872, 0.0482097), (0.0488894, -0.0179844, 0.0480884), (0.0500188, -0.0176252, 0.0479693), (0.0510983, -0.0171932, 0.0478528), (0.0521257, -0.0166723, 0.0477397), (0.0530985, -0.0160463, 0.0476305), (0.0540143, -0.0152988, 0.0475259), (0.0548707, -0.0144136, 0.0474264), (0.0556652, -0.0133745, 0.0473327), (0.0563891, -0.012115, 0.0472462), (0.0570399, -0.010615, 0.0471675), (0.0576248, -0.0089278, 0.0470959), (0.0581512, -0.0071068, 0.0470309), (0.0586261, -0.0052054, 0.0469718), (0.0590569, -0.0032769, 0.0469177), (0.0594508, -0.0013747, 0.0468679), (0.0598149, 0.0004478, 0.0468216), (0.0601566, 0.0021373, 0.0467779), (0.060483, 0.0036405, 0.0467359), (0.0608604, 0.0050086, 0.046687), (0.0613181, 0.0063257, 0.0466274), (0.0618079, 0.0075872, 0.046563), (0.0622816, 0.0087883, 0.0465003), (0.0626911, 0.0099244, 0.0464457), (0.0629882, 0.0109909, 0.0464059), (0.0631247, 0.0119832, 0.0463875), (0.0630525, 0.0128966, 0.0463973), (0.0627233, 0.0137265, 0.0464414), (0.0620889, 0.0144682, 0.0465259), (0.0610993, 0.0151082, 0.0466559), (0.0597764, 0.0156437, 0.0468265), (0.0581805, 0.0160865, 0.0470273), (0.0563718, 0.0164481, 0.0472483), (0.0544106, 0.0167401, 0.04748), (0.052357, 0.016974, 0.0477139), (0.0502713, 0.0171616, 0.0479422), (0.0482137, 0.0173143, 0.0481584), (0.0462444, 0.0174439, 0.0483568), (0.0444237, 0.0175618, 0.0485329), (0.0426869, 0.0176515, 0.0486943), (0.0409356, 0.0176917, 0.0488505), (0.0391796, 0.0176871, 0.0490006), (0.0374283, 0.0176422, 0.0491437), (0.0356915, 0.0175618, 0.0492791), (0.0339788, 0.0174504, 0.0494064), (0.0322998, 0.0173128, 0.0495251), (0.0306641, 0.0171534, 0.049635), (0.0290815, 0.0169771, 0.0497358), (0.0275615, 0.0167884, 0.0498276), (0.0260491, 0.0166287, 0.0499141), (0.0245038, 0.0165162, 0.0499975), (0.0229569, 0.0164206, 0.0500758), (0.0214397, 0.016312, 0.0501476), (0.0199835, 0.01616, 0.050212), (0.0186197, 0.0159345, 0.0502681), (0.0173795, 0.0156055, 0.0503157), (0.0162943, 0.0151426, 0.0503547), (0.0153954, 0.0145157, 0.0503851), (0.0147141, 0.0136948, 0.050407), (0.0139978, 0.0128217, 0.0511221), (0.0137793, 0.0115031, 0.0511286), (0.0137525, 0.0099932, 0.0511294), (0.0138833, 0.0083413, 0.0511255), (0.0141375, 0.0065968, 0.0511179), (0.0144811, 0.0048093, 0.0511074), (0.01488, 0.003028, 0.0510949), (0.0153, 0.0013024, 0.0510814), (0.015707, -0.0003181, 0.0510679), (0.0160668, -0.0017842, 0.0510557), (0.0164044, -0.003151, 0.0510441), (0.0167687, -0.0045006, 0.0510312), (0.0171623, -0.0058236, 0.0510169), (0.0175875, -0.0071104, 0.0510012), (0.0180469, -0.0083518, 0.0509837), (0.0185428, -0.0095383, 0.0509643), (0.0190778, -0.0106604, 0.0509429), (0.0196541, -0.0117089, 0.0509191), (0.0202743, -0.0126742, 0.0508926), (0.0209409, -0.013547, 0.0508633), (0.0216407, -0.014321, 0.0508316), (0.0223641, -0.0150025, 0.0507976), (0.0231183, -0.0156008, 0.050761), (0.0239108, -0.0161255, 0.0507213), (0.0247487, -0.0165858, 0.0506778), (0.0256394, -0.0169912, 0.0506299), (0.0265903, -0.0173512, 0.0505769), (0.0276086, -0.017675, 0.0505181), (0.0287016, -0.0179722, 0.0504524), (0.0298766, -0.0182522, 0.050379), (0.0311788, -0.0185176, 0.0502942), (0.0326256, -0.0187603, 0.0501957), (0.0341828, -0.0189733, 0.0500847), (0.0358164, -0.0191493, 0.0499628), (0.0374923, -0.0192814, 0.0498317), (0.0391763, -0.0193626, 0.049694), (0.0408343, -0.0193857, 0.0495525), (0.0424321, -0.0193438, 0.0494106), (0.0439358, -0.0192297, 0.0492721), (0.0453111, -0.0190364, 0.0491411), (0.0465901, -0.0187945, 0.0490158), (0.0478261, -0.0185282, 0.0488913), (0.0490165, -0.0182212, 0.0487683), (0.0501591, -0.017857, 0.0486474), (0.0512513, -0.017419, 0.0485293), (0.0522907, -0.0168908, 0.0484145), (0.0532748, -0.016256, 0.0483037), (0.0542013, -0.0154981, 0.0481975), (0.0550677, -0.0146006, 0.0480965), (0.0558715, -0.013547, 0.0480014), (0.0566038, -0.01227, 0.0479135), (0.0572622, -0.0107491, 0.0478335), (0.057854, -0.0090383, 0.0477609), (0.0583865, -0.007192, 0.0476949), (0.058867, -0.005264, 0.0476348), (0.0593028, -0.0033087, 0.0475798), (0.0597012, -0.0013799, 0.0475292), (0.0600696, 0.000468, 0.0474822), (0.0604153, 0.0021811, 0.0474378), (0.0607455, 0.0037051, 0.0473951), (0.0611273, 0.0050924, 0.0473455), (0.0615903, 0.0064279, 0.0472848), (0.0620859, 0.0077069, 0.0472195), (0.0625651, 0.0089247, 0.0471557), (0.0629794, 0.0100767, 0.0471003), (0.06328, 0.0111581, 0.0470598), (0.0634181, 0.0121642, 0.0470411), (0.063345, 0.0130903, 0.047051), (0.0630119, 0.0139318, 0.0470959), (0.0623702, 0.0146838, 0.0471817), (0.061369, 0.0153327, 0.0473139), (0.0600306, 0.0158758, 0.0474872), (0.0584161, 0.0163247, 0.0476912), (0.0565863, 0.0166913, 0.0479156), (0.0546022, 0.0169874, 0.0481509), (0.0525246, 0.0172246, 0.0483883), (0.0504146, 0.0174147, 0.04862), (0.048333, 0.0175696, 0.0488393), (0.0463407, 0.017701, 0.0490405), (0.0444987, 0.0178206, 0.049219), (0.0427416, 0.0179115, 0.0493825), (0.0409699, 0.0179523, 0.0495407), (0.0391933, 0.0179476, 0.0496926), (0.0374216, 0.0179021, 0.0498374), (0.0356645, 0.0178206, 0.0499743), (0.0339318, 0.0177076, 0.050103), (0.0322332, 0.0175681, 0.0502229), (0.0305785, 0.0174065, 0.0503337), (0.0289773, 0.0172277, 0.0504354), (0.0274396, 0.0170364, 0.050528), (0.0259095, 0.0168744, 0.050615), (0.0243462, 0.0167603, 0.0506988), (0.0227812, 0.0166635, 0.0507775), (0.0212463, 0.0165533, 0.0508496), (0.0197731, 0.0163992, 0.0509141), (0.0183934, 0.0161706, 0.0509702), (0.0171387, 0.015837, 0.0510178), (0.0160408, 0.0153676, 0.0510566), (0.0151314, 0.014732, 0.0510869), (0.0144422, 0.0138996, 0.0511086), (0.0134588, 0.0131915, 0.0514942), (0.0132354, 0.0118376, 0.0515005), (0.013208, 0.0102872, 0.0515013), (0.0133417, 0.0085912, 0.0514975), (0.0136017, 0.0068001, 0.05149), (0.013953, 0.0049647, 0.0514797), (0.0143608, 0.0031357, 0.0514674), (0.0147902, 0.001364, 0.051454), (0.0152064, -0.0002999, 0.0514407), (0.0155743, -0.0018052, 0.0514286), (0.0159194, -0.0032086, 0.0514171), (0.0162919, -0.0045943, 0.0514043), (0.0166944, -0.0059526, 0.0513901), (0.0171292, -0.0072739, 0.0513744), (0.0175989, -0.0085485, 0.051357), (0.0181059, -0.0097667, 0.0513377), (0.0186529, -0.0109189, 0.0513163), (0.0192422, -0.0119954, 0.0512924), (0.0198763, -0.0129865, 0.051266), (0.0205578, -0.0138827, 0.0512366), (0.0212733, -0.0146774, 0.0512047), (0.022013, -0.0153771, 0.0511705), (0.0227842, -0.0159914, 0.0511336), (0.0235944, -0.0165301, 0.0510936), (0.0244511, -0.0170027, 0.0510497), (0.0253619, -0.017419, 0.0510013), (0.0263341, -0.0177886, 0.0509477), (0.0273752, -0.0181211, 0.050888), (0.0284928, -0.0184263, 0.0508214), (0.0296942, -0.0187137, 0.0507468), (0.0310256, -0.0189862, 0.0506606), (0.0325049, -0.0192354, 0.0505604), (0.0340971, -0.019454, 0.0504473), (0.0357674, -0.0196348, 0.0503228), (0.0374809, -0.0197705, 0.0501889), (0.0392027, -0.0198538, 0.0500481), (0.0408979, -0.0198776, 0.0499032), (0.0425316, -0.0198345, 0.0497578), (0.0440691, -0.0197173, 0.0496158), (0.0454752, -0.0195189, 0.0494815), (0.046783, -0.0192705, 0.0493528), (0.0480467, -0.0189971, 0.049225), (0.0492639, -0.0186819, 0.0490986), (0.0504321, -0.0183079, 0.0489744), (0.0515489, -0.0178582, 0.0488529), (0.0526116, -0.0173159, 0.0487349), (0.0536178, -0.0166641, 0.0486208), (0.0545651, -0.0158859, 0.0485115), (0.0554509, -0.0149644, 0.0484076), (0.0562728, -0.0138827, 0.0483096), (0.0570215, -0.0125715, 0.0482192), (0.0576947, -0.0110098, 0.0481368), (0.0582998, -0.0092534, 0.0480619), (0.0588443, -0.0073576, 0.0479939), (0.0593355, -0.0053781, 0.047932), (0.0597812, -0.0033704, 0.0478753), (0.0601886, -0.0013901, 0.0478232), (0.0605652, 0.0005073, 0.0477747), (0.0609186, 0.0022662, 0.0477289), (0.0612563, 0.003831, 0.0476849), (0.0616466, 0.0052554, 0.0476337), (0.0621201, 0.0066266, 0.0475712), (0.0626267, 0.0079398, 0.0475038), (0.0631168, 0.0091902, 0.0474381), (0.0635404, 0.010373, 0.0473808), (0.0638477, 0.0114833, 0.0473391), (0.0639889, 0.0125164, 0.0473198), (0.0639141, 0.0134673, 0.04733), (0.0635736, 0.0143312, 0.0473763), (0.0629174, 0.0151034, 0.0474649), (0.0618937, 0.0157696, 0.0476012), (0.0605254, 0.0163272, 0.0477798), (0.0588746, 0.0167882, 0.0479901), (0.0570037, 0.0171646, 0.0482213), (0.054975, 0.0174685, 0.0484636), (0.0528508, 0.0177121, 0.048708), (0.0506934, 0.0179074, 0.0489462), (0.048565, 0.0180664, 0.0491716), (0.046528, 0.0182012, 0.0493782), (0.0446446, 0.018324, 0.0495614), (0.0428481, 0.0184174, 0.049729), (0.0410366, 0.0184593, 0.0498911), (0.0392201, 0.0184545, 0.0500466), (0.0374086, 0.0184078, 0.0501947), (0.0356121, 0.018324, 0.0503346), (0.0338405, 0.0182081, 0.0504659), (0.0321037, 0.0180648, 0.050588), (0.0304118, 0.0178989, 0.0507008), (0.0287747, 0.0177153, 0.0508042), (0.0272024, 0.0175189, 0.0508981), (0.025638, 0.0173526, 0.0509862), (0.0240396, 0.0172354, 0.0510709), (0.0224395, 0.017136, 0.0511503), (0.0208701, 0.0170229, 0.0512228), (0.0193638, 0.0168647, 0.0512874), (0.0179531, 0.01663, 0.0513436), (0.0166703, 0.0162874, 0.051391), (0.0155477, 0.0158055, 0.0514295), (0.0146179, 0.0151529, 0.0514594), (0.0139132, 0.0142982, 0.0514809), (0.0114077, 0.0145986, 0.0516612), (0.0111656, 0.0131104, 0.051667), (0.0111359, 0.0114064, 0.0516677), (0.0112808, 0.0095421, 0.0516643), (0.0115625, 0.0075734, 0.0516574), (0.0119432, 0.0055561, 0.0516479), (0.0123851, 0.0035458, 0.0516364), (0.0128504, 0.0015984, 0.0516239), (0.0133013, -0.0002305, 0.0516113), (0.0137, -0.001885, 0.0515998), (0.014074, -0.0034276, 0.0515887), (0.0144776, -0.0049506, 0.0515764), (0.0149137, -0.0064436, 0.0515628), (0.0153848, -0.0078959, 0.0515475), (0.0158938, -0.0092969, 0.0515305), (0.0164432, -0.0106359, 0.0515116), (0.0170359, -0.0119023, 0.0514904), (0.0176744, -0.0130856, 0.0514668), (0.0183616, -0.014175, 0.0514404), (0.0191, -0.01516, 0.0514109), (0.0198754, -0.0160335, 0.0513786), (0.0206768, -0.0168026, 0.051344), (0.0215125, -0.0174778, 0.0513064), (0.0223904, -0.0180699, 0.0512652), (0.0233188, -0.0185894, 0.05122), (0.0243056, -0.0190469, 0.0511699), (0.0253591, -0.0194531, 0.051114), (0.0264872, -0.0198186, 0.0510517), (0.0276982, -0.0201541, 0.0509817), (0.029, -0.02047, 0.0509029), (0.0304427, -0.0207696, 0.0508115), (0.0320456, -0.0210435, 0.0507046), (0.0337709, -0.0212838, 0.0505835), (0.0355808, -0.0214824, 0.0504496), (0.0374375, -0.0216316, 0.050305), (0.0393032, -0.0217232, 0.0501523), (0.0411401, -0.0217493, 0.0499947), (0.0429104, -0.0217019, 0.0498359), (0.0445763, -0.0215732, 0.0496805), (0.0461, -0.021355, 0.0495331), (0.047517, -0.021082, 0.0493916), (0.0488864, -0.0207815, 0.0492508), (0.0502053, -0.020435, 0.0491114), (0.0514712, -0.020024, 0.0489741), (0.0526812, -0.0195297, 0.0488397), (0.0538328, -0.0189336, 0.0487088), (0.0549231, -0.0182172, 0.0485823), (0.0559496, -0.0173619, 0.048461), (0.0569094, -0.016349, 0.0483454), (0.0578, -0.01516, 0.0482364), (0.0586113, -0.0137188, 0.0481357), (0.0593408, -0.0120023, 0.0480439), (0.0599964, -0.0100717, 0.0479605), (0.0605864, -0.007988, 0.0478846), (0.0611187, -0.0058122, 0.0478155), (0.0616016, -0.0036054, 0.0477523), (0.062043, -0.0014288, 0.047694), (0.0624512, 0.0006567, 0.0476398), (0.0628341, 0.00259, 0.0475887), (0.0632, 0.00431, 0.0475395), (0.063623, 0.0058756, 0.0474823), (0.064136, 0.0073827, 0.0474123), (0.064685, 0.0088262, 0.0473369), (0.065216, 0.0102006, 0.0472633), (0.065675, 0.0115006, 0.0471992), (0.066008, 0.012721, 0.0471525), (0.066161, 0.0138565, 0.0471309), (0.06608, 0.0149017, 0.0471423), (0.065711, 0.0158513, 0.0471942), (0.065, 0.0167, 0.0472933), (0.0638907, 0.0174323, 0.0474458), (0.062408, 0.0180452, 0.0476456), (0.0606192, 0.0185519, 0.0478803), (0.058592, 0.0189656, 0.0481381), (0.0563937, 0.0192997, 0.0484077), (0.054092, 0.0195674, 0.048679), (0.0517542, 0.019782, 0.0489429), (0.049448, 0.0199568, 0.0491919), (0.0472407, 0.020105, 0.0494195), (0.0452, 0.02024, 0.0496208), (0.0432533, 0.0203427, 0.0498044), (0.0412904, 0.0203887, 0.0499814), (0.0393221, 0.0203834, 0.0501507), (0.0373592, 0.020332, 0.0503112), (0.0354125, 0.02024, 0.0504624), (0.0334928, 0.0201126, 0.0506034), (0.0316109, 0.019955, 0.0507341), (0.0297776, 0.0197727, 0.0508542), (0.0280037, 0.0195709, 0.0509635), (0.0263, 0.019355, 0.0510622), (0.0246049, 0.0191722, 0.0511542), (0.0228728, 0.0190435, 0.051242), (0.021139, 0.0189342, 0.0513234), (0.0194384, 0.0188098, 0.051397), (0.0178063, 0.0186359, 0.0514618), (0.0162776, 0.018378, 0.0515174), (0.0148876, 0.0180014, 0.0515636), (0.0136712, 0.0174717, 0.0516006), (0.0126637, 0.0167544, 0.0516289), (0.0119, 0.015815, 0.0516489), (0.0093566, 0.0160056, 0.051594), (0.0090958, 0.0143833, 0.0515991), (0.0090638, 0.0125255, 0.0515997), (0.0092199, 0.0104931, 0.0515967), (0.0095233, 0.0083468, 0.0515906), (0.0099334, 0.0061475, 0.0515821), (0.0104094, 0.0039559, 0.0515718), (0.0109106, 0.0018327, 0.0515604), (0.0113962, -0.0001611, 0.0515488), (0.0118257, -0.0019648, 0.0515382), (0.0122285, -0.0036465, 0.0515279), (0.0126633, -0.005307, 0.0515163), (0.0131329, -0.0069347, 0.0515034), (0.0136404, -0.008518, 0.0514889), (0.0141886, -0.0100453, 0.0514726), (0.0147805, -0.0115051, 0.0514543), (0.0154188, -0.0128858, 0.0514338), (0.0161066, -0.0141757, 0.0514107), (0.0168468, -0.0153635, 0.0513846), (0.0176422, -0.0164373, 0.0513554), (0.0184774, -0.0173896, 0.0513232), (0.0193406, -0.018228, 0.0512884), (0.0202407, -0.0189642, 0.0512504), (0.0211864, -0.0196097, 0.0512086), (0.0221864, -0.020176, 0.0511623), (0.0232493, -0.0206749, 0.0511108), (0.024384, -0.0211177, 0.0510532), (0.0255992, -0.0215162, 0.0509884), (0.0269035, -0.0218819, 0.0509153), (0.0283058, -0.0222263, 0.0508327), (0.0298598, -0.0225529, 0.0507363), (0.0315863, -0.0228515, 0.0506232), (0.0334447, -0.0231135, 0.0504943), (0.0353942, -0.0233301, 0.0503511), (0.0373941, -0.0234926, 0.0501958), (0.0394037, -0.0235925, 0.0500312), (0.0413823, -0.023621, 0.0498607), (0.0432892, -0.0235693, 0.0496885), (0.0450835, -0.023429, 0.0495193), (0.0467248, -0.0231911, 0.0493586), (0.0482511, -0.0228935, 0.049204), (0.0497261, -0.0225659, 0.0490498), (0.0511468, -0.0221882, 0.048897), (0.0525103, -0.02174, 0.0487462), (0.0538136, -0.0212012, 0.0485984), (0.055054, -0.0205514, 0.0484544), (0.0562285, -0.0197703, 0.048315), (0.0573341, -0.0188378, 0.048181), (0.058368, -0.0177336, 0.0480534), (0.0593272, -0.0164373, 0.047933), (0.0602012, -0.0148661, 0.0478216), (0.0609869, -0.0129948, 0.04772), (0.0616931, -0.01089, 0.0476276), (0.0623285, -0.0086183, 0.0475435), (0.062902, -0.0062463, 0.0474669), (0.063422, -0.0038405, 0.0473969), (0.0638975, -0.0014675, 0.0473323), (0.0643372, 0.0008062, 0.0472722), (0.0647497, 0.0029138, 0.0472154), (0.0651437, 0.004789, 0.0471608), (0.0655994, 0.0064958, 0.0470972), (0.0661519, 0.0081389, 0.0470196), (0.0667433, 0.0097125, 0.0469357), (0.0673152, 0.0112109, 0.0468539), (0.0678096, 0.0126283, 0.0467827), (0.0681683, 0.0139588, 0.0467307), (0.0683331, 0.0151966, 0.0467067), (0.0682459, 0.0163361, 0.0467194), (0.0678484, 0.0173714, 0.0467771), (0.0670826, 0.0182966, 0.0468873), (0.0658878, 0.019095, 0.0470568), (0.0642906, 0.0197632, 0.0472785), (0.0623639, 0.0203156, 0.0475388), (0.0601803, 0.0207666, 0.0478243), (0.0578125, 0.0211308, 0.0481223), (0.0553332, 0.0214227, 0.0484215), (0.0528151, 0.0216567, 0.048712), (0.050331, 0.0218472, 0.0489853), (0.0479535, 0.0220088, 0.0492345), (0.0457554, 0.022156, 0.0494543), (0.0436585, 0.0222679, 0.0496542), (0.0415442, 0.0223181, 0.0498464), (0.0394241, 0.0223123, 0.0500295), (0.0373098, 0.0222563, 0.0502026), (0.0352129, 0.022156, 0.0503648), (0.0331451, 0.022017, 0.0505155), (0.0311181, 0.0218453, 0.0506545), (0.0291434, 0.0216465, 0.0507814), (0.0272327, 0.0214266, 0.0508963), (0.0253976, 0.0211911, 0.0509993), (0.0235717, 0.0209919, 0.0510947), (0.021706, 0.0208515, 0.0511848), (0.0198384, 0.0207324, 0.0512676), (0.0180067, 0.0205968, 0.0513415), (0.0162487, 0.0204072, 0.0514058), (0.0146021, 0.020126, 0.0514599), (0.0131048, 0.0197154, 0.0515042), (0.0117947, 0.019138, 0.051539), (0.0107094, 0.018356, 0.051565), (0.0098868, 0.0173318, 0.0515831), (0.0088176, 0.0163754, 0.0512482), (0.0085519, 0.0147177, 0.0512531), (0.0085193, 0.0128196, 0.0512537), (0.0086783, 0.010743, 0.0512508), (0.0089875, 0.00855, 0.0512449), (0.0094053, 0.0063029, 0.0512367), (0.0098902, 0.0040636, 0.0512268), (0.0104008, 0.0018943, 0.0512157), (0.0108956, -0.0001428, 0.0512045), (0.0113332, -0.0019858, 0.0511941), (0.0117435, -0.0037041, 0.051184), (0.0121865, -0.0054007, 0.0511727), (0.012665, -0.0070637, 0.05116), (0.0131821, -0.0086814, 0.0511458), (0.0137406, -0.010242, 0.0511297), (0.0143436, -0.0117335, 0.0511116), (0.0149939, -0.0131442, 0.0510913), (0.0156947, -0.0144622, 0.0510684), (0.0164488, -0.0156757, 0.0510425), (0.0172591, -0.016773, 0.0510134), (0.01811, -0.0177459, 0.0509813), (0.0189895, -0.0186026, 0.0509465), (0.0199066, -0.0193548, 0.0509084), (0.02087, -0.0200143, 0.0508665), (0.0218888, -0.020593, 0.05082), (0.0229718, -0.0211026, 0.0507682), (0.0241278, -0.0215551, 0.0507101), (0.0253658, -0.0219623, 0.0506448), (0.0266947, -0.0223359, 0.050571), (0.0281234, -0.0226878, 0.0504874), (0.0297066, -0.0230215, 0.0503898), (0.0314656, -0.0233266, 0.050275), (0.033359, -0.0235943, 0.0501441), (0.0353452, -0.0238156, 0.0499985), (0.0373827, -0.0239817, 0.0498405), (0.0394301, -0.0240837, 0.0496727), (0.0414459, -0.0241128, 0.0494988), (0.0433887, -0.0240601, 0.049323), (0.0452168, -0.0239166, 0.0491502), (0.0468889, -0.0236736, 0.048986), (0.048444, -0.0233695, 0.0488278), (0.0499467, -0.0230348, 0.0486701), (0.0513942, -0.0226489, 0.0485137), (0.0527833, -0.022191, 0.0483593), (0.0541112, -0.0216404, 0.0482079), (0.0553749, -0.0209764, 0.0480603), (0.0565715, -0.0201784, 0.0479174), (0.0576979, -0.0192256, 0.0477801), (0.0587512, -0.0180974, 0.0476493), (0.0597285, -0.016773, 0.0475258), (0.0606189, -0.0151676, 0.0474115), (0.0614194, -0.0132556, 0.0473073), (0.0621389, -0.011105, 0.0472124), (0.0627863, -0.008784, 0.0471262), (0.0633705, -0.0063603, 0.0470476), (0.0639004, -0.0039022, 0.0469756), (0.0643849, -0.0014776, 0.0469093), (0.0648328, 0.0008454, 0.0468476), (0.065253, 0.0029989, 0.0467893), (0.0656545, 0.0049149, 0.0467332), (0.0661187, 0.0066588, 0.046668), (0.0666817, 0.0083376, 0.0465882), (0.0672841, 0.0099454, 0.0465021), (0.0678669, 0.0114764, 0.0464181), (0.0683706, 0.0129246, 0.0463449), (0.068736, 0.014284, 0.0462915), (0.0689039, 0.0155488, 0.0462668), (0.068815, 0.016713, 0.0462799), (0.0684101, 0.0177708, 0.0463392), (0.0676298, 0.0187162, 0.0464524), (0.0664125, 0.019532, 0.0466264), (0.0647854, 0.0202146, 0.0468542), (0.0628224, 0.020779, 0.0471213), (0.0605977, 0.0212399, 0.0474142), (0.0581853, 0.021612, 0.0477199), (0.0556594, 0.0219102, 0.0480266), (0.0530939, 0.0221493, 0.0483242), (0.050563, 0.022344, 0.048604), (0.0481408, 0.0225091, 0.0488591), (0.0459013, 0.0226594, 0.0490837), (0.043765, 0.0227738, 0.049288), (0.0416109, 0.022825, 0.0494842), (0.0394509, 0.0228191, 0.049671), (0.0372968, 0.022762, 0.0498473), (0.0351605, 0.0226594, 0.0500124), (0.0330538, 0.0225175, 0.0501657), (0.0309886, 0.022342, 0.0503068), (0.0289767, 0.0221389, 0.0504355), (0.0270301, 0.0219142, 0.0505518), (0.0251604, 0.0216736, 0.0506559), (0.0233002, 0.0214701, 0.050752), (0.0213994, 0.0213266, 0.0508426), (0.0194967, 0.0212049, 0.0509256), (0.0176305, 0.0210664, 0.0509995), (0.0158394, 0.0208727, 0.0510635), (0.0141618, 0.0205853, 0.0511172), (0.0126364, 0.0201658, 0.0511608), (0.0113016, 0.0195758, 0.0511949), (0.0101959, 0.0187768, 0.0512202), (0.0093578, 0.0177304, 0.0512377), (0.0085406, 0.0165654, 0.0505601), (0.0082724, 0.0148897, 0.0505649), (0.0082395, 0.0129707, 0.0505655), (0.0084, 0.0108714, 0.0505627), (0.0087121, 0.0086545, 0.050557), (0.0091338, 0.0063828, 0.0505489), (0.0096234, 0.004119, 0.0505391), (0.0101388, 0.001926, 0.0505283), (0.0106383, -0.0001335, 0.0505172), (0.01108, -0.0019966, 0.050507), (0.0114943, -0.0037337, 0.050497), (0.0119415, -0.0054488, 0.0504858), (0.0124245, -0.00713, 0.0504733), (0.0129465, -0.0087654, 0.0504591), (0.0135103, -0.010343, 0.0504432), (0.014119, -0.0118509, 0.0504253), (0.0147755, -0.013277, 0.0504051), (0.0154829, -0.0146095, 0.0503822), (0.0162442, -0.0158363, 0.0503565), (0.0170622, -0.0169455, 0.0503274), (0.0179212, -0.0179291, 0.0502953), (0.018809, -0.0187951, 0.0502606), (0.0197348, -0.0195555, 0.0502225), (0.0207074, -0.0202223, 0.0501805), (0.0217358, -0.0208073, 0.050134), (0.0228291, -0.0213225, 0.050082), (0.0239961, -0.0217799, 0.0500237), (0.0252459, -0.0221915, 0.0499581), (0.0265874, -0.0225692, 0.0498839), (0.0280296, -0.022925, 0.0497999), (0.0296279, -0.0232624, 0.0497016), (0.0314036, -0.0235708, 0.049586), (0.0333149, -0.0238414, 0.049454), (0.03532, -0.0240651, 0.0493073), (0.0373769, -0.024233, 0.0491478), (0.0394437, -0.0243362, 0.0489784), (0.0414787, -0.0243656, 0.0488027), (0.0434398, -0.0243123, 0.0486251), (0.0452853, -0.0241673, 0.0484504), (0.0469733, -0.0239216, 0.0482843), (0.0485432, -0.0236142, 0.0481244), (0.0500602, -0.0232758, 0.0479648), (0.0515213, -0.0228857, 0.0478065), (0.0529236, -0.0224227, 0.0476503), (0.0542642, -0.0218661, 0.047497), (0.0555399, -0.0211949, 0.0473476), (0.0567478, -0.0203882, 0.0472029), (0.0578849, -0.019425, 0.0470639), (0.0589482, -0.0182844, 0.0469314), (0.0599348, -0.0169455, 0.0468063), (0.0608336, -0.0153225, 0.0466905), (0.0616417, -0.0133896, 0.0465849), (0.0623681, -0.0112156, 0.0464888), (0.0630216, -0.0088691, 0.0464014), (0.0636114, -0.006419, 0.0463218), (0.0641463, -0.003934, 0.0462489), (0.0646353, -0.0014828, 0.0461817), (0.0650875, 0.0008656, 0.0461191), (0.0655117, 0.0030427, 0.04606), (0.065917, 0.0049795, 0.0460032), (0.0663856, 0.0067425, 0.0459371), (0.0669539, 0.0084397, 0.0458562), (0.0675621, 0.0100652, 0.045769), (0.0681504, 0.0116129, 0.0456838), (0.0686589, 0.0130769, 0.0456096), (0.0690278, 0.0144512, 0.0455554), (0.0691973, 0.0157298, 0.0455304), (0.0691075, 0.0169068, 0.0455437), (0.0686987, 0.0179761, 0.0456038), (0.0679111, 0.0189318, 0.0457185), (0.0666822, 0.0197565, 0.045895), (0.0650396, 0.0204467, 0.0461258), (0.063058, 0.0210172, 0.0463965), (0.0608122, 0.0214831, 0.0466933), (0.0583769, 0.0218593, 0.0470029), (0.055827, 0.0221608, 0.0473135), (0.0532372, 0.0224025, 0.0476148), (0.0506823, 0.0225993, 0.047898), (0.0482371, 0.0227662, 0.048156), (0.0459763, 0.0229182, 0.0483832), (0.0438197, 0.0230338, 0.0485897), (0.0416452, 0.0230856, 0.048788), (0.0394646, 0.0230796, 0.0489766), (0.0372901, 0.0230218, 0.0491547), (0.0351335, 0.0229182, 0.0493213), (0.0330068, 0.0227747, 0.0494758), (0.030922, 0.0225973, 0.049618), (0.0288911, 0.022392, 0.0497476), (0.0269259, 0.0221648, 0.0498646), (0.0250385, 0.0219216, 0.0499692), (0.0231606, 0.0217158, 0.0500658), (0.0212418, 0.0215708, 0.0501566), (0.019321, 0.0214477, 0.0502397), (0.0174371, 0.0213077, 0.0503136), (0.015629, 0.0211119, 0.0503774), (0.0139355, 0.0208214, 0.0504308), (0.0123956, 0.0203973, 0.050474), (0.0110481, 0.0198009, 0.0505077), (0.0099319, 0.0189931, 0.0505327), (0.0090859, 0.0179352, 0.0505499), (0.008453, 0.0166255, 0.0479238), (0.008184, 0.014944, 0.0479286), (0.008151, 0.0130185, 0.0479291), (0.008312, 0.010912, 0.0479263), (0.008625, 0.0086875, 0.0479207), (0.009048, 0.006408, 0.0479127), (0.009539, 0.0041365, 0.0479029), (0.010056, 0.001936, 0.0478921), (0.010557, -0.0001305, 0.0478811), (0.011, -0.002, 0.0478709), (0.0114155, -0.003743, 0.047861), (0.011864, -0.005464, 0.0478499), (0.0123485, -0.007151, 0.0478374), (0.012872, -0.008792, 0.0478233), (0.0134375, -0.010375, 0.0478074), (0.014048, -0.011888, 0.0477895), (0.0147065, -0.013319, 0.0477693), (0.015416, -0.014656, 0.0477465), (0.0161795, -0.015887, 0.0477208), (0.017, -0.017, 0.0476917), (0.0178615, -0.017987, 0.0476597), (0.018752, -0.018856, 0.0476249), (0.0196805, -0.019619, 0.0475869), (0.020656, -0.020288, 0.0475449), (0.0216875, -0.020875, 0.0474983), (0.022784, -0.021392, 0.0474463), (0.0239545, -0.021851, 0.0473879), (0.025208, -0.022264, 0.0473222), (0.0265535, -0.022643, 0.0472479), (0.028, -0.023, 0.0471637), (0.029603, -0.0233385, 0.0470652), (0.031384, -0.023648, 0.0469494), (0.033301, -0.0239195, 0.0468171), (0.035312, -0.024144, 0.0466699), (0.037375, -0.0243125, 0.04651), (0.039448, -0.024416, 0.0463401), (0.041489, -0.0244455, 0.0461639), (0.043456, -0.024392, 0.0459857), (0.045307, -0.0242465, 0.0458104), (0.047, -0.024, 0.0456437), (0.0485745, -0.0236915, 0.0454832), (0.050096, -0.023352, 0.0453231), (0.0515615, -0.0229605, 0.0451642), (0.052968, -0.022496, 0.0450074), (0.0543125, -0.0219375, 0.0448535), (0.055592, -0.021264, 0.0447035), (0.0568035, -0.0204545, 0.0445583), (0.057944, -0.019488, 0.0444187), (0.0590105, -0.0183435, 0.0442856), (0.06, -0.017, 0.04416), (0.0609015, -0.0153715, 0.0440437), (0.061712, -0.013432, 0.0439377), (0.0624405, -0.0112505, 0.0438413), (0.063096, -0.008896, 0.0437535), (0.0636875, -0.0064375, 0.0436735), (0.064224, -0.003944, 0.0436003), (0.0647145, -0.0014845, 0.0435328), (0.065168, 0.000872, 0.04347), (0.0655935, 0.0030565, 0.0434107), (0.066, 0.005, 0.0433536), (0.06647, 0.006769, 0.0432872), (0.06704, 0.008472, 0.043206), (0.06765, 0.010103, 0.0431184), (0.06824, 0.011656, 0.0430329), (0.06875, 0.013125, 0.0429583), (0.06912, 0.014504, 0.0429039), (0.06929, 0.015787, 0.0428788), (0.0692, 0.016968, 0.0428921), (0.06879, 0.018041, 0.0429525), (0.068, 0.019, 0.0430677), (0.0667675, 0.0198275, 0.0432449), (0.06512, 0.02052, 0.0434767), (0.0631325, 0.0210925, 0.0437486), (0.06088, 0.02156, 0.0440465), (0.0584375, 0.0219375, 0.0443574), (0.05588, 0.02224, 0.0446693), (0.0532825, 0.0224825, 0.0449717), (0.05072, 0.02268, 0.045256), (0.0482675, 0.0228475, 0.0455149), (0.046, 0.023, 0.0457429), (0.043837, 0.023116, 0.0459502), (0.041656, 0.023168, 0.0461491), (0.039469, 0.023162, 0.0463383), (0.037288, 0.023104, 0.0465169), (0.035125, 0.023, 0.046684), (0.032992, 0.022856, 0.046839), (0.030901, 0.022678, 0.0469815), (0.028864, 0.022472, 0.0471113), (0.026893, 0.022244, 0.0472286), (0.025, 0.022, 0.0473333), (0.0231165, 0.0217935, 0.04743), (0.021192, 0.021648, 0.047521), (0.0192655, 0.0215245, 0.0476041), (0.017376, 0.021384, 0.0476779), (0.0155625, 0.0211875, 0.0477417), (0.013864, 0.020896, 0.047795), (0.0123195, 0.0204705, 0.0478381), (0.010968, 0.019872, 0.0478717), (0.0098485, 0.0190615, 0.0478965), (0.009, 0.018, 0.0479136), (0.0085406, 0.0165654, 0.0452843), (0.0082724, 0.0148897, 0.0452891), (0.0082395, 0.0129707, 0.0452897), (0.0084, 0.0108714, 0.0452868), (0.0087121, 0.0086545, 0.0452811), (0.0091338, 0.0063828, 0.0452731), (0.0096234, 0.004119, 0.0452633), (0.0101388, 0.001926, 0.0452524), (0.0106383, -0.0001335, 0.0452414), (0.01108, -0.0019966, 0.0452311), (0.0114943, -0.0037337, 0.0452211), (0.0119415, -0.0054488, 0.04521), (0.0124245, -0.00713, 0.0451974), (0.0129465, -0.0087654, 0.0451833), (0.0135103, -0.010343, 0.0451674), (0.014119, -0.0118509, 0.0451494), (0.0147755, -0.013277, 0.0451292), (0.0154829, -0.0146095, 0.0451064), (0.0162442, -0.0158363, 0.0450806), (0.0170622, -0.0169455, 0.0450515), (0.0179212, -0.0179291, 0.0450195), (0.018809, -0.0187951, 0.0449847), (0.0197348, -0.0195555, 0.0449466), (0.0207074, -0.0202223, 0.0449047), (0.0217358, -0.0208073, 0.0448581), (0.0228291, -0.0213225, 0.0448062), (0.0239961, -0.0217799, 0.0447479), (0.0252459, -0.0221915, 0.0446822), (0.0265874, -0.0225692, 0.0446081), (0.0280296, -0.022925, 0.044524), (0.0296279, -0.0232624, 0.0444257), (0.0314036, -0.0235708, 0.0443101), (0.0333149, -0.0238414, 0.0441782), (0.03532, -0.0240651, 0.0440314), (0.0373769, -0.024233, 0.0438719), (0.0394437, -0.0243362, 0.0437025), (0.0414787, -0.0243656, 0.0435269), (0.0434398, -0.0243123, 0.0433493), (0.0452853, -0.0241673, 0.0431746), (0.0469733, -0.0239216, 0.0430085), (0.0485432, -0.0236142, 0.0428485), (0.0500602, -0.0232758, 0.042689), (0.0515213, -0.0228857, 0.0425307), (0.0529236, -0.0224227, 0.0423744), (0.0542642, -0.0218661, 0.0422212), (0.0555399, -0.0211949, 0.0420718), (0.0567478, -0.0203882, 0.0419271), (0.0578849, -0.019425, 0.041788), (0.0589482, -0.0182844, 0.0416555), (0.0599348, -0.0169455, 0.0415304), (0.0608336, -0.0153225, 0.0414146), (0.0616417, -0.0133896, 0.0413091), (0.0623681, -0.0112156, 0.041213), (0.0630216, -0.0088691, 0.0411256), (0.0636114, -0.006419, 0.0410459), (0.0641463, -0.003934, 0.040973), (0.0646353, -0.0014828, 0.0409058), (0.0650875, 0.0008656, 0.0408433), (0.0655117, 0.0030427, 0.0407842), (0.065917, 0.0049795, 0.0407274), (0.0663856, 0.0067425, 0.0406612), (0.0669539, 0.0084397, 0.0405804), (0.0675621, 0.0100652, 0.0404931), (0.0681504, 0.0116129, 0.040408), (0.0686589, 0.0130769, 0.0403338), (0.0690278, 0.0144512, 0.0402796), (0.0691973, 0.0157298, 0.0402546), (0.0691075, 0.0169068, 0.0402678), (0.0686987, 0.0179761, 0.0403279), (0.0679111, 0.0189318, 0.0404427), (0.0666822, 0.0197565, 0.0406191), (0.0650396, 0.0204467, 0.0408499), (0.063058, 0.0210172, 0.0411207), (0.0608122, 0.0214831, 0.0414174), (0.0583769, 0.0218593, 0.041727), (0.055827, 0.0221608, 0.0420376), (0.0532372, 0.0224025, 0.0423389), (0.0506823, 0.0225993, 0.0426221), (0.0482371, 0.0227662, 0.0428801), (0.0459763, 0.0229182, 0.0431073), (0.0438197, 0.0230338, 0.0433139), (0.0416452, 0.0230856, 0.0435121), (0.0394646, 0.0230796, 0.0437008), (0.0372901, 0.0230218, 0.0438788), (0.0351335, 0.0229182, 0.0440454), (0.0330068, 0.0227747, 0.0442), (0.030922, 0.0225973, 0.0443422), (0.0288911, 0.022392, 0.0444717), (0.0269259, 0.0221648, 0.0445887), (0.0250385, 0.0219216, 0.0446934), (0.0231606, 0.0217158, 0.0447899), (0.0212418, 0.0215708, 0.0448808), (0.019321, 0.0214477, 0.0449639), (0.0174371, 0.0213077, 0.0450378), (0.015629, 0.0211119, 0.0451015), (0.0139355, 0.0208214, 0.0451549), (0.0123956, 0.0203973, 0.0451982), (0.0110481, 0.0198009, 0.0452319), (0.0099319, 0.0189931, 0.0452569), (0.0090859, 0.0179352, 0.045274), (0.0088176, 0.0163754, 0.044586), (0.0085519, 0.0147177, 0.0445909), (0.0085193, 0.0128196, 0.0445915), (0.0086783, 0.010743, 0.0445886), (0.0089875, 0.00855, 0.0445827), (0.0094053, 0.0063029, 0.0445745), (0.0098902, 0.0040636, 0.0445646), (0.0104008, 0.0018943, 0.0445535), (0.0108956, -0.0001428, 0.0445423), (0.0113332, -0.0019858, 0.0445319), (0.0117435, -0.0037041, 0.0445218), (0.0121865, -0.0054007, 0.0445105), (0.012665, -0.0070637, 0.0444978), (0.0131821, -0.0086814, 0.0444835), (0.0137406, -0.010242, 0.0444675), (0.0143436, -0.0117335, 0.0444494), (0.0149939, -0.0131442, 0.0444291), (0.0156947, -0.0144622, 0.0444062), (0.0164488, -0.0156757, 0.0443803), (0.0172591, -0.016773, 0.0443512), (0.01811, -0.0177459, 0.0443191), (0.0189895, -0.0186026, 0.0442843), (0.0199066, -0.0193548, 0.0442462), (0.02087, -0.0200143, 0.0442043), (0.0218888, -0.020593, 0.0441578), (0.0229718, -0.0211026, 0.044106), (0.0241278, -0.0215551, 0.0440479), (0.0253658, -0.0219623, 0.0439826), (0.0266947, -0.0223359, 0.0439088), (0.0281234, -0.0226878, 0.0438252), (0.0297066, -0.0230215, 0.0437276), (0.0314656, -0.0233266, 0.0436128), (0.033359, -0.0235943, 0.0434819), (0.0353452, -0.0238156, 0.0433363), (0.0373827, -0.0239817, 0.0431783), (0.0394301, -0.0240837, 0.0430105), (0.0414459, -0.0241128, 0.0428366), (0.0433887, -0.0240601, 0.0426608), (0.0452168, -0.0239166, 0.042488), (0.0468889, -0.0236736, 0.0423238), (0.048444, -0.0233695, 0.0421656), (0.0499467, -0.0230348, 0.0420079), (0.0513942, -0.0226489, 0.0418514), (0.0527833, -0.022191, 0.0416971), (0.0541112, -0.0216404, 0.0415457), (0.0553749, -0.0209764, 0.0413981), (0.0565715, -0.0201784, 0.0412552), (0.0576979, -0.0192256, 0.0411179), (0.0587512, -0.0180974, 0.0409871), (0.0597285, -0.016773, 0.0408636), (0.0606189, -0.0151676, 0.0407493), (0.0614194, -0.0132556, 0.0406451), (0.0621389, -0.011105, 0.0405502), (0.0627863, -0.008784, 0.040464), (0.0633705, -0.0063603, 0.0403854), (0.0639004, -0.0039022, 0.0403134), (0.0643849, -0.0014776, 0.0402471), (0.0648328, 0.0008454, 0.0401854), (0.065253, 0.0029989, 0.0401271), (0.0656545, 0.0049149, 0.040071), (0.0661187, 0.0066588, 0.0400058), (0.0666817, 0.0083376, 0.039926), (0.0672841, 0.0099454, 0.0398399), (0.0678669, 0.0114764, 0.0397559), (0.0683706, 0.0129246, 0.0396827), (0.068736, 0.014284, 0.0396293), (0.0689039, 0.0155488, 0.0396046), (0.068815, 0.016713, 0.0396177), (0.0684101, 0.0177708, 0.039677), (0.0676298, 0.0187162, 0.0397902), (0.0664125, 0.019532, 0.0399642), (0.0647854, 0.0202146, 0.0401919), (0.0628224, 0.020779, 0.0404591), (0.0605977, 0.0212399, 0.040752), (0.0581853, 0.021612, 0.0410577), (0.0556594, 0.0219102, 0.0413644), (0.0530939, 0.0221493, 0.041662), (0.050563, 0.022344, 0.0419418), (0.0481408, 0.0225091, 0.0421969), (0.0459013, 0.0226594, 0.0424215), (0.043765, 0.0227738, 0.0426258), (0.0416109, 0.022825, 0.042822), (0.0394509, 0.0228191, 0.0430088), (0.0372968, 0.022762, 0.0431851), (0.0351605, 0.0226594, 0.0433502), (0.0330538, 0.0225175, 0.0435035), (0.0309886, 0.022342, 0.0436446), (0.0289767, 0.0221389, 0.0437733), (0.0270301, 0.0219142, 0.0438896), (0.0251604, 0.0216736, 0.0439936), (0.0233002, 0.0214701, 0.0440898), (0.0213994, 0.0213266, 0.0441804), (0.0194967, 0.0212049, 0.0442634), (0.0176305, 0.0210664, 0.0443373), (0.0158394, 0.0208727, 0.0444013), (0.0141618, 0.0205853, 0.044455), (0.0126364, 0.0201658, 0.0444986), (0.0113016, 0.0195758, 0.0445327), (0.0101959, 0.0187768, 0.044558), (0.0093578, 0.0177304, 0.0445755), (0.0093566, 0.0160056, 0.0442192), (0.0090958, 0.0143833, 0.0442244), (0.0090638, 0.0125255, 0.044225), (0.0092199, 0.0104931, 0.044222), (0.0095233, 0.0083468, 0.0442159), (0.0099334, 0.0061475, 0.0442074), (0.0104094, 0.0039559, 0.044197), (0.0109106, 0.0018327, 0.0441856), (0.0113962, -0.0001611, 0.0441741), (0.0118257, -0.0019648, 0.0441635), (0.0122285, -0.0036465, 0.0441531), (0.0126633, -0.005307, 0.0441416), (0.0131329, -0.0069347, 0.0441287), (0.0136404, -0.008518, 0.0441142), (0.0141886, -0.0100453, 0.0440979), (0.0147805, -0.0115051, 0.0440796), (0.0154188, -0.0128858, 0.044059), (0.0161066, -0.0141757, 0.0440359), (0.0168468, -0.0153635, 0.0440099), (0.0176422, -0.0164373, 0.0439806), (0.0184774, -0.0173896, 0.0439485), (0.0193406, -0.018228, 0.0439136), (0.0202407, -0.0189642, 0.0438756), (0.0211864, -0.0196097, 0.0438338), (0.0221864, -0.020176, 0.0437876), (0.0232493, -0.0206749, 0.0437361), (0.024384, -0.0211177, 0.0436784), (0.0255992, -0.0215162, 0.0436136), (0.0269035, -0.0218819, 0.0435406), (0.0283058, -0.0222263, 0.043458), (0.0298598, -0.0225529, 0.0433616), (0.0315863, -0.0228515, 0.0432484), (0.0334447, -0.0231135, 0.0431195), (0.0353942, -0.0233301, 0.0429764), (0.0373941, -0.0234926, 0.0428211), (0.0394037, -0.0235925, 0.0426565), (0.0413823, -0.023621, 0.042486), (0.0432892, -0.0235693, 0.0423137), (0.0450835, -0.023429, 0.0421446), (0.0467248, -0.0231911, 0.0419839), (0.0482511, -0.0228935, 0.0418292), (0.0497261, -0.0225659, 0.0416751), (0.0511468, -0.0221882, 0.0415222), (0.0525103, -0.02174, 0.0413715), (0.0538136, -0.0212012, 0.0412237), (0.055054, -0.0205514, 0.0410796), (0.0562285, -0.0197703, 0.0409402), (0.0573341, -0.0188378, 0.0408063), (0.058368, -0.0177336, 0.0406787), (0.0593272, -0.0164373, 0.0405583), (0.0602012, -0.0148661, 0.0404468), (0.0609869, -0.0129948, 0.0403453), (0.0616931, -0.01089, 0.0402529), (0.0623285, -0.0086183, 0.0401688), (0.062902, -0.0062463, 0.0400922), (0.063422, -0.0038405, 0.0400221), (0.0638975, -0.0014675, 0.0399575), (0.0643372, 0.0008062, 0.0398974), (0.0647497, 0.0029138, 0.0398406), (0.0651437, 0.004789, 0.039786), (0.0655994, 0.0064958, 0.0397225), (0.0661519, 0.0081389, 0.0396448), (0.0667433, 0.0097125, 0.039561), (0.0673152, 0.0112109, 0.0394792), (0.0678096, 0.0126283, 0.0394079), (0.0681683, 0.0139588, 0.0393559), (0.0683331, 0.0151966, 0.0393319), (0.0682459, 0.0163361, 0.0393446), (0.0678484, 0.0173714, 0.0394023), (0.0670826, 0.0182966, 0.0395125), (0.0658878, 0.019095, 0.039682), (0.0642906, 0.0197632, 0.0399038), (0.0623639, 0.0203156, 0.0401641), (0.0601803, 0.0207666, 0.0404495), (0.0578125, 0.0211308, 0.0407475), (0.0553332, 0.0214227, 0.0410467), (0.0528151, 0.0216567, 0.0413372), (0.050331, 0.0218472, 0.0416105), (0.0479535, 0.0220088, 0.0418598), (0.0457554, 0.022156, 0.0420795), (0.0436585, 0.0222679, 0.0422795), (0.0415442, 0.0223181, 0.0424716), (0.0394241, 0.0223123, 0.0426547), (0.0373098, 0.0222563, 0.0428278), (0.0352129, 0.022156, 0.04299), (0.0331451, 0.022017, 0.0431408), (0.0311181, 0.0218453, 0.0432797), (0.0291434, 0.0216465, 0.0434067), (0.0272327, 0.0214266, 0.0435216), (0.0253976, 0.0211911, 0.0436246), (0.0235717, 0.0209919, 0.04372), (0.021706, 0.0208515, 0.0438101), (0.0198384, 0.0207324, 0.0438928), (0.0180067, 0.0205968, 0.0439668), (0.0162487, 0.0204072, 0.044031), (0.0146021, 0.020126, 0.0440852), (0.0131048, 0.0197154, 0.0441294), (0.0117947, 0.019138, 0.0441642), (0.0107094, 0.018356, 0.0441903), (0.0098868, 0.0173318, 0.0442084), (0.0114077, 0.0145986, 0.0440612), (0.0111656, 0.0131104, 0.044067), (0.0111359, 0.0114064, 0.0440677), (0.0112808, 0.0095421, 0.0440643), (0.0115625, 0.0075734, 0.0440574), (0.0119432, 0.0055561, 0.0440479), (0.0123851, 0.0035458, 0.0440364), (0.0128504, 0.0015984, 0.0440239), (0.0133013, -0.0002305, 0.0440113), (0.0137, -0.001885, 0.0439998), (0.0140739, -0.0034276, 0.0439887), (0.0144776, -0.0049506, 0.0439764), (0.0149136, -0.0064436, 0.0439628), (0.0153848, -0.0078959, 0.0439475), (0.0158937, -0.0092969, 0.0439305), (0.0164432, -0.0106359, 0.0439116), (0.0170358, -0.0119023, 0.0438904), (0.0176744, -0.0130856, 0.0438668), (0.0183615, -0.014175, 0.0438404), (0.0191, -0.01516, 0.0438109), (0.0198753, -0.0160335, 0.0437786), (0.0206768, -0.0168026, 0.043744), (0.0215124, -0.0174778, 0.0437064), (0.0223904, -0.0180699, 0.0436652), (0.0233187, -0.0185894, 0.04362), (0.0243056, -0.0190469, 0.0435699), (0.025359, -0.0194531, 0.043514), (0.0264872, -0.0198186, 0.0434517), (0.0276981, -0.0201541, 0.0433817), (0.029, -0.02047, 0.0433029), (0.0304427, -0.0207696, 0.0432115), (0.0320456, -0.0210435, 0.0431046), (0.0337709, -0.0212838, 0.0429835), (0.0355808, -0.0214824, 0.0428496), (0.0374375, -0.0216316, 0.042705), (0.0393032, -0.0217232, 0.0425523), (0.0411401, -0.0217493, 0.0423947), (0.0429104, -0.0217019, 0.0422359), (0.0445763, -0.0215732, 0.0420805), (0.0461, -0.021355, 0.0419331), (0.0475171, -0.021082, 0.0417916), (0.0488864, -0.0207815, 0.0416508), (0.0502054, -0.020435, 0.0415114), (0.0514712, -0.020024, 0.0413741), (0.0526813, -0.0195297, 0.0412397), (0.0538328, -0.0189336, 0.0411088), (0.0549232, -0.0182172, 0.0409823), (0.0559496, -0.0173619, 0.040861), (0.0569095, -0.016349, 0.0407454), (0.0578, -0.01516, 0.0406364), (0.0586114, -0.0137188, 0.0405357), (0.0593408, -0.0120023, 0.0404439), (0.0599965, -0.0100717, 0.0403605), (0.0605864, -0.007988, 0.0402846), (0.0611188, -0.0058122, 0.0402155), (0.0616016, -0.0036054, 0.0401523), (0.0620431, -0.0014288, 0.040094), (0.0624512, 0.0006567, 0.0400398), (0.0628342, 0.00259, 0.0399887), (0.0632, 0.00431, 0.0399395), (0.063623, 0.0058756, 0.0398823), (0.064136, 0.0073827, 0.0398123), (0.064685, 0.0088262, 0.0397369), (0.065216, 0.0102006, 0.0396633), (0.065675, 0.0115006, 0.0395992), (0.066008, 0.012721, 0.0395525), (0.066161, 0.0138565, 0.0395309), (0.06608, 0.0149017, 0.0395423), (0.065711, 0.0158513, 0.0395942), (0.065, 0.0167, 0.0396933), (0.0638908, 0.0174323, 0.0398458), (0.062408, 0.0180452, 0.0400456), (0.0606193, 0.0185519, 0.0402803), (0.058592, 0.0189656, 0.0405381), (0.0563938, 0.0192997, 0.0408077), (0.054092, 0.0195674, 0.041079), (0.0517543, 0.019782, 0.0413429), (0.049448, 0.0199568, 0.0415919), (0.0472408, 0.020105, 0.0418195), (0.0452, 0.02024, 0.0420208), (0.0432533, 0.0203427, 0.0422044), (0.0412904, 0.0203887, 0.0423814), (0.0393221, 0.0203834, 0.0425507), (0.0373592, 0.020332, 0.0427112), (0.0354125, 0.02024, 0.0428624), (0.0334928, 0.0201126, 0.0430034), (0.0316109, 0.019955, 0.0431341), (0.0297776, 0.0197727, 0.0432542), (0.0280037, 0.0195709, 0.0433635), (0.0263, 0.019355, 0.0434622), (0.0246048, 0.0191723, 0.0435542), (0.0228728, 0.0190435, 0.043642), (0.0211389, 0.0189342, 0.0437234), (0.0194384, 0.0188098, 0.043797), (0.0178062, 0.0186359, 0.0438618), (0.0162776, 0.018378, 0.0439174), (0.0148875, 0.0180014, 0.0439636), (0.0136712, 0.0174717, 0.0440006), (0.0126636, 0.0167544, 0.0440289), (0.0119, 0.015815, 0.0440489), (0.0134588, 0.0131915, 0.0441194), (0.0132354, 0.0118376, 0.0441258), (0.013208, 0.0102872, 0.0441265), (0.0133417, 0.0085912, 0.0441228), (0.0136017, 0.0068001, 0.0441153), (0.013953, 0.0049647, 0.044105), (0.0143608, 0.0031357, 0.0440926), (0.0147902, 0.001364, 0.0440793), (0.0152064, -0.0002999, 0.044066), (0.0155743, -0.0018052, 0.0440539), (0.0159194, -0.0032086, 0.0440423), (0.0162919, -0.0045943, 0.0440295), (0.0166944, -0.0059526, 0.0440153), (0.0171292, -0.0072739, 0.0439997), (0.0175989, -0.0085485, 0.0439823), (0.0181059, -0.0097667, 0.0439629), (0.0186529, -0.0109189, 0.0439415), (0.0192422, -0.0119954, 0.0439177), (0.0198763, -0.0129865, 0.0438912), (0.0205578, -0.0138827, 0.0438618), (0.0212733, -0.0146774, 0.0438299), (0.022013, -0.0153771, 0.0437957), (0.0227842, -0.0159914, 0.0437589), (0.0235944, -0.0165301, 0.0437188), (0.0244511, -0.0170027, 0.0436749), (0.0253619, -0.017419, 0.0436265), (0.0263341, -0.0177886, 0.0435729), (0.0273752, -0.0181211, 0.0435133), (0.0284928, -0.0184263, 0.0434467), (0.0296942, -0.0187137, 0.0433721), (0.0310256, -0.0189862, 0.0432859), (0.0325049, -0.0192354, 0.0431856), (0.0340971, -0.019454, 0.0430725), (0.0357674, -0.0196348, 0.042948), (0.0374809, -0.0197705, 0.0428142), (0.0392027, -0.0198538, 0.0426733), (0.0408979, -0.0198776, 0.0425285), (0.0425316, -0.0198345, 0.0423831), (0.0440691, -0.0197173, 0.0422411), (0.0454752, -0.0195189, 0.0421068), (0.046783, -0.0192705, 0.0419781), (0.0480467, -0.0189971, 0.0418502), (0.0492639, -0.0186819, 0.0417239), (0.0504321, -0.0183079, 0.0415997), (0.0515489, -0.0178582, 0.0414782), (0.0526116, -0.0173159, 0.0413601), (0.0536178, -0.0166641, 0.0412461), (0.0545651, -0.0158859, 0.0411368), (0.0554509, -0.0149644, 0.0410328), (0.0562728, -0.0138827, 0.0409349), (0.0570215, -0.0125715, 0.0408444), (0.0576947, -0.0110098, 0.040762), (0.0582998, -0.0092534, 0.0406872), (0.0588443, -0.0073576, 0.0406191), (0.0593355, -0.0053781, 0.0405572), (0.0597812, -0.0033704, 0.0405006), (0.0601886, -0.0013901, 0.0404485), (0.0605652, 0.0005073, 0.0403999), (0.0609186, 0.0022662, 0.0403541), (0.0612563, 0.003831, 0.0403101), (0.0616466, 0.0052554, 0.040259), (0.0621201, 0.0066266, 0.0401965), (0.0626267, 0.0079398, 0.040129), (0.0631168, 0.0091902, 0.0400633), (0.0635404, 0.010373, 0.0400061), (0.0638477, 0.0114833, 0.0399643), (0.0639889, 0.0125164, 0.0399451), (0.0639141, 0.0134673, 0.0399553), (0.0635736, 0.0143312, 0.0400016), (0.0629174, 0.0151034, 0.0400901), (0.0618937, 0.0157696, 0.0402264), (0.0605254, 0.0163272, 0.0404051), (0.0588746, 0.0167882, 0.0406153), (0.0570037, 0.0171646, 0.0408466), (0.054975, 0.0174685, 0.0410889), (0.0528508, 0.0177121, 0.0413332), (0.0506934, 0.0179074, 0.0415715), (0.048565, 0.0180664, 0.0417968), (0.046528, 0.0182012, 0.0420034), (0.0446446, 0.018324, 0.0421866), (0.0428481, 0.0184174, 0.0423543), (0.0410366, 0.0184593, 0.0425164), (0.0392201, 0.0184545, 0.0426719), (0.0374086, 0.0184078, 0.0428199), (0.0356121, 0.018324, 0.0429599), (0.0338405, 0.0182081, 0.0430911), (0.0321037, 0.0180648, 0.0432133), (0.0304118, 0.0178989, 0.0433261), (0.0287747, 0.0177153, 0.0434294), (0.0272024, 0.0175189, 0.0435233), (0.025638, 0.0173526, 0.0436115), (0.0240396, 0.0172354, 0.0436962), (0.0224395, 0.017136, 0.0437755), (0.0208701, 0.0170229, 0.043848), (0.0193638, 0.0168647, 0.0439127), (0.0179531, 0.01663, 0.0439688), (0.0166703, 0.0162874, 0.0440162), (0.0155477, 0.0158055, 0.0440548), (0.0146179, 0.0151529, 0.0440847), (0.0139132, 0.0142982, 0.0441061), (0.0139978, 0.0128217, 0.0444599), (0.0137793, 0.0115031, 0.0444664), (0.0137525, 0.0099932, 0.0444672), (0.0138833, 0.0083413, 0.0444633), (0.0141375, 0.0065968, 0.0444557), (0.0144811, 0.0048093, 0.0444452), (0.01488, 0.003028, 0.0444327), (0.0153, 0.0013024, 0.0444192), (0.015707, -0.0003181, 0.0444057), (0.0160668, -0.0017842, 0.0443935), (0.0164044, -0.003151, 0.0443819), (0.0167687, -0.0045006, 0.044369), (0.0171623, -0.0058236, 0.0443547), (0.0175875, -0.0071104, 0.044339), (0.0180469, -0.0083518, 0.0443215), (0.0185428, -0.0095383, 0.0443021), (0.0190778, -0.0106604, 0.0442807), (0.0196541, -0.0117089, 0.0442569), (0.0202743, -0.0126742, 0.0442304), (0.0209409, -0.013547, 0.0442011), (0.0216407, -0.014321, 0.0441694), (0.0223641, -0.0150025, 0.0441354), (0.0231183, -0.0156008, 0.0440988), (0.0239108, -0.0161255, 0.0440591), (0.0247487, -0.0165858, 0.0440156), (0.0256394, -0.0169912, 0.0439677), (0.0265903, -0.0173512, 0.0439147), (0.0276086, -0.017675, 0.0438559), (0.0287016, -0.0179722, 0.0437902), (0.0298766, -0.0182522, 0.0437168), (0.0311788, -0.0185176, 0.043632), (0.0326256, -0.0187603, 0.0435335), (0.0341828, -0.0189733, 0.0434225), (0.0358164, -0.0191493, 0.0433006), (0.0374923, -0.0192814, 0.0431695), (0.0391763, -0.0193626, 0.0430318), (0.0408343, -0.0193857, 0.0428903), (0.0424321, -0.0193438, 0.0427484), (0.0439358, -0.0192297, 0.0426099), (0.0453111, -0.0190364, 0.0424789), (0.0465901, -0.0187945, 0.0423536), (0.0478261, -0.0185282, 0.0422291), (0.0490165, -0.0182212, 0.0421061), (0.0501591, -0.017857, 0.0419852), (0.0512513, -0.017419, 0.0418671), (0.0522907, -0.0168908, 0.0417523), (0.0532748, -0.016256, 0.0416415), (0.0542013, -0.0154981, 0.0415353), (0.0550677, -0.0146006, 0.0414343), (0.0558715, -0.013547, 0.0413392), (0.0566038, -0.01227, 0.0412513), (0.0572622, -0.0107491, 0.0411713), (0.057854, -0.0090383, 0.0410987), (0.0583865, -0.007192, 0.0410327), (0.058867, -0.005264, 0.0409726), (0.0593028, -0.0033087, 0.0409176), (0.0597012, -0.0013799, 0.040867), (0.0600696, 0.000468, 0.04082), (0.0604153, 0.0021811, 0.0407756), (0.0607455, 0.0037051, 0.0407329), (0.0611273, 0.0050924, 0.0406832), (0.0615903, 0.0064279, 0.0406226), (0.0620859, 0.0077069, 0.0405573), (0.0625651, 0.0089247, 0.0404935), (0.0629794, 0.0100767, 0.0404381), (0.06328, 0.0111581, 0.0403976), (0.0634181, 0.0121642, 0.0403789), (0.063345, 0.0130903, 0.0403888), (0.0630119, 0.0139318, 0.0404337), (0.0623702, 0.0146838, 0.0405195), (0.061369, 0.0153327, 0.0406517), (0.0600306, 0.0158758, 0.040825), (0.0584161, 0.0163247, 0.041029), (0.0565863, 0.0166913, 0.0412534), (0.0546022, 0.0169874, 0.0414887), (0.0525246, 0.0172246, 0.0417261), (0.0504146, 0.0174147, 0.0419578), (0.048333, 0.0175696, 0.0421771), (0.0463407, 0.017701, 0.0423783), (0.0444987, 0.0178206, 0.0425568), (0.0427416, 0.0179115, 0.0427203), (0.0409699, 0.0179523, 0.0428785), (0.0391933, 0.0179476, 0.0430304), (0.0374216, 0.0179021, 0.0431752), (0.0356645, 0.0178206, 0.0433121), (0.0339318, 0.0177076, 0.0434408), (0.0322332, 0.0175681, 0.0435607), (0.0305785, 0.0174065, 0.0436715), (0.0289773, 0.0172277, 0.0437732), (0.0274396, 0.0170364, 0.0438658), (0.0259095, 0.0168744, 0.0439528), (0.0243462, 0.0167603, 0.0440366), (0.0227812, 0.0166635, 0.0441153), (0.0212463, 0.0165533, 0.0441874), (0.0197731, 0.0163992, 0.0442519), (0.0183934, 0.0161706, 0.044308), (0.0171387, 0.015837, 0.0443556), (0.0160408, 0.0153676, 0.0443944), (0.0151314, 0.014732, 0.0444247), (0.0144422, 0.0138996, 0.0444464), (0.0142748, 0.0126317, 0.0451447), (0.0140588, 0.0113312, 0.0451512), (0.0140323, 0.009842, 0.045152), (0.0141616, 0.0082128, 0.0451482), (0.0144129, 0.0064924, 0.0451405), (0.0147526, 0.0047294, 0.0451299), (0.0151468, 0.0029726, 0.0451174), (0.015562, 0.0012707, 0.0451038), (0.0159643, -0.0003275, 0.0450902), (0.01632, -0.0017734, 0.045078), (0.0166536, -0.0031215, 0.0450662), (0.0170137, -0.0044525, 0.0450533), (0.0174028, -0.0057572, 0.045039), (0.0178231, -0.0070264, 0.0450232), (0.0182772, -0.0082507, 0.0450057), (0.0187674, -0.0094209, 0.0449864), (0.0192962, -0.0105276, 0.0449649), (0.0198659, -0.0115617, 0.0449411), (0.0204789, -0.0125137, 0.0449147), (0.0211378, -0.0133745, 0.0448855), (0.0218295, -0.0141379, 0.0448538), (0.0225446, -0.01481, 0.0448199), (0.0232901, -0.0154001, 0.0447835), (0.0240734, -0.0159175, 0.0447439), (0.0249017, -0.0163715, 0.0447006), (0.0257821, -0.0167713, 0.044653), (0.026722, -0.0171263, 0.0446004), (0.0277285, -0.0174458, 0.0445419), (0.0288089, -0.0177389, 0.0444768), (0.0299704, -0.018015, 0.044404), (0.0312575, -0.0182768, 0.0443199), (0.0326876, -0.0185162, 0.0442224), (0.0342269, -0.0187261, 0.0441125), (0.0358416, -0.0188998, 0.0439918), (0.0374981, -0.0190301, 0.0438622), (0.0391627, -0.0191101, 0.0437261), (0.0408015, -0.0191329, 0.0435863), (0.042381, -0.0190916, 0.0434462), (0.0438673, -0.018979, 0.0433094), (0.0452267, -0.0187884, 0.0431803), (0.0464909, -0.0185498, 0.0430566), (0.0477126, -0.0182872, 0.0429338), (0.0488894, -0.0179844, 0.0428126), (0.0500188, -0.0176252, 0.0426934), (0.0510983, -0.0171932, 0.042577), (0.0521257, -0.0166723, 0.0424638), (0.0530985, -0.0160463, 0.0423547), (0.0540143, -0.0152988, 0.04225), (0.0548707, -0.0144136, 0.0421506), (0.0556652, -0.0133745, 0.0420569), (0.0563891, -0.012115, 0.0419704), (0.0570399, -0.010615, 0.0418916), (0.0576248, -0.0089278, 0.0418201), (0.0581512, -0.0071068, 0.0417551), (0.0586261, -0.0052054, 0.0416959), (0.0590569, -0.0032769, 0.0416418), (0.0594508, -0.0013747, 0.0415921), (0.0598149, 0.0004478, 0.0415457), (0.0601566, 0.0021373, 0.041502), (0.060483, 0.0036405, 0.04146), (0.0608604, 0.0050086, 0.0414112), (0.0613181, 0.0063257, 0.0413515), (0.0618079, 0.0075872, 0.0412872), (0.0622816, 0.0087883, 0.0412245), (0.0626911, 0.0099244, 0.0411699), (0.0629882, 0.0109909, 0.0411301), (0.0631247, 0.0119832, 0.0411117), (0.0630525, 0.0128966, 0.0411214), (0.0627233, 0.0137265, 0.0411656), (0.0620889, 0.0144682, 0.04125), (0.0610993, 0.0151082, 0.0413801), (0.0597764, 0.0156437, 0.0415506), (0.0581805, 0.0160865, 0.0417514), (0.0563718, 0.0164481, 0.0419724), (0.0544106, 0.0167401, 0.0422042), (0.052357, 0.016974, 0.0424381), (0.0502713, 0.0171616, 0.0426664), (0.0482137, 0.0173143, 0.0428825), (0.0462444, 0.0174439, 0.043081), (0.0444237, 0.0175618, 0.043257), (0.0426869, 0.0176515, 0.0434184), (0.0409356, 0.0176917, 0.0435746), (0.0391796, 0.0176871, 0.0437247), (0.0374283, 0.0176422, 0.0438678), (0.0356915, 0.0175618, 0.0440033), (0.0339788, 0.0174504, 0.0441305), (0.0322998, 0.0173128, 0.0442492), (0.0306641, 0.0171534, 0.0443591), (0.0290815, 0.0169771, 0.04446), (0.0275615, 0.0167884, 0.0445518), (0.0260491, 0.0166287, 0.0446383), (0.0245038, 0.0165162, 0.0447216), (0.0229569, 0.0164206, 0.0447999), (0.0214397, 0.016312, 0.0448718), (0.0199835, 0.01616, 0.0449361), (0.0186197, 0.0159345, 0.0449923), (0.0173795, 0.0156055, 0.0450399), (0.0162943, 0.0151426, 0.0450789), (0.0153954, 0.0145157, 0.0451093), (0.0147141, 0.0136948, 0.0451311)]
  int[] faceVertexCounts = [3, 3, 3, 3, 3, 3, 3, 3, 3, 3, 3, 3, 3, 3, 3, 3, 3, 3, 3, 3, 3, 3, 3, 3, 3, 3, 3, 3, 3, 3, 3, 3, 3, 3, 3, 3, 3, 3, 3, 3, 3, 3, 3, 3, 3, 3, 3, 3, 3, 3, 3, 3, 3, 3, 3, 3, 3, 3, 3, 3, 3, 3, 3, 3, 3, 3, 3, 3, 3, 3, 3, 3, 3, 3, 3, 3, 3, 3, 3, 3, 3, 3, 3, 3, 3, 3, 3, 3, 3, 3, 3, 3, 3, 3, 3, 3, 3, 3, 3, 3, 3, 3, 3, 3, 3, 3, 3, 3, 3, 3, 3, 3, 3, 3, 3, 3, 3, 3, 3, 3, 3, 3, 3, 3, 3, 3, 3, 3, 3, 3, 3, 3, 3, 3, 3, 3, 3, 3, 3, 3, 3, 3, 3, 3, 3, 3, 3, 3, 3, 3, 3, 3, 3, 3, 3, 3, 3, 3, 3, 3, 3, 3, 3, 3, 3, 3, 3, 3, 3, 3, 3, 3, 3, 3, 3, 3, 3, 3, 3, 3, 3, 3, 3, 3, 3, 3, 3, 3, 3, 3, 3, 3, 3, 3, 3, 3, 3, 3, 3, 3, 3, 3, 3, 3, 3, 3, 3, 3, 3, 3, 3, 3, 3, 3, 3, 3, 3, 3, 3, 3, 3, 3, 3, 3, 3, 3, 3, 3, 3, 3, 3, 3, 3, 3, 3, 3, 3, 3, 3, 3, 3, 3, 3, 3, 3, 3, 3, 3, 3, 3, 3, 3, 3, 3, 3, 3, 3, 3, 3, 3, 3, 3, 3, 3, 3, 3, 3, 3, 3, 3, 3, 3, 3, 3, 3, 3, 3, 3, 3, 3, 3, 3, 3, 3, 3, 3, 3, 3, 3, 3, 3, 3, 3, 3, 3, 3, 3, 3, 3, 3, 3, 3, 3, 3, 3, 3, 3, 3, 3, 3, 3, 3, 3, 3, 3, 3, 3, 3, 3, 3, 3, 3, 3, 3, 3, 3, 3, 3, 3, 3, 3, 3, 3, 3, 3, 3, 3, 3, 3, 3, 3, 3, 3, 3, 3, 3, 3, 3, 3, 3, 3, 3, 3, 3, 3, 3, 3, 3, 3, 3, 3, 3, 3, 3, 3, 3, 3, 3, 3, 3, 3, 3, 3, 3, 3, 3, 3, 3, 3, 3, 3, 3, 3, 3, 3, 3, 3, 3, 3, 3, 3, 3, 3, 3, 3, 3, 3, 3, 3, 3, 3, 3, 3, 3, 3, 3, 3, 3, 3, 3, 3, 3, 3, 3, 3, 3, 3, 3, 3, 3, 3, 3, 3, 3, 3, 3, 3, 3, 3, 3, 3, 3, 3, 3, 3, 3, 3, 3, 3, 3, 3, 3, 3, 3, 3, 3, 3, 3, 3, 3, 3, 3, 3, 3, 3, 3, 3, 3, 3, 3, 3, 3, 3, 3, 3, 3, 3, 3, 3, 3, 3, 3, 3, 3, 3, 3, 3, 3, 3, 3, 3, 3, 3, 3, 3, 3, 3, 3, 3, 3, 3, 3, 3, 3, 3, 3, 3, 3, 3, 3, 3, 3, 3, 3, 3, 3, 3, 3, 3, 3, 3, 3, 3, 3, 3, 3, 3, 3, 3, 3, 3, 3, 3, 3, 3, 3, 3, 3, 3, 3, 3, 3, 3, 3, 3, 3, 3, 3, 3, 3, 3, 3, 3, 3, 3, 3, 3, 3, 3, 3, 3, 3, 3, 3, 3, 3, 3, 3, 3, 3, 3, 3, 3, 3, 3, 3, 3, 3, 3, 3, 3, 3, 3, 3, 3, 3, 3, 3, 3, 3, 3, 3, 3, 3, 3, 3, 3, 3, 3, 3, 3, 3, 3, 3, 3, 3, 3, 3, 3, 3, 3, 3, 3, 3, 3, 3, 3, 3, 3, 3, 3, 3, 3, 3, 3, 3, 3, 3, 3, 3, 3, 3, 3, 3, 3, 3, 3, 3, 3, 3, 3, 3, 3, 3, 3, 3, 3, 3, 3, 3, 3, 3, 3, 3, 3, 3, 3, 3, 3, 3, 3, 3, 3, 3, 3, 3, 3, 3, 3, 3, 3, 3, 3, 3, 3, 3, 3, 3, 3, 3, 3, 3, 3, 3, 3, 3, 3, 3, 3, 3, 3, 3, 3, 3, 3, 3, 3, 3, 3, 3, 3, 3, 3, 3, 3, 3, 3, 3, 3, 3, 3, 3, 3, 3, 3, 3, 3, 3, 3, 3, 3, 3, 3, 3, 3, 3, 3, 3, 3, 3, 3, 3, 3, 3, 3, 3, 3, 3, 3, 3, 3, 3, 3, 3, 3, 3, 3, 3, 3, 3, 3, 3, 3, 3, 3, 3, 3, 3, 3, 3, 3, 3, 3, 3, 3, 3, 3, 3, 3, 3, 3, 3, 3, 3, 3, 3, 3, 3, 3, 3, 3, 3, 3, 3, 3, 3, 3, 3, 3, 3, 3, 3, 3, 3, 3, 3, 3, 3, 3, 3, 3, 3, 3, 3, 3, 3, 3, 3, 3, 3, 3, 3, 3, 3, 3, 3, 3, 3, 3, 3, 3, 3, 3, 3, 3, 3, 3, 3, 3, 3, 3, 3, 3, 3, 3, 3, 3, 3, 3, 3, 3, 3, 3, 3, 3, 3, 3, 3, 3, 3, 3, 3, 3, 3, 3, 3, 3, 3, 3, 3, 3, 3, 3, 3, 3, 3, 3, 3, 3, 3, 3, 3, 3, 3, 3, 3, 3, 3, 3, 3, 3, 3, 3, 3, 3, 3, 3, 3, 3, 3, 3, 3, 3, 3, 3, 3, 3, 3, 3, 3, 3, 3, 3, 3, 3, 3, 3, 3, 3, 3, 3, 3, 3, 3, 3, 3, 3, 3, 3, 3, 3, 3, 3, 3, 3, 3, 3, 3, 3, 3, 3, 3, 3, 3, 3, 3, 3, 3, 3, 3, 3, 3, 3, 3, 3, 3, 3, 3, 3, 3, 3, 3, 3, 3, 3, 3, 3, 3, 3, 3, 3, 3, 3, 3, 3, 3, 3, 3, 3, 3, 3, 3, 3, 3, 3, 3, 3, 3, 3, 3, 3, 3, 3, 3, 3, 3, 3, 3, 3, 3, 3, 3, 3, 3, 3, 3, 3, 3, 3, 3, 3, 3, 3, 3, 3, 3, 3, 3, 3, 3, 3, 3, 3, 3, 3, 3, 3, 3, 3, 3, 3, 3, 3, 3, 3, 3, 3, 3, 3, 3, 3, 3, 3, 3, 3, 3, 3, 3, 3, 3, 3, 3, 3, 3, 3, 3, 3, 3, 3, 3, 3, 3, 3, 3, 3, 3, 3, 3, 3, 3, 3, 3, 3, 3, 3, 3, 3, 3, 3, 3, 3, 3, 3, 3, 3, 3, 3, 3, 3, 3, 3, 3, 3, 3, 3, 3, 3, 3, 3, 3, 3, 3, 3, 3, 3, 3, 3, 3, 3, 3, 3, 3, 3, 3, 3, 3, 3, 3, 3, 3, 3, 3, 3, 3, 3, 3, 3, 3, 3, 3, 3, 3, 3, 3, 3, 3, 3, 3, 3, 3, 3, 3, 3, 3, 3, 3, 3, 3, 3, 3, 3, 3, 3, 3, 3, 3, 3, 3, 3, 3, 3, 3, 3, 3, 3, 3, 3, 3, 3, 3, 3, 3, 3, 3, 3, 3, 3, 3, 3, 3, 3, 3, 3, 3, 3, 3, 3, 3, 3, 3, 3, 3, 3, 3, 3, 3, 3, 3, 3, 3, 3, 3, 3, 3, 3, 3, 3, 3, 3, 3, 3, 3, 3, 3, 3, 3, 3, 3, 3, 3, 3, 3, 3, 3, 3, 3, 3, 3, 3, 3, 3, 3, 3, 3, 3, 3, 3, 3, 3, 3, 3, 3, 3, 3, 3, 3, 3, 3, 3, 3, 3, 3, 3, 3, 3, 3, 3, 3, 3, 3, 3, 3, 3, 3, 3, 3, 3, 3, 3, 3, 3, 3, 3, 3, 3, 3, 3, 3, 3, 3, 3, 3, 3, 3, 3, 3, 3, 3, 3, 3, 3, 3, 3, 3, 3, 3, 3, 3, 3, 3, 3, 3, 3, 3, 3, 3, 3, 3, 3, 3, 3, 3, 3, 3, 3, 3, 3, 3, 3, 3, 3, 3, 3, 3, 3, 3, 3, 3, 3, 3, 3, 3, 3, 3, 3, 3, 3, 3, 3, 3, 3, 3, 3, 3, 3, 3, 3, 3, 3, 3, 3, 3, 3, 3, 3, 3, 3, 3, 3, 3, 3, 3, 3, 3, 3, 3, 3, 3, 3, 3, 3, 3, 3, 3, 3, 3, 3, 3, 3, 3, 3, 3, 3, 3, 3, 3, 3, 3, 3, 3, 3, 3, 3, 3, 3, 3, 3, 3, 3, 3, 3, 3, 3, 3, 3, 3, 3, 3, 3, 3, 3, 3, 3, 3, 3, 3, 3, 3, 3, 3, 3, 3, 3, 3, 3, 3, 3, 3, 3, 3, 3, 3, 3, 3, 3, 3, 3, 3, 3, 3, 3, 3, 3, 3, 3, 3, 3, 3, 3, 3, 3, 3, 3, 3, 3, 3, 3, 3, 3, 3, 3, 3, 3, 3, 3, 3, 3, 3, 3, 3, 3, 3, 3, 3, 3, 3, 3, 3, 3, 3, 3, 3, 3, 3, 3, 3, 3, 3, 3, 3, 3, 3, 3, 3, 3, 3, 3, 3, 3, 3, 3, 3, 3, 3, 3, 3, 3, 3, 3, 3, 3, 3, 3, 3, 3, 3, 3, 3, 3, 3, 3, 3, 3, 3, 3, 3, 3, 3, 3, 3, 3, 3, 3, 3, 3, 3, 3, 3, 3, 3, 3, 3, 3, 3, 3, 3, 3, 3, 3, 3, 3, 3, 3, 3, 3, 3, 3, 3, 3, 3, 3, 3, 3, 3, 3, 3, 3, 3, 3, 3, 3, 3, 3, 3, 3, 3, 3, 3, 3, 3, 3, 3, 3, 3, 3, 3, 3, 3, 3, 3, 3, 3, 3, 3, 3, 3, 3, 3, 3, 3, 3, 3, 3, 3, 3, 3, 3, 3, 3, 3, 3, 3, 3, 3, 3, 3, 3, 3, 3, 3, 3, 3, 3, 3, 3, 3, 3, 3, 3, 3, 3, 3, 3, 3, 3, 3, 3, 3, 3, 3, 3, 3, 3, 3, 3, 3, 3, 3, 3, 3, 3, 3, 3, 3, 3, 3, 3, 3, 3, 3, 3, 3, 3, 3, 3, 3, 3, 3, 3, 3, 3, 3, 3, 3, 3, 3, 3, 3, 3, 3, 3, 3, 3, 3, 3, 3, 3, 3, 3, 3, 3, 3, 3, 3, 3, 3, 3, 3, 3, 3, 3, 3, 3, 3, 3, 3, 3, 3, 3, 3, 3, 3, 3, 3, 3, 3, 3, 3, 3, 3, 3, 3, 3, 3, 3, 3, 3, 3, 3, 3, 3, 3, 3, 3, 3, 3, 3, 3, 3, 3, 3, 3, 3, 3, 3, 3, 3, 3, 3, 3, 3, 3, 3, 3, 3, 3, 3, 3, 3, 3, 3, 3, 3, 3, 3, 3, 3, 3, 3, 3, 3, 3, 3, 3, 3, 3, 3, 3, 3, 3, 3, 3, 3, 3, 3, 3, 3, 3, 3, 3, 3, 3, 3, 3, 3, 3, 3, 3, 3, 3, 3, 3, 3, 3, 3, 3, 3, 3, 3, 3, 3, 3, 3, 3, 3, 3, 3, 3, 3, 3, 3, 3, 3, 3, 3, 3, 3, 3, 3, 3, 3, 3, 3, 3, 3, 3, 3, 3, 3, 3, 3, 3, 3, 3, 3, 3, 3, 3, 3, 3, 3, 3, 3, 3, 3, 3, 3, 3, 3, 3, 3, 3, 3, 3, 3, 3, 3, 3, 3, 3, 3, 3, 3, 3, 3, 3, 3, 3, 3, 3, 3, 3, 3, 3, 3, 3, 3, 3, 3, 3, 3, 3, 3, 3, 3, 3, 3, 3, 3, 3, 3, 3, 3, 3, 3, 3, 3, 3, 3, 3, 3, 3, 3, 3, 3, 3, 3, 3, 3, 3, 3, 3, 3, 3, 3, 3, 3, 3, 3, 3, 3, 3, 3, 3, 3, 3, 3, 3, 3, 3, 3, 3, 3, 3, 3, 3, 3, 3, 3, 3, 3, 3, 3, 3, 3, 3, 3, 3, 3, 3, 3, 3, 3, 3, 3, 3, 3, 3, 3, 3, 3, 3, 3, 3, 3, 3, 3, 3, 3, 3, 3, 3, 3, 3, 3, 3, 3, 3, 3, 3, 3, 3, 3, 3, 3, 3, 3, 3, 3, 3, 3, 3, 3, 3, 3, 3, 3, 3, 3, 3, 3, 3, 3, 3, 3, 3, 3, 3, 3, 3, 3, 3, 3, 3, 3, 3, 3, 3, 3, 3, 3, 3, 3, 3, 3, 3, 3, 3, 3, 3, 3, 3, 3, 3, 3, 3, 3, 3, 3, 3, 3, 3, 3, 3, 3, 3, 3, 3, 3, 3, 3, 3, 3, 3, 3, 3, 3, 3, 3, 3, 3, 3, 3, 3, 3, 3, 3, 3, 3, 3, 3, 3, 3, 3, 3, 3, 3, 3, 3, 3, 3, 3, 3, 3, 3, 3, 3, 3, 3, 3, 3, 3, 3, 3, 3, 3, 3, 3, 3, 3, 3, 3, 3, 3, 3, 3, 3, 3, 3, 3, 3, 3, 3, 3, 3, 3, 3, 3, 3, 3, 3, 3, 3, 3, 3, 3, 3, 3, 3, 3, 3, 3, 3, 3, 3, 3, 3, 3, 3, 3, 3, 3, 3, 3, 3, 3, 3, 3, 3, 3, 3, 3, 3, 3, 3, 3, 3, 3, 3, 3, 3, 3, 3, 3, 3, 3, 3, 3, 3, 3, 3, 3, 3, 3, 3, 3, 3, 3, 3, 3, 3, 3, 3, 3, 3, 3, 3, 3, 3, 3, 3, 3, 3, 3, 3, 3, 3, 3, 3, 3, 3, 3, 3, 3, 3, 3, 3, 3, 3, 3, 3, 3, 3, 3, 3, 3, 3, 3, 3, 3, 3, 3, 3, 3, 3, 3, 3, 3, 3, 3, 3, 3, 3, 3, 3, 3, 3, 3, 3, 3, 3, 3, 3, 3, 3, 3, 3, 3, 3, 3, 3, 3, 3, 3, 3, 3, 3, 3, 3, 3, 3, 3, 3, 3, 3, 3, 3, 3, 3, 3, 3, 3, 3, 3, 3, 3, 3, 3, 3, 3, 3, 3, 3, 3, 3, 3, 3, 3, 3, 3, 3, 3, 3, 3, 3, 3, 3, 3, 3, 3, 3, 3, 3, 3, 3, 3, 3, 3, 3, 3, 3, 3, 3, 3, 3, 3, 3, 3, 3, 3, 3, 3, 3, 3, 3, 3, 3, 3, 3, 3, 3, 3, 3, 3, 3, 3, 3, 3, 3, 3, 3, 3, 3, 3, 3, 3, 3, 3, 3, 3, 3, 3, 3, 3, 3, 3, 3, 3, 3, 3, 3, 3, 3, 3, 3, 3, 3, 3, 3, 3, 3, 3, 3, 3, 3, 3, 3, 3, 3, 3, 3, 3, 3, 3, 3, 3, 3, 3, 3, 3, 3, 3, 3, 3, 3, 3, 3, 3, 3, 3, 3, 3, 3, 3, 3, 3, 3, 3, 3, 3, 3, 3, 3, 3, 3, 3, 3, 3, 3, 3, 3, 3, 3, 3, 3, 3, 3, 3, 3, 3, 3, 3, 3, 3, 3, 3, 3, 3, 3, 3, 3, 3, 3, 3, 3, 3, 3, 3, 3, 3, 3, 3, 3, 3, 3, 3, 3, 3, 3, 3, 3, 3, 3, 3, 3, 3, 3, 3, 3, 3, 3, 3, 3, 3, 3, 3, 3, 3, 3, 3, 3, 3, 3, 3, 3, 3, 3, 3, 3, 3, 3, 3, 3, 3, 3, 3, 3, 3, 3, 3, 3, 3, 3, 3, 3, 3, 3, 3, 3, 3, 3, 3, 3, 3, 3, 3, 3, 3, 3, 3, 3, 3, 3, 3, 3, 3, 3, 3, 3, 3, 3, 3, 3, 3, 3, 3, 3, 3, 3, 3, 3, 3, 3, 3, 3, 3, 3, 3, 3, 3, 3, 3, 3, 3, 3, 3, 3, 3, 3, 3, 3, 3, 3, 3, 3, 3, 3, 3, 3, 3, 3, 3, 3, 3, 3, 3, 3, 3, 3, 3, 3, 3, 3, 3, 3, 3, 3, 3, 3, 3, 3, 3, 3, 3, 3, 3, 3, 3, 3, 3, 3, 3, 3, 3, 3, 3, 3, 3, 3, 3, 3, 3, 3, 3, 3, 3, 3, 3, 3, 3, 3, 3, 3, 3, 3, 3, 3, 3, 3, 3, 3, 3, 3, 3, 3, 3, 3, 3, 3, 3, 3, 3, 3, 3, 3, 3, 3, 3, 3, 3, 3, 3, 3, 3, 3, 3, 3, 3, 3, 3, 3, 3, 3, 3, 3, 3, 3, 3, 3, 3, 3, 3, 3, 3, 3, 3, 3, 3, 3, 3, 3, 3, 3, 3, 3, 3, 3, 3, 3, 3, 3, 3, 3, 3, 3, 3, 3, 3, 3, 3, 3, 3, 3, 3, 3, 3, 3, 3, 3, 3, 3, 3, 3, 3, 3, 3, 3, 3, 3, 3, 3, 3, 3, 3, 3, 3, 3, 3, 3, 3, 3, 3, 3, 3, 3, 3, 3, 3, 3, 3, 3, 3, 3, 3, 3, 3, 3, 3, 3, 3, 3, 3, 3, 3, 3, 3, 3, 3, 3, 3, 3, 3, 3, 3, 3, 3, 3, 3, 3, 3, 3, 3, 3, 3, 3, 3, 3, 3, 3, 3, 3, 3, 3, 3, 3, 3, 3, 3, 3, 3, 3, 3, 3, 3, 3, 3, 3, 3, 3, 3, 3, 3, 3, 3, 3, 3, 3, 3, 3, 3, 3, 3, 3, 3, 3, 3, 3, 3, 3, 3, 3, 3, 3, 3, 3, 3, 3, 3, 3, 3, 3, 3, 3, 3, 3, 3, 3, 3, 3, 3, 3, 3, 3, 3, 3, 3, 3, 3, 3, 3, 3, 3, 3, 3, 3, 3, 3, 3, 3, 3, 3, 3, 3, 3, 3, 3, 3, 3, 3, 3, 3, 3, 3, 3, 3, 3, 3, 3, 3, 3, 3, 3, 3, 3, 3, 3, 3, 3, 3, 3, 3, 3, 3, 3, 3, 3, 3, 3, 3, 3, 3, 3, 3, 3, 3, 3, 3, 3, 3, 3, 3, 3, 3, 3, 3, 3, 3, 3, 3, 3, 3, 3, 3, 3, 3, 3, 3, 3, 3, 3, 3, 3, 3, 3, 3, 3, 3, 3, 3, 3, 3, 3, 3, 3, 3, 3, 3, 3, 3, 3, 3, 3, 3, 3, 3, 3, 3, 3, 3, 3, 3, 3, 3, 3, 3, 3, 3, 3, 3, 3, 3, 3, 3, 3, 3, 3, 3, 3, 3, 3, 3, 3, 3, 3, 3, 3, 3, 3, 3, 3, 3, 3, 3, 3, 3, 3, 3, 3, 3, 3, 3, 3, 3, 3, 3, 3, 3, 3, 3, 3, 3, 3, 3, 3, 3, 3, 3, 3, 3, 3, 3, 3, 3, 3, 3, 3, 3, 3, 3, 3, 3, 3, 3, 3, 3, 3, 3, 3, 3, 3, 3, 3, 3, 3, 3, 3, 3, 3, 3, 3, 3, 3, 3, 3, 3, 3, 3, 3, 3, 3, 3, 3, 3, 3, 3, 3, 3, 3, 3, 3, 3, 3, 3, 3, 3, 3, 3, 3, 3, 3, 3, 3, 3, 3, 3, 3, 3, 3, 3, 3, 3, 3, 3, 3, 3, 3, 3, 3, 3, 3, 3, 3, 3, 3, 3, 3, 3, 3, 3, 3, 3, 3, 3, 3, 3, 3, 3, 3, 3, 3, 3, 3, 3, 3, 3, 3, 3, 3, 3, 3, 3, 3, 3, 3, 3, 3, 3, 3, 3, 3, 3, 3, 3, 3, 3, 3, 3, 3, 3, 3, 3, 3, 3, 3, 3, 3, 3, 3, 3, 3, 3, 3, 3, 3, 3, 3, 3, 3, 3, 3, 3, 3, 3, 3, 3, 3, 3, 3, 3, 3, 3, 3, 3, 3, 3, 3, 3, 3, 3, 3, 3, 3, 3, 3, 3, 3, 3, 3, 3, 3, 3, 3, 3, 3, 3, 3, 3, 3, 3, 3]
  int[] faceVertexIndices = [0, 1, 101, 0, 101, 100, 1, 2, 102, 1, 102, 101, 2, 3, 103, 2, 103, 102, 3, 4, 104, 3, 104, 103, 4, 5, 105, 4, 105, 104, 5, 6, 106, 5, 106, 105, 6, 7, 107, 6, 107, 106, 7, 8, 108, 7, 108, 107, 8, 9, 109, 8, 109, 108, 9, 10, 110, 9, 110, 109, 10, 11, 111, 10, 111, 110, 11, 12, 112, 11, 112, 111, 12, 13, 113, 12, 113, 112, 13, 14, 114, 13, 114, 113, 14, 15, 115, 14, 115, 114, 15, 16, 116, 15, 116, 115, 16, 17, 117, 16, 117, 116, 17, 18, 118, 17, 118, 117, 18, 19, 119, 18, 119, 118, 19, 20, 120, 19, 120, 119, 20, 21, 121, 20, 121, 120, 21, 22, 122, 21, 122, 121, 22, 23, 123, 22, 123, 122, 23, 24, 124, 23, 124, 123, 24, 25, 125, 24, 125, 124, 25, 26, 126, 25, 126, 125, 26, 27, 127, 26, 127, 126, 27, 28, 128, 27, 128, 127, 28, 29, 129, 28, 129, 128, 29, 30, 130, 29, 130, 129, 30, 31, 131, 30, 131, 130, 31, 32, 132, 31, 132, 131, 32, 33, 133, 32, 133, 132, 33, 34, 134, 33, 134, 133, 34, 35, 135, 34, 135, 134, 35, 36, 136, 35, 136, 135, 36, 37, 137, 36, 137, 136, 37, 38, 138, 37, 138, 137, 38, 39, 139, 38, 139, 138, 39, 40, 140, 39, 140, 139, 40, 41, 141, 40, 141, 140, 41, 42, 142, 41, 142, 141, 42, 43, 143, 42, 143, 142, 43, 44, 144, 43, 144, 143, 44, 45, 145, 44, 145, 144, 45, 46, 146, 45, 146, 145, 46, 47, 147, 46, 147, 146, 47, 48, 148, 47, 148, 147, 48, 49, 149, 48, 149, 148, 49, 50, 150, 49, 150, 149, 50, 51, 151, 50, 151, 150, 51, 52, 152, 51, 152, 151, 52, 53, 153, 52, 153, 152, 53, 54, 154, 53, 154, 153, 54, 55, 155, 54, 155, 154, 55, 56, 156, 55, 156, 155, 56, 57, 157, 56, 157, 156, 57, 58, 158, 57, 158, 157, 58, 59, 159, 58, 159, 158, 59, 60, 160, 59, 160, 159, 60, 61, 161, 60, 161, 160, 61, 62, 162, 61, 162, 161, 62, 63, 163, 62, 163, 162, 63, 64, 164, 63, 164, 163, 64, 65, 165, 64, 165, 164, 65, 66, 166, 65, 166, 165, 66, 67, 167, 66, 167, 166, 67, 68, 168, 67, 168, 167, 68, 69, 169, 68, 169, 168, 69, 70, 170, 69, 170, 169, 70, 71, 171, 70, 171, 170, 71, 72, 172, 71, 172, 171, 72, 73, 173, 72, 173, 172, 73, 74, 174, 73, 174, 173, 74, 75, 175, 74, 175, 174, 75, 76, 176, 75, 176, 175, 76, 77, 177, 76, 177, 176, 77, 78, 178, 77, 178, 177, 78, 79, 179, 78, 179, 178, 79, 80, 180, 79, 180, 179, 80, 81, 181, 80, 181, 180, 81, 82, 182, 81, 182, 181, 82, 83, 183, 82, 183, 182, 83, 84, 184, 83, 184, 183, 84, 85, 185, 84, 185, 184, 85, 86, 186, 85, 186, 185, 86, 87, 187, 86, 187, 186, 87, 88, 188, 87, 188, 187, 88, 89, 189, 88, 189, 188, 89, 90, 190, 89, 190, 189, 90, 91, 191, 90, 191, 190, 91, 92, 192, 91, 192, 191, 92, 93, 193, 92, 193, 192, 93, 94, 194, 93, 194, 193, 94, 95, 195, 94, 195, 194, 95, 96, 196, 95, 196, 195, 96, 97, 197, 96, 197, 196, 97, 98, 198, 97, 198, 197, 98, 99, 199, 98, 199, 198, 99, 0, 100, 99, 100, 199, 100, 101, 201, 100, 201, 200, 101, 102, 202, 101, 202, 201, 102, 103, 203, 102, 203, 202, 103, 104, 204, 103, 204, 203, 104, 105, 205, 104, 205, 204, 105, 106, 206, 105, 206, 205, 106, 107, 207, 106, 207, 206, 107, 108, 208, 107, 208, 207, 108, 109, 209, 108, 209, 208, 109, 110, 210, 109, 210, 209, 110, 111, 211, 110, 211, 210, 111, 112, 212, 111, 212, 211, 112, 113, 213, 112, 213, 212, 113, 114, 214, 113, 214, 213, 114, 115, 215, 114, 215, 214, 115, 116, 216, 115, 216, 215, 116, 117, 217, 116, 217, 216, 117, 118, 218, 117, 218, 217, 118, 119, 219, 118, 219, 218, 119, 120, 220, 119, 220, 219, 120, 121, 221, 120, 221, 220, 121, 122, 222, 121, 222, 221, 122, 123, 223, 122, 223, 222, 123, 124, 224, 123, 224, 223, 124, 125, 225, 124, 225, 224, 125, 126, 226, 125, 226, 225, 126, 127, 227, 126, 227, 226, 127, 128, 228, 127, 228, 227, 128, 129, 229, 128, 229, 228, 129, 130, 230, 129, 230, 229, 130, 131, 231, 130, 231, 230, 131, 132, 232, 131, 232, 231, 132, 133, 233, 132, 233, 232, 133, 134, 234, 133, 234, 233, 134, 135, 235, 134, 235, 234, 135, 136, 236, 135, 236, 235, 136, 137, 237, 136, 237, 236, 137, 138, 238, 137, 238, 237, 138, 139, 239, 138, 239, 238, 139, 140, 240, 139, 240, 239, 140, 141, 241, 140, 241, 240, 141, 142, 242, 141, 242, 241, 142, 143, 243, 142, 243, 242, 143, 144, 244, 143, 244, 243, 144, 145, 245, 144, 245, 244, 145, 146, 246, 145, 246, 245, 146, 147, 247, 146, 247, 246, 147, 148, 248, 147, 248, 247, 148, 149, 249, 148, 249, 248, 149, 150, 250, 149, 250, 249, 150, 151, 251, 150, 251, 250, 151, 152, 252, 151, 252, 251, 152, 153, 253, 152, 253, 252, 153, 154, 254, 153, 254, 253, 154, 155, 255, 154, 255, 254, 155, 156, 256, 155, 256, 255, 156, 157, 257, 156, 257, 256, 157, 158, 258, 157, 258, 257, 158, 159, 259, 158, 259, 258, 159, 160, 260, 159, 260, 259, 160, 161, 261, 160, 261, 260, 161, 162, 262, 161, 262, 261, 162, 163, 263, 162, 263, 262, 163, 164, 264, 163, 264, 263, 164, 165, 265, 164, 265, 264, 165, 166, 266, 165, 266, 265, 166, 167, 267, 166, 267, 266, 167, 168, 268, 167, 268, 267, 168, 169, 269, 168, 269, 268, 169, 170, 270, 169, 270, 269, 170, 171, 271, 170, 271, 270, 171, 172, 272, 171, 272, 271, 172, 173, 273, 172, 273, 272, 173, 174, 274, 173, 274, 273, 174, 175, 275, 174, 275, 274, 175, 176, 276, 175, 276, 275, 176, 177, 277, 176, 277, 276, 177, 178, 278, 177, 278, 277, 178, 179, 279, 178, 279, 278, 179, 180, 280, 179, 280, 279, 180, 181, 281, 180, 281, 280, 181, 182, 282, 181, 282, 281, 182, 183, 283, 182, 283, 282, 183, 184, 284, 183, 284, 283, 184, 185, 285, 184, 285, 284, 185, 186, 286, 185, 286, 285, 186, 187, 287, 186, 287, 286, 187, 188, 288, 187, 288, 287, 188, 189, 289, 188, 289, 288, 189, 190, 290, 189, 290, 289, 190, 191, 291, 190, 291, 290, 191, 192, 292, 191, 292, 291, 192, 193, 293, 192, 293, 292, 193, 194, 294, 193, 294, 293, 194, 195, 295, 194, 295, 294, 195, 196, 296, 195, 296, 295, 196, 197, 297, 196, 297, 296, 197, 198, 298, 197, 298, 297, 198, 199, 299, 198, 299, 298, 199, 100, 200, 199, 200, 299, 200, 201, 301, 200, 301, 300, 201, 202, 302, 201, 302, 301, 202, 203, 303, 202, 303, 302, 203, 204, 304, 203, 304, 303, 204, 205, 305, 204, 305, 304, 205, 206, 306, 205, 306, 305, 206, 207, 307, 206, 307, 306, 207, 208, 308, 207, 308, 307, 208, 209, 309, 208, 309, 308, 209, 210, 310, 209, 310, 309, 210, 211, 311, 210, 311, 310, 211, 212, 312, 211, 312, 311, 212, 213, 313, 212, 313, 312, 213, 214, 314, 213, 314, 313, 214, 215, 315, 214, 315, 314, 215, 216, 316, 215, 316, 315, 216, 217, 317, 216, 317, 316, 217, 218, 318, 217, 318, 317, 218, 219, 319, 218, 319, 318, 219, 220, 320, 219, 320, 319, 220, 221, 321, 220, 321, 320, 221, 222, 322, 221, 322, 321, 222, 223, 323, 222, 323, 322, 223, 224, 324, 223, 324, 323, 224, 225, 325, 224, 325, 324, 225, 226, 326, 225, 326, 325, 226, 227, 327, 226, 327, 326, 227, 228, 328, 227, 328, 327, 228, 229, 329, 228, 329, 328, 229, 230, 330, 229, 330, 329, 230, 231, 331, 230, 331, 330, 231, 232, 332, 231, 332, 331, 232, 233, 333, 232, 333, 332, 233, 234, 334, 233, 334, 333, 234, 235, 335, 234, 335, 334, 235, 236, 336, 235, 336, 335, 236, 237, 337, 236, 337, 336, 237, 238, 338, 237, 338, 337, 238, 239, 339, 238, 339, 338, 239, 240, 340, 239, 340, 339, 240, 241, 341, 240, 341, 340, 241, 242, 342, 241, 342, 341, 242, 243, 343, 242, 343, 342, 243, 244, 344, 243, 344, 343, 244, 245, 345, 244, 345, 344, 245, 246, 346, 245, 346, 345, 246, 247, 347, 246, 347, 346, 247, 248, 348, 247, 348, 347, 248, 249, 349, 248, 349, 348, 249, 250, 350, 249, 350, 349, 250, 251, 351, 250, 351, 350, 251, 252, 352, 251, 352, 351, 252, 253, 353, 252, 353, 352, 253, 254, 354, 253, 354, 353, 254, 255, 355, 254, 355, 354, 255, 256, 356, 255, 356, 355, 256, 257, 357, 256, 357, 356, 257, 258, 358, 257, 358, 357, 258, 259, 359, 258, 359, 358, 259, 260, 360, 259, 360, 359, 260, 261, 361, 260, 361, 360, 261, 262, 362, 261, 362, 361, 262, 263, 363, 262, 363, 362, 263, 264, 364, 263, 364, 363, 264, 265, 365, 264, 365, 364, 265, 266, 366, 265, 366, 365, 266, 267, 367, 266, 367, 366, 267, 268, 368, 267, 368, 367, 268, 269, 369, 268, 369, 368, 269, 270, 370, 269, 370, 369, 270, 271, 371, 270, 371, 370, 271, 272, 372, 271, 372, 371, 272, 273, 373, 272, 373, 372, 273, 274, 374, 273, 374, 373, 274, 275, 375, 274, 375, 374, 275, 276, 376, 275, 376, 375, 276, 277, 377, 276, 377, 376, 277, 278, 378, 277, 378, 377, 278, 279, 379, 278, 379, 378, 279, 280, 380, 279, 380, 379, 280, 281, 381, 280, 381, 380, 281, 282, 382, 281, 382, 381, 282, 283, 383, 282, 383, 382, 283, 284, 384, 283, 384, 383, 284, 285, 385, 284, 385, 384, 285, 286, 386, 285, 386, 385, 286, 287, 387, 286, 387, 386, 287, 288, 388, 287, 388, 387, 288, 289, 389, 288, 389, 388, 289, 290, 390, 289, 390, 389, 290, 291, 391, 290, 391, 390, 291, 292, 392, 291, 392, 391, 292, 293, 393, 292, 393, 392, 293, 294, 394, 293, 394, 393, 294, 295, 395, 294, 395, 394, 295, 296, 396, 295, 396, 395, 296, 297, 397, 296, 397, 396, 297, 298, 398, 297, 398, 397, 298, 299, 399, 298, 399, 398, 299, 200, 300, 299, 300, 399, 300, 301, 401, 300, 401, 400, 301, 302, 402, 301, 402, 401, 302, 303, 403, 302, 403, 402, 303, 304, 404, 303, 404, 403, 304, 305, 405, 304, 405, 404, 305, 306, 406, 305, 406, 405, 306, 307, 407, 306, 407, 406, 307, 308, 408, 307, 408, 407, 308, 309, 409, 308, 409, 408, 309, 310, 410, 309, 410, 409, 310, 311, 411, 310, 411, 410, 311, 312, 412, 311, 412, 411, 312, 313, 413, 312, 413, 412, 313, 314, 414, 313, 414, 413, 314, 315, 415, 314, 415, 414, 315, 316, 416, 315, 416, 415, 316, 317, 417, 316, 417, 416, 317, 318, 418, 317, 418, 417, 318, 319, 419, 318, 419, 418, 319, 320, 420, 319, 420, 419, 320, 321, 421, 320, 421, 420, 321, 322, 422, 321, 422, 421, 322, 323, 423, 322, 423, 422, 323, 324, 424, 323, 424, 423, 324, 325, 425, 324, 425, 424, 325, 326, 426, 325, 426, 425, 326, 327, 427, 326, 427, 426, 327, 328, 428, 327, 428, 427, 328, 329, 429, 328, 429, 428, 329, 330, 430, 329, 430, 429, 330, 331, 431, 330, 431, 430, 331, 332, 432, 331, 432, 431, 332, 333, 433, 332, 433, 432, 333, 334, 434, 333, 434, 433, 334, 335, 435, 334, 435, 434, 335, 336, 436, 335, 436, 435, 336, 337, 437, 336, 437, 436, 337, 338, 438, 337, 438, 437, 338, 339, 439, 338, 439, 438, 339, 340, 440, 339, 440, 439, 340, 341, 441, 340, 441, 440, 341, 342, 442, 341, 442, 441, 342, 343, 443, 342, 443, 442, 343, 344, 444, 343, 444, 443, 344, 345, 445, 344, 445, 444, 345, 346, 446, 345, 446, 445, 346, 347, 447, 346, 447, 446, 347, 348, 448, 347, 448, 447, 348, 349, 449, 348, 449, 448, 349, 350, 450, 349, 450, 449, 350, 351, 451, 350, 451, 450, 351, 352, 452, 351, 452, 451, 352, 353, 453, 352, 453, 452, 353, 354, 454, 353, 454, 453, 354, 355, 455, 354, 455, 454, 355, 356, 456, 355, 456, 455, 356, 357, 457, 356, 457, 456, 357, 358, 458, 357, 458, 457, 358, 359, 459, 358, 459, 458, 359, 360, 460, 359, 460, 459, 360, 361, 461, 360, 461, 460, 361, 362, 462, 361, 462, 461, 362, 363, 463, 362, 463, 462, 363, 364, 464, 363, 464, 463, 364, 365, 465, 364, 465, 464, 365, 366, 466, 365, 466, 465, 366, 367, 467, 366, 467, 466, 367, 368, 468, 367, 468, 467, 368, 369, 469, 368, 469, 468, 369, 370, 470, 369, 470, 469, 370, 371, 471, 370, 471, 470, 371, 372, 472, 371, 472, 471, 372, 373, 473, 372, 473, 472, 373, 374, 474, 373, 474, 473, 374, 375, 475, 374, 475, 474, 375, 376, 476, 375, 476, 475, 376, 377, 477, 376, 477, 476, 377, 378, 478, 377, 478, 477, 378, 379, 479, 378, 479, 478, 379, 380, 480, 379, 480, 479, 380, 381, 481, 380, 481, 480, 381, 382, 482, 381, 482, 481, 382, 383, 483, 382, 483, 482, 383, 384, 484, 383, 484, 483, 384, 385, 485, 384, 485, 484, 385, 386, 486, 385, 486, 485, 386, 387, 487, 386, 487, 486, 387, 388, 488, 387, 488, 487, 388, 389, 489, 388, 489, 488, 389, 390, 490, 389, 490, 489, 390, 391, 491, 390, 491, 490, 391, 392, 492, 391, 492, 491, 392, 393, 493, 392, 493, 492, 393, 394, 494, 393, 494, 493, 394, 395, 495, 394, 495, 494, 395, 396, 496, 395, 496, 495, 396, 397, 497, 396, 497, 496, 397, 398, 498, 397, 498, 497, 398, 399, 499, 398, 499, 498, 399, 300, 400, 399, 400, 499, 400, 401, 501, 400, 501, 500, 401, 402, 502, 401, 502, 501, 402, 403, 503, 402, 503, 502, 403, 404, 504, 403, 504, 503, 404, 405, 505, 404, 505, 504, 405, 406, 506, 405, 506, 505, 406, 407, 507, 406, 507, 506, 407, 408, 508, 407, 508, 507, 408, 409, 509, 408, 509, 508, 409, 410, 510, 409, 510, 509, 410, 411, 511, 410, 511, 510, 411, 412, 512, 411, 512, 511, 412, 413, 513, 412, 513, 512, 413, 414, 514, 413, 514, 513, 414, 415, 515, 414, 515, 514, 415, 416, 516, 415, 516, 515, 416, 417, 517, 416, 517, 516, 417, 418, 518, 417, 518, 517, 418, 419, 519, 418, 519, 518, 419, 420, 520, 419, 520, 519, 420, 421, 521, 420, 521, 520, 421, 422, 522, 421, 522, 521, 422, 423, 523, 422, 523, 522, 423, 424, 524, 423, 524, 523, 424, 425, 525, 424, 525, 524, 425, 426, 526, 425, 526, 525, 426, 427, 527, 426, 527, 526, 427, 428, 528, 427, 528, 527, 428, 429, 529, 428, 529, 528, 429, 430, 530, 429, 530, 529, 430, 431, 531, 430, 531, 530, 431, 432, 532, 431, 532, 531, 432, 433, 533, 432, 533, 532, 433, 434, 534, 433, 534, 533, 434, 435, 535, 434, 535, 534, 435, 436, 536, 435, 536, 535, 436, 437, 537, 436, 537, 536, 437, 438, 538, 437, 538, 537, 438, 439, 539, 438, 539, 538, 439, 440, 540, 439, 540, 539, 440, 441, 541, 440, 541, 540, 441, 442, 542, 441, 542, 541, 442, 443, 543, 442, 543, 542, 443, 444, 544, 443, 544, 543, 444, 445, 545, 444, 545, 544, 445, 446, 546, 445, 546, 545, 446, 447, 547, 446, 547, 546, 447, 448, 548, 447, 548, 547, 448, 449, 549, 448, 549, 548, 449, 450, 550, 449, 550, 549, 450, 451, 551, 450, 551, 550, 451, 452, 552, 451, 552, 551, 452, 453, 553, 452, 553, 552, 453, 454, 554, 453, 554, 553, 454, 455, 555, 454, 555, 554, 455, 456, 556, 455, 556, 555, 456, 457, 557, 456, 557, 556, 457, 458, 558, 457, 558, 557, 458, 459, 559, 458, 559, 558, 459, 460, 560, 459, 560, 559, 460, 461, 561, 460, 561, 560, 461, 462, 562, 461, 562, 561, 462, 463, 563, 462, 563, 562, 463, 464, 564, 463, 564, 563, 464, 465, 565, 464, 565, 564, 465, 466, 566, 465, 566, 565, 466, 467, 567, 466, 567, 566, 467, 468, 568, 467, 568, 567, 468, 469, 569, 468, 569, 568, 469, 470, 570, 469, 570, 569, 470, 471, 571, 470, 571, 570, 471, 472, 572, 471, 572, 571, 472, 473, 573, 472, 573, 572, 473, 474, 574, 473, 574, 573, 474, 475, 575, 474, 575, 574, 475, 476, 576, 475, 576, 575, 476, 477, 577, 476, 577, 576, 477, 478, 578, 477, 578, 577, 478, 479, 579, 478, 579, 578, 479, 480, 580, 479, 580, 579, 480, 481, 581, 480, 581, 580, 481, 482, 582, 481, 582, 581, 482, 483, 583, 482, 583, 582, 483, 484, 584, 483, 584, 583, 484, 485, 585, 484, 585, 584, 485, 486, 586, 485, 586, 585, 486, 487, 587, 486, 587, 586, 487, 488, 588, 487, 588, 587, 488, 489, 589, 488, 589, 588, 489, 490, 590, 489, 590, 589, 490, 491, 591, 490, 591, 590, 491, 492, 592, 491, 592, 591, 492, 493, 593, 492, 593, 592, 493, 494, 594, 493, 594, 593, 494, 495, 595, 494, 595, 594, 495, 496, 596, 495, 596, 595, 496, 497, 597, 496, 597, 596, 497, 498, 598, 497, 598, 597, 498, 499, 599, 498, 599, 598, 499, 400, 500, 499, 500, 599, 500, 501, 601, 500, 601, 600, 501, 502, 602, 501, 602, 601, 502, 503, 603, 502, 603, 602, 503, 504, 604, 503, 604, 603, 504, 505, 605, 504, 605, 604, 505, 506, 606, 505, 606, 605, 506, 507, 607, 506, 607, 606, 507, 508, 608, 507, 608, 607, 508, 509, 609, 508, 609, 608, 509, 510, 610, 509, 610, 609, 510, 511, 611, 510, 611, 610, 511, 512, 612, 511, 612, 611, 512, 513, 613, 512, 613, 612, 513, 514, 614, 513, 614, 613, 514, 515, 615, 514, 615, 614, 515, 516, 616, 515, 616, 615, 516, 517, 617, 516, 617, 616, 517, 518, 618, 517, 618, 617, 518, 519, 619, 518, 619, 618, 519, 520, 620, 519, 620, 619, 520, 521, 621, 520, 621, 620, 521, 522, 622, 521, 622, 621, 522, 523, 623, 522, 623, 622, 523, 524, 624, 523, 624, 623, 524, 525, 625, 524, 625, 624, 525, 526, 626, 525, 626, 625, 526, 527, 627, 526, 627, 626, 527, 528, 628, 527, 628, 627, 528, 529, 629, 528, 629, 628, 529, 530, 630, 529, 630, 629, 530, 531, 631, 530, 631, 630, 531, 532, 632, 531, 632, 631, 532, 533, 633, 532, 633, 632, 533, 534, 634, 533, 634, 633, 534, 535, 635, 534, 635, 634, 535, 536, 636, 535, 636, 635, 536, 537, 637, 536, 637, 636, 537, 538, 638, 537, 638, 637, 538, 539, 639, 538, 639, 638, 539, 540, 640, 539, 640, 639, 540, 541, 641, 540, 641, 640, 541, 542, 642, 541, 642, 641, 542, 543, 643, 542, 643, 642, 543, 544, 644, 543, 644, 643, 544, 545, 645, 544, 645, 644, 545, 546, 646, 545, 646, 645, 546, 547, 647, 546, 647, 646, 547, 548, 648, 547, 648, 647, 548, 549, 649, 548, 649, 648, 549, 550, 650, 549, 650, 649, 550, 551, 651, 550, 651, 650, 551, 552, 652, 551, 652, 651, 552, 553, 653, 552, 653, 652, 553, 554, 654, 553, 654, 653, 554, 555, 655, 554, 655, 654, 555, 556, 656, 555, 656, 655, 556, 557, 657, 556, 657, 656, 557, 558, 658, 557, 658, 657, 558, 559, 659, 558, 659, 658, 559, 560, 660, 559, 660, 659, 560, 561, 661, 560, 661, 660, 561, 562, 662, 561, 662, 661, 562, 563, 663, 562, 663, 662, 563, 564, 664, 563, 664, 663, 564, 565, 665, 564, 665, 664, 565, 566, 666, 565, 666, 665, 566, 567, 667, 566, 667, 666, 567, 568, 668, 567, 668, 667, 568, 569, 669, 568, 669, 668, 569, 570, 670, 569, 670, 669, 570, 571, 671, 570, 671, 670, 571, 572, 672, 571, 672, 671, 572, 573, 673, 572, 673, 672, 573, 574, 674, 573, 674, 673, 574, 575, 675, 574, 675, 674, 575, 576, 676, 575, 676, 675, 576, 577, 677, 576, 677, 676, 577, 578, 678, 577, 678, 677, 578, 579, 679, 578, 679, 678, 579, 580, 680, 579, 680, 679, 580, 581, 681, 580, 681, 680, 581, 582, 682, 581, 682, 681, 582, 583, 683, 582, 683, 682, 583, 584, 684, 583, 684, 683, 584, 585, 685, 584, 685, 684, 585, 586, 686, 585, 686, 685, 586, 587, 687, 586, 687, 686, 587, 588, 688, 587, 688, 687, 588, 589, 689, 588, 689, 688, 589, 590, 690, 589, 690, 689, 590, 591, 691, 590, 691, 690, 591, 592, 692, 591, 692, 691, 592, 593, 693, 592, 693, 692, 593, 594, 694, 593, 694, 693, 594, 595, 695, 594, 695, 694, 595, 596, 696, 595, 696, 695, 596, 597, 697, 596, 697, 696, 597, 598, 698, 597, 698, 697, 598, 599, 699, 598, 699, 698, 599, 500, 600, 599, 600, 699, 600, 601, 701, 600, 701, 700, 601, 602, 702, 601, 702, 701, 602, 603, 703, 602, 703, 702, 603, 604, 704, 603, 704, 703, 604, 605, 705, 604, 705, 704, 605, 606, 706, 605, 706, 705, 606, 607, 707, 606, 707, 706, 607, 608, 708, 607, 708, 707, 608, 609, 709, 608, 709, 708, 609, 610, 710, 609, 710, 709, 610, 611, 711, 610, 711, 710, 611, 612, 712, 611, 712, 711, 612, 613, 713, 612, 713, 712, 613, 614, 714, 613, 714, 713, 614, 615, 715, 614, 715, 714, 615, 616, 716, 615, 716, 715, 616, 617, 717, 616, 717, 716, 617, 618, 718, 617, 718, 717, 618, 619, 719, 618, 719, 718, 619, 620, 720, 619, 720, 719, 620, 621, 721, 620, 721, 720, 621, 622, 722, 621, 722, 721, 622, 623, 723, 622, 723, 722, 623, 624, 724, 623, 724, 723, 624, 625, 725, 624, 725, 724, 625, 626, 726, 625, 726, 725, 626, 627, 727, 626, 727, 726, 627, 628, 728, 627, 728, 727, 628, 629, 729, 628, 729, 728, 629, 630, 730, 629, 730, 729, 630, 631, 731, 630, 731, 730, 631, 632, 732, 631, 732, 731, 632, 633, 733, 632, 733, 732, 633, 634, 734, 633, 734, 733, 634, 635, 735, 634, 735, 734, 635, 636, 736, 635, 736, 735, 636, 637, 737, 636, 737, 736, 637, 638, 738, 637, 738, 737, 638, 639, 739, 638, 739, 738, 639, 640, 740, 639, 740, 739, 640, 641, 741, 640, 741, 740, 641, 642, 742, 641, 742, 741, 642, 643, 743, 642, 743, 742, 643, 644, 744, 643, 744, 743, 644, 645, 745, 644, 745, 744, 645, 646, 746, 645, 746, 745, 646, 647, 747, 646, 747, 746, 647, 648, 748, 647, 748, 747, 648, 649, 749, 648, 749, 748, 649, 650, 750, 649, 750, 749, 650, 651, 751, 650, 751, 750, 651, 652, 752, 651, 752, 751, 652, 653, 753, 652, 753, 752, 653, 654, 754, 653, 754, 753, 654, 655, 755, 654, 755, 754, 655, 656, 756, 655, 756, 755, 656, 657, 757, 656, 757, 756, 657, 658, 758, 657, 758, 757, 658, 659, 759, 658, 759, 758, 659, 660, 760, 659, 760, 759, 660, 661, 761, 660, 761, 760, 661, 662, 762, 661, 762, 761, 662, 663, 763, 662, 763, 762, 663, 664, 764, 663, 764, 763, 664, 665, 765, 664, 765, 764, 665, 666, 766, 665, 766, 765, 666, 667, 767, 666, 767, 766, 667, 668, 768, 667, 768, 767, 668, 669, 769, 668, 769, 768, 669, 670, 770, 669, 770, 769, 670, 671, 771, 670, 771, 770, 671, 672, 772, 671, 772, 771, 672, 673, 773, 672, 773, 772, 673, 674, 774, 673, 774, 773, 674, 675, 775, 674, 775, 774, 675, 676, 776, 675, 776, 775, 676, 677, 777, 676, 777, 776, 677, 678, 778, 677, 778, 777, 678, 679, 779, 678, 779, 778, 679, 680, 780, 679, 780, 779, 680, 681, 781, 680, 781, 780, 681, 682, 782, 681, 782, 781, 682, 683, 783, 682, 783, 782, 683, 684, 784, 683, 784, 783, 684, 685, 785, 684, 785, 784, 685, 686, 786, 685, 786, 785, 686, 687, 787, 686, 787, 786, 687, 688, 788, 687, 788, 787, 688, 689, 789, 688, 789, 788, 689, 690, 790, 689, 790, 789, 690, 691, 791, 690, 791, 790, 691, 692, 792, 691, 792, 791, 692, 693, 793, 692, 793, 792, 693, 694, 794, 693, 794, 793, 694, 695, 795, 694, 795, 794, 695, 696, 796, 695, 796, 795, 696, 697, 797, 696, 797, 796, 697, 698, 798, 697, 798, 797, 698, 699, 799, 698, 799, 798, 699, 600, 700, 699, 700, 799, 700, 701, 801, 700, 801, 800, 701, 702, 802, 701, 802, 801, 702, 703, 803, 702, 803, 802, 703, 704, 804, 703, 804, 803, 704, 705, 805, 704, 805, 804, 705, 706, 806, 705, 806, 805, 706, 707, 807, 706, 807, 806, 707, 708, 808, 707, 808, 807, 708, 709, 809, 708, 809, 808, 709, 710, 810, 709, 810, 809, 710, 711, 811, 710, 811, 810, 711, 712, 812, 711, 812, 811, 712, 713, 813, 712, 813, 812, 713, 714, 814, 713, 814, 813, 714, 715, 815, 714, 815, 814, 715, 716, 816, 715, 816, 815, 716, 717, 817, 716, 817, 816, 717, 718, 818, 717, 818, 817, 718, 719, 819, 718, 819, 818, 719, 720, 820, 719, 820, 819, 720, 721, 821, 720, 821, 820, 721, 722, 822, 721, 822, 821, 722, 723, 823, 722, 823, 822, 723, 724, 824, 723, 824, 823, 724, 725, 825, 724, 825, 824, 725, 726, 826, 725, 826, 825, 726, 727, 827, 726, 827, 826, 727, 728, 828, 727, 828, 827, 728, 729, 829, 728, 829, 828, 729, 730, 830, 729, 830, 829, 730, 731, 831, 730, 831, 830, 731, 732, 832, 731, 832, 831, 732, 733, 833, 732, 833, 832, 733, 734, 834, 733, 834, 833, 734, 735, 835, 734, 835, 834, 735, 736, 836, 735, 836, 835, 736, 737, 837, 736, 837, 836, 737, 738, 838, 737, 838, 837, 738, 739, 839, 738, 839, 838, 739, 740, 840, 739, 840, 839, 740, 741, 841, 740, 841, 840, 741, 742, 842, 741, 842, 841, 742, 743, 843, 742, 843, 842, 743, 744, 844, 743, 844, 843, 744, 745, 845, 744, 845, 844, 745, 746, 846, 745, 846, 845, 746, 747, 847, 746, 847, 846, 747, 748, 848, 747, 848, 847, 748, 749, 849, 748, 849, 848, 749, 750, 850, 749, 850, 849, 750, 751, 851, 750, 851, 850, 751, 752, 852, 751, 852, 851, 752, 753, 853, 752, 853, 852, 753, 754, 854, 753, 854, 853, 754, 755, 855, 754, 855, 854, 755, 756, 856, 755, 856, 855, 756, 757, 857, 756, 857, 856, 757, 758, 858, 757, 858, 857, 758, 759, 859, 758, 859, 858, 759, 760, 860, 759, 860, 859, 760, 761, 861, 760, 861, 860, 761, 762, 862, 761, 862, 861, 762, 763, 863, 762, 863, 862, 763, 764, 864, 763, 864, 863, 764, 765, 865, 764, 865, 864, 765, 766, 866, 765, 866, 865, 766, 767, 867, 766, 867, 866, 767, 768, 868, 767, 868, 867, 768, 769, 869, 768, 869, 868, 769, 770, 870, 769, 870, 869, 770, 771, 871, 770, 871, 870, 771, 772, 872, 771, 872, 871, 772, 773, 873, 772, 873, 872, 773, 774, 874, 773, 874, 873, 774, 775, 875, 774, 875, 874, 775, 776, 876, 775, 876, 875, 776, 777, 877, 776, 877, 876, 777, 778, 878, 777, 878, 877, 778, 779, 879, 778, 879, 878, 779, 780, 880, 779, 880, 879, 780, 781, 881, 780, 881, 880, 781, 782, 882, 781, 882, 881, 782, 783, 883, 782, 883, 882, 783, 784, 884, 783, 884, 883, 784, 785, 885, 784, 885, 884, 785, 786, 886, 785, 886, 885, 786, 787, 887, 786, 887, 886, 787, 788, 888, 787, 888, 887, 788, 789, 889, 788, 889, 888, 789, 790, 890, 789, 890, 889, 790, 791, 891, 790, 891, 890, 791, 792, 892, 791, 892, 891, 792, 793, 893, 792, 893, 892, 793, 794, 894, 793, 894, 893, 794, 795, 895, 794, 895, 894, 795, 796, 896, 795, 896, 895, 796, 797, 897, 796, 897, 896, 797, 798, 898, 797, 898, 897, 798, 799, 899, 798, 899, 898, 799, 700, 800, 799, 800, 899, 800, 801, 901, 800, 901, 900, 801, 802, 902, 801, 902, 901, 802, 803, 903, 802, 903, 902, 803, 804, 904, 803, 904, 903, 804, 805, 905, 804, 905, 904, 805, 806, 906, 805, 906, 905, 806, 807, 907, 806, 907, 906, 807, 808, 908, 807, 908, 907, 808, 809, 909, 808, 909, 908, 809, 810, 910, 809, 910, 909, 810, 811, 911, 810, 911, 910, 811, 812, 912, 811, 912, 911, 812, 813, 913, 812, 913, 912, 813, 814, 914, 813, 914, 913, 814, 815, 915, 814, 915, 914, 815, 816, 916, 815, 916, 915, 816, 817, 917, 816, 917, 916, 817, 818, 918, 817, 918, 917, 818, 819, 919, 818, 919, 918, 819, 820, 920, 819, 920, 919, 820, 821, 921, 820, 921, 920, 821, 822, 922, 821, 922, 921, 822, 823, 923, 822, 923, 922, 823, 824, 924, 823, 924, 923, 824, 825, 925, 824, 925, 924, 825, 826, 926, 825, 926, 925, 826, 827, 927, 826, 927, 926, 827, 828, 928, 827, 928, 927, 828, 829, 929, 828, 929, 928, 829, 830, 930, 829, 930, 929, 830, 831, 931, 830, 931, 930, 831, 832, 932, 831, 932, 931, 832, 833, 933, 832, 933, 932, 833, 834, 934, 833, 934, 933, 834, 835, 935, 834, 935, 934, 835, 836, 936, 835, 936, 935, 836, 837, 937, 836, 937, 936, 837, 838, 938, 837, 938, 937, 838, 839, 939, 838, 939, 938, 839, 840, 940, 839, 940, 939, 840, 841, 941, 840, 941, 940, 841, 842, 942, 841, 942, 941, 842, 843, 943, 842, 943, 942, 843, 844, 944, 843, 944, 943, 844, 845, 945, 844, 945, 944, 845, 846, 946, 845, 946, 945, 846, 847, 947, 846, 947, 946, 847, 848, 948, 847, 948, 947, 848, 849, 949, 848, 949, 948, 849, 850, 950, 849, 950, 949, 850, 851, 951, 850, 951, 950, 851, 852, 952, 851, 952, 951, 852, 853, 953, 852, 953, 952, 853, 854, 954, 853, 954, 953, 854, 855, 955, 854, 955, 954, 855, 856, 956, 855, 956, 955, 856, 857, 957, 856, 957, 956, 857, 858, 958, 857, 958, 957, 858, 859, 959, 858, 959, 958, 859, 860, 960, 859, 960, 959, 860, 861, 961, 860, 961, 960, 861, 862, 962, 861, 962, 961, 862, 863, 963, 862, 963, 962, 863, 864, 964, 863, 964, 963, 864, 865, 965, 864, 965, 964, 865, 866, 966, 865, 966, 965, 866, 867, 967, 866, 967, 966, 867, 868, 968, 867, 968, 967, 868, 869, 969, 868, 969, 968, 869, 870, 970, 869, 970, 969, 870, 871, 971, 870, 971, 970, 871, 872, 972, 871, 972, 971, 872, 873, 973, 872, 973, 972, 873, 874, 974, 873, 974, 973, 874, 875, 975, 874, 975, 974, 875, 876, 976, 875, 976, 975, 876, 877, 977, 876, 977, 976, 877, 878, 978, 877, 978, 977, 878, 879, 979, 878, 979, 978, 879, 880, 980, 879, 980, 979, 880, 881, 981, 880, 981, 980, 881, 882, 982, 881, 982, 981, 882, 883, 983, 882, 983, 982, 883, 884, 984, 883, 984, 983, 884, 885, 985, 884, 985, 984, 885, 886, 986, 885, 986, 985, 886, 887, 987, 886, 987, 986, 887, 888, 988, 887, 988, 987, 888, 889, 989, 888, 989, 988, 889, 890, 990, 889, 990, 989, 890, 891, 991, 890, 991, 990, 891, 892, 992, 891, 992, 991, 892, 893, 993, 892, 993, 992, 893, 894, 994, 893, 994, 993, 894, 895, 995, 894, 995, 994, 895, 896, 996, 895, 996, 995, 896, 897, 997, 896, 997, 996, 897, 898, 998, 897, 998, 997, 898, 899, 999, 898, 999, 998, 899, 800, 900, 899, 900, 999, 900, 901, 1001, 900, 1001, 1000, 901, 902, 1002, 901, 1002, 1001, 902, 903, 1003, 902, 1003, 1002, 903, 904, 1004, 903, 1004, 1003, 904, 905, 1005, 904, 1005, 1004, 905, 906, 1006, 905, 1006, 1005, 906, 907, 1007, 906, 1007, 1006, 907, 908, 1008, 907, 1008, 1007, 908, 909, 1009, 908, 1009, 1008, 909, 910, 1010, 909, 1010, 1009, 910, 911, 1011, 910, 1011, 1010, 911, 912, 1012, 911, 1012, 1011, 912, 913, 1013, 912, 1013, 1012, 913, 914, 1014, 913, 1014, 1013, 914, 915, 1015, 914, 1015, 1014, 915, 916, 1016, 915, 1016, 1015, 916, 917, 1017, 916, 1017, 1016, 917, 918, 1018, 917, 1018, 1017, 918, 919, 1019, 918, 1019, 1018, 919, 920, 1020, 919, 1020, 1019, 920, 921, 1021, 920, 1021, 1020, 921, 922, 1022, 921, 1022, 1021, 922, 923, 1023, 922, 1023, 1022, 923, 924, 1024, 923, 1024, 1023, 924, 925, 1025, 924, 1025, 1024, 925, 926, 1026, 925, 1026, 1025, 926, 927, 1027, 926, 1027, 1026, 927, 928, 1028, 927, 1028, 1027, 928, 929, 1029, 928, 1029, 1028, 929, 930, 1030, 929, 1030, 1029, 930, 931, 1031, 930, 1031, 1030, 931, 932, 1032, 931, 1032, 1031, 932, 933, 1033, 932, 1033, 1032, 933, 934, 1034, 933, 1034, 1033, 934, 935, 1035, 934, 1035, 1034, 935, 936, 1036, 935, 1036, 1035, 936, 937, 1037, 936, 1037, 1036, 937, 938, 1038, 937, 1038, 1037, 938, 939, 1039, 938, 1039, 1038, 939, 940, 1040, 939, 1040, 1039, 940, 941, 1041, 940, 1041, 1040, 941, 942, 1042, 941, 1042, 1041, 942, 943, 1043, 942, 1043, 1042, 943, 944, 1044, 943, 1044, 1043, 944, 945, 1045, 944, 1045, 1044, 945, 946, 1046, 945, 1046, 1045, 946, 947, 1047, 946, 1047, 1046, 947, 948, 1048, 947, 1048, 1047, 948, 949, 1049, 948, 1049, 1048, 949, 950, 1050, 949, 1050, 1049, 950, 951, 1051, 950, 1051, 1050, 951, 952, 1052, 951, 1052, 1051, 952, 953, 1053, 952, 1053, 1052, 953, 954, 1054, 953, 1054, 1053, 954, 955, 1055, 954, 1055, 1054, 955, 956, 1056, 955, 1056, 1055, 956, 957, 1057, 956, 1057, 1056, 957, 958, 1058, 957, 1058, 1057, 958, 959, 1059, 958, 1059, 1058, 959, 960, 1060, 959, 1060, 1059, 960, 961, 1061, 960, 1061, 1060, 961, 962, 1062, 961, 1062, 1061, 962, 963, 1063, 962, 1063, 1062, 963, 964, 1064, 963, 1064, 1063, 964, 965, 1065, 964, 1065, 1064, 965, 966, 1066, 965, 1066, 1065, 966, 967, 1067, 966, 1067, 1066, 967, 968, 1068, 967, 1068, 1067, 968, 969, 1069, 968, 1069, 1068, 969, 970, 1070, 969, 1070, 1069, 970, 971, 1071, 970, 1071, 1070, 971, 972, 1072, 971, 1072, 1071, 972, 973, 1073, 972, 1073, 1072, 973, 974, 1074, 973, 1074, 1073, 974, 975, 1075, 974, 1075, 1074, 975, 976, 1076, 975, 1076, 1075, 976, 977, 1077, 976, 1077, 1076, 977, 978, 1078, 977, 1078, 1077, 978, 979, 1079, 978, 1079, 1078, 979, 980, 1080, 979, 1080, 1079, 980, 981, 1081, 980, 1081, 1080, 981, 982, 1082, 981, 1082, 1081, 982, 983, 1083, 982, 1083, 1082, 983, 984, 1084, 983, 1084, 1083, 984, 985, 1085, 984, 1085, 1084, 985, 986, 1086, 985, 1086, 1085, 986, 987, 1087, 986, 1087, 1086, 987, 988, 1088, 987, 1088, 1087, 988, 989, 1089, 988, 1089, 1088, 989, 990, 1090, 989, 1090, 1089, 990, 991, 1091, 990, 1091, 1090, 991, 992, 1092, 991, 1092, 1091, 992, 993, 1093, 992, 1093, 1092, 993, 994, 1094, 993, 1094, 1093, 994, 995, 1095, 994, 1095, 1094, 995, 996, 1096, 995, 1096, 1095, 996, 997, 1097, 996, 1097, 1096, 997, 998, 1098, 997, 1098, 1097, 998, 999, 1099, 998, 1099, 1098, 999, 900, 1000, 999, 1000, 1099, 1000, 1001, 1101, 1000, 1101, 1100, 1001, 1002, 1102, 1001, 1102, 1101, 1002, 1003, 1103, 1002, 1103, 1102, 1003, 1004, 1104, 1003, 1104, 1103, 1004, 1005, 1105, 1004, 1105, 1104, 1005, 1006, 1106, 1005, 1106, 1105, 1006, 1007, 1107, 1006, 1107, 1106, 1007, 1008, 1108, 1007, 1108, 1107, 1008, 1009, 1109, 1008, 1109, 1108, 1009, 1010, 1110, 1009, 1110, 1109, 1010, 1011, 1111, 1010, 1111, 1110, 1011, 1012, 1112, 1011, 1112, 1111, 1012, 1013, 1113, 1012, 1113, 1112, 1013, 1014, 1114, 1013, 1114, 1113, 1014, 1015, 1115, 1014, 1115, 1114, 1015, 1016, 1116, 1015, 1116, 1115, 1016, 1017, 1117, 1016, 1117, 1116, 1017, 1018, 1118, 1017, 1118, 1117, 1018, 1019, 1119, 1018, 1119, 1118, 1019, 1020, 1120, 1019, 1120, 1119, 1020, 1021, 1121, 1020, 1121, 1120, 1021, 1022, 1122, 1021, 1122, 1121, 1022, 1023, 1123, 1022, 1123, 1122, 1023, 1024, 1124, 1023, 1124, 1123, 1024, 1025, 1125, 1024, 1125, 1124, 1025, 1026, 1126, 1025, 1126, 1125, 1026, 1027, 1127, 1026, 1127, 1126, 1027, 1028, 1128, 1027, 1128, 1127, 1028, 1029, 1129, 1028, 1129, 1128, 1029, 1030, 1130, 1029, 1130, 1129, 1030, 1031, 1131, 1030, 1131, 1130, 1031, 1032, 1132, 1031, 1132, 1131, 1032, 1033, 1133, 1032, 1133, 1132, 1033, 1034, 1134, 1033, 1134, 1133, 1034, 1035, 1135, 1034, 1135, 1134, 1035, 1036, 1136, 1035, 1136, 1135, 1036, 1037, 1137, 1036, 1137, 1136, 1037, 1038, 1138, 1037, 1138, 1137, 1038, 1039, 1139, 1038, 1139, 1138, 1039, 1040, 1140, 1039, 1140, 1139, 1040, 1041, 1141, 1040, 1141, 1140, 1041, 1042, 1142, 1041, 1142, 1141, 1042, 1043, 1143, 1042, 1143, 1142, 1043, 1044, 1144, 1043, 1144, 1143, 1044, 1045, 1145, 1044, 1145, 1144, 1045, 1046, 1146, 1045, 1146, 1145, 1046, 1047, 1147, 1046, 1147, 1146, 1047, 1048, 1148, 1047, 1148, 1147, 1048, 1049, 1149, 1048, 1149, 1148, 1049, 1050, 1150, 1049, 1150, 1149, 1050, 1051, 1151, 1050, 1151, 1150, 1051, 1052, 1152, 1051, 1152, 1151, 1052, 1053, 1153, 1052, 1153, 1152, 1053, 1054, 1154, 1053, 1154, 1153, 1054, 1055, 1155, 1054, 1155, 1154, 1055, 1056, 1156, 1055, 1156, 1155, 1056, 1057, 1157, 1056, 1157, 1156, 1057, 1058, 1158, 1057, 1158, 1157, 1058, 1059, 1159, 1058, 1159, 1158, 1059, 1060, 1160, 1059, 1160, 1159, 1060, 1061, 1161, 1060, 1161, 1160, 1061, 1062, 1162, 1061, 1162, 1161, 1062, 1063, 1163, 1062, 1163, 1162, 1063, 1064, 1164, 1063, 1164, 1163, 1064, 1065, 1165, 1064, 1165, 1164, 1065, 1066, 1166, 1065, 1166, 1165, 1066, 1067, 1167, 1066, 1167, 1166, 1067, 1068, 1168, 1067, 1168, 1167, 1068, 1069, 1169, 1068, 1169, 1168, 1069, 1070, 1170, 1069, 1170, 1169, 1070, 1071, 1171, 1070, 1171, 1170, 1071, 1072, 1172, 1071, 1172, 1171, 1072, 1073, 1173, 1072, 1173, 1172, 1073, 1074, 1174, 1073, 1174, 1173, 1074, 1075, 1175, 1074, 1175, 1174, 1075, 1076, 1176, 1075, 1176, 1175, 1076, 1077, 1177, 1076, 1177, 1176, 1077, 1078, 1178, 1077, 1178, 1177, 1078, 1079, 1179, 1078, 1179, 1178, 1079, 1080, 1180, 1079, 1180, 1179, 1080, 1081, 1181, 1080, 1181, 1180, 1081, 1082, 1182, 1081, 1182, 1181, 1082, 1083, 1183, 1082, 1183, 1182, 1083, 1084, 1184, 1083, 1184, 1183, 1084, 1085, 1185, 1084, 1185, 1184, 1085, 1086, 1186, 1085, 1186, 1185, 1086, 1087, 1187, 1086, 1187, 1186, 1087, 1088, 1188, 1087, 1188, 1187, 1088, 1089, 1189, 1088, 1189, 1188, 1089, 1090, 1190, 1089, 1190, 1189, 1090, 1091, 1191, 1090, 1191, 1190, 1091, 1092, 1192, 1091, 1192, 1191, 1092, 1093, 1193, 1092, 1193, 1192, 1093, 1094, 1194, 1093, 1194, 1193, 1094, 1095, 1195, 1094, 1195, 1194, 1095, 1096, 1196, 1095, 1196, 1195, 1096, 1097, 1197, 1096, 1197, 1196, 1097, 1098, 1198, 1097, 1198, 1197, 1098, 1099, 1199, 1098, 1199, 1198, 1099, 1000, 1100, 1099, 1100, 1199, 1100, 1101, 1201, 1100, 1201, 1200, 1101, 1102, 1202, 1101, 1202, 1201, 1102, 1103, 1203, 1102, 1203, 1202, 1103, 1104, 1204, 1103, 1204, 1203, 1104, 1105, 1205, 1104, 1205, 1204, 1105, 1106, 1206, 1105, 1206, 1205, 1106, 1107, 1207, 1106, 1207, 1206, 1107, 1108, 1208, 1107, 1208, 1207, 1108, 1109, 1209, 1108, 1209, 1208, 1109, 1110, 1210, 1109, 1210, 1209, 1110, 1111, 1211, 1110, 1211, 1210, 1111, 1112, 1212, 1111, 1212, 1211, 1112, 1113, 1213, 1112, 1213, 1212, 1113, 1114, 1214, 1113, 1214, 1213, 1114, 1115, 1215, 1114, 1215, 1214, 1115, 1116, 1216, 1115, 1216, 1215, 1116, 1117, 1217, 1116, 1217, 1216, 1117, 1118, 1218, 1117, 1218, 1217, 1118, 1119, 1219, 1118, 1219, 1218, 1119, 1120, 1220, 1119, 1220, 1219, 1120, 1121, 1221, 1120, 1221, 1220, 1121, 1122, 1222, 1121, 1222, 1221, 1122, 1123, 1223, 1122, 1223, 1222, 1123, 1124, 1224, 1123, 1224, 1223, 1124, 1125, 1225, 1124, 1225, 1224, 1125, 1126, 1226, 1125, 1226, 1225, 1126, 1127, 1227, 1126, 1227, 1226, 1127, 1128, 1228, 1127, 1228, 1227, 1128, 1129, 1229, 1128, 1229, 1228, 1129, 1130, 1230, 1129, 1230, 1229, 1130, 1131, 1231, 1130, 1231, 1230, 1131, 1132, 1232, 1131, 1232, 1231, 1132, 1133, 1233, 1132, 1233, 1232, 1133, 1134, 1234, 1133, 1234, 1233, 1134, 1135, 1235, 1134, 1235, 1234, 1135, 1136, 1236, 1135, 1236, 1235, 1136, 1137, 1237, 1136, 1237, 1236, 1137, 1138, 1238, 1137, 1238, 1237, 1138, 1139, 1239, 1138, 1239, 1238, 1139, 1140, 1240, 1139, 1240, 1239, 1140, 1141, 1241, 1140, 1241, 1240, 1141, 1142, 1242, 1141, 1242, 1241, 1142, 1143, 1243, 1142, 1243, 1242, 1143, 1144, 1244, 1143, 1244, 1243, 1144, 1145, 1245, 1144, 1245, 1244, 1145, 1146, 1246, 1145, 1246, 1245, 1146, 1147, 1247, 1146, 1247, 1246, 1147, 1148, 1248, 1147, 1248, 1247, 1148, 1149, 1249, 1148, 1249, 1248, 1149, 1150, 1250, 1149, 1250, 1249, 1150, 1151, 1251, 1150, 1251, 1250, 1151, 1152, 1252, 1151, 1252, 1251, 1152, 1153, 1253, 1152, 1253, 1252, 1153, 1154, 1254, 1153, 1254, 1253, 1154, 1155, 1255, 1154, 1255, 1254, 1155, 1156, 1256, 1155, 1256, 1255, 1156, 1157, 1257, 1156, 1257, 1256, 1157, 1158, 1258, 1157, 1258, 1257, 1158, 1159, 1259, 1158, 1259, 1258, 1159, 1160, 1260, 1159, 1260, 1259, 1160, 1161, 1261, 1160, 1261, 1260, 1161, 1162, 1262, 1161, 1262, 1261, 1162, 1163, 1263, 1162, 1263, 1262, 1163, 1164, 1264, 1163, 1264, 1263, 1164, 1165, 1265, 1164, 1265, 1264, 1165, 1166, 1266, 1165, 1266, 1265, 1166, 1167, 1267, 1166, 1267, 1266, 1167, 1168, 1268, 1167, 1268, 1267, 1168, 1169, 1269, 1168, 1269, 1268, 1169, 1170, 1270, 1169, 1270, 1269, 1170, 1171, 1271, 1170, 1271, 1270, 1171, 1172, 1272, 1171, 1272, 1271, 1172, 1173, 1273, 1172, 1273, 1272, 1173, 1174, 1274, 1173, 1274, 1273, 1174, 1175, 1275, 1174, 1275, 1274, 1175, 1176, 1276, 1175, 1276, 1275, 1176, 1177, 1277, 1176, 1277, 1276, 1177, 1178, 1278, 1177, 1278, 1277, 1178, 1179, 1279, 1178, 1279, 1278, 1179, 1180, 1280, 1179, 1280, 1279, 1180, 1181, 1281, 1180, 1281, 1280, 1181, 1182, 1282, 1181, 1282, 1281, 1182, 1183, 1283, 1182, 1283, 1282, 1183, 1184, 1284, 1183, 1284, 1283, 1184, 1185, 1285, 1184, 1285, 1284, 1185, 1186, 1286, 1185, 1286, 1285, 1186, 1187, 1287, 1186, 1287, 1286, 1187, 1188, 1288, 1187, 1288, 1287, 1188, 1189, 1289, 1188, 1289, 1288, 1189, 1190, 1290, 1189, 1290, 1289, 1190, 1191, 1291, 1190, 1291, 1290, 1191, 1192, 1292, 1191, 1292, 1291, 1192, 1193, 1293, 1192, 1293, 1292, 1193, 1194, 1294, 1193, 1294, 1293, 1194, 1195, 1295, 1194, 1295, 1294, 1195, 1196, 1296, 1195, 1296, 1295, 1196, 1197, 1297, 1196, 1297, 1296, 1197, 1198, 1298, 1197, 1298, 1297, 1198, 1199, 1299, 1198, 1299, 1298, 1199, 1100, 1200, 1199, 1200, 1299, 1200, 1201, 1301, 1200, 1301, 1300, 1201, 1202, 1302, 1201, 1302, 1301, 1202, 1203, 1303, 1202, 1303, 1302, 1203, 1204, 1304, 1203, 1304, 1303, 1204, 1205, 1305, 1204, 1305, 1304, 1205, 1206, 1306, 1205, 1306, 1305, 1206, 1207, 1307, 1206, 1307, 1306, 1207, 1208, 1308, 1207, 1308, 1307, 1208, 1209, 1309, 1208, 1309, 1308, 1209, 1210, 1310, 1209, 1310, 1309, 1210, 1211, 1311, 1210, 1311, 1310, 1211, 1212, 1312, 1211, 1312, 1311, 1212, 1213, 1313, 1212, 1313, 1312, 1213, 1214, 1314, 1213, 1314, 1313, 1214, 1215, 1315, 1214, 1315, 1314, 1215, 1216, 1316, 1215, 1316, 1315, 1216, 1217, 1317, 1216, 1317, 1316, 1217, 1218, 1318, 1217, 1318, 1317, 1218, 1219, 1319, 1218, 1319, 1318, 1219, 1220, 1320, 1219, 1320, 1319, 1220, 1221, 1321, 1220, 1321, 1320, 1221, 1222, 1322, 1221, 1322, 1321, 1222, 1223, 1323, 1222, 1323, 1322, 1223, 1224, 1324, 1223, 1324, 1323, 1224, 1225, 1325, 1224, 1325, 1324, 1225, 1226, 1326, 1225, 1326, 1325, 1226, 1227, 1327, 1226, 1327, 1326, 1227, 1228, 1328, 1227, 1328, 1327, 1228, 1229, 1329, 1228, 1329, 1328, 1229, 1230, 1330, 1229, 1330, 1329, 1230, 1231, 1331, 1230, 1331, 1330, 1231, 1232, 1332, 1231, 1332, 1331, 1232, 1233, 1333, 1232, 1333, 1332, 1233, 1234, 1334, 1233, 1334, 1333, 1234, 1235, 1335, 1234, 1335, 1334, 1235, 1236, 1336, 1235, 1336, 1335, 1236, 1237, 1337, 1236, 1337, 1336, 1237, 1238, 1338, 1237, 1338, 1337, 1238, 1239, 1339, 1238, 1339, 1338, 1239, 1240, 1340, 1239, 1340, 1339, 1240, 1241, 1341, 1240, 1341, 1340, 1241, 1242, 1342, 1241, 1342, 1341, 1242, 1243, 1343, 1242, 1343, 1342, 1243, 1244, 1344, 1243, 1344, 1343, 1244, 1245, 1345, 1244, 1345, 1344, 1245, 1246, 1346, 1245, 1346, 1345, 1246, 1247, 1347, 1246, 1347, 1346, 1247, 1248, 1348, 1247, 1348, 1347, 1248, 1249, 1349, 1248, 1349, 1348, 1249, 1250, 1350, 1249, 1350, 1349, 1250, 1251, 1351, 1250, 1351, 1350, 1251, 1252, 1352, 1251, 1352, 1351, 1252, 1253, 1353, 1252, 1353, 1352, 1253, 1254, 1354, 1253, 1354, 1353, 1254, 1255, 1355, 1254, 1355, 1354, 1255, 1256, 1356, 1255, 1356, 1355, 1256, 1257, 1357, 1256, 1357, 1356, 1257, 1258, 1358, 1257, 1358, 1357, 1258, 1259, 1359, 1258, 1359, 1358, 1259, 1260, 1360, 1259, 1360, 1359, 1260, 1261, 1361, 1260, 1361, 1360, 1261, 1262, 1362, 1261, 1362, 1361, 1262, 1263, 1363, 1262, 1363, 1362, 1263, 1264, 1364, 1263, 1364, 1363, 1264, 1265, 1365, 1264, 1365, 1364, 1265, 1266, 1366, 1265, 1366, 1365, 1266, 1267, 1367, 1266, 1367, 1366, 1267, 1268, 1368, 1267, 1368, 1367, 1268, 1269, 1369, 1268, 1369, 1368, 1269, 1270, 1370, 1269, 1370, 1369, 1270, 1271, 1371, 1270, 1371, 1370, 1271, 1272, 1372, 1271, 1372, 1371, 1272, 1273, 1373, 1272, 1373, 1372, 1273, 1274, 1374, 1273, 1374, 1373, 1274, 1275, 1375, 1274, 1375, 1374, 1275, 1276, 1376, 1275, 1376, 1375, 1276, 1277, 1377, 1276, 1377, 1376, 1277, 1278, 1378, 1277, 1378, 1377, 1278, 1279, 1379, 1278, 1379, 1378, 1279, 1280, 1380, 1279, 1380, 1379, 1280, 1281, 1381, 1280, 1381, 1380, 1281, 1282, 1382, 1281, 1382, 1381, 1282, 1283, 1383, 1282, 1383, 1382, 1283, 1284, 1384, 1283, 1384, 1383, 1284, 1285, 1385, 1284, 1385, 1384, 1285, 1286, 1386, 1285, 1386, 1385, 1286, 1287, 1387, 1286, 1387, 1386, 1287, 1288, 1388, 1287, 1388, 1387, 1288, 1289, 1389, 1288, 1389, 1388, 1289, 1290, 1390, 1289, 1390, 1389, 1290, 1291, 1391, 1290, 1391, 1390, 1291, 1292, 1392, 1291, 1392, 1391, 1292, 1293, 1393, 1292, 1393, 1392, 1293, 1294, 1394, 1293, 1394, 1393, 1294, 1295, 1395, 1294, 1395, 1394, 1295, 1296, 1396, 1295, 1396, 1395, 1296, 1297, 1397, 1296, 1397, 1396, 1297, 1298, 1398, 1297, 1398, 1397, 1298, 1299, 1399, 1298, 1399, 1398, 1299, 1200, 1300, 1299, 1300, 1399, 1300, 1301, 1401, 1300, 1401, 1400, 1301, 1302, 1402, 1301, 1402, 1401, 1302, 1303, 1403, 1302, 1403, 1402, 1303, 1304, 1404, 1303, 1404, 1403, 1304, 1305, 1405, 1304, 1405, 1404, 1305, 1306, 1406, 1305, 1406, 1405, 1306, 1307, 1407, 1306, 1407, 1406, 1307, 1308, 1408, 1307, 1408, 1407, 1308, 1309, 1409, 1308, 1409, 1408, 1309, 1310, 1410, 1309, 1410, 1409, 1310, 1311, 1411, 1310, 1411, 1410, 1311, 1312, 1412, 1311, 1412, 1411, 1312, 1313, 1413, 1312, 1413, 1412, 1313, 1314, 1414, 1313, 1414, 1413, 1314, 1315, 1415, 1314, 1415, 1414, 1315, 1316, 1416, 1315, 1416, 1415, 1316, 1317, 1417, 1316, 1417, 1416, 1317, 1318, 1418, 1317, 1418, 1417, 1318, 1319, 1419, 1318, 1419, 1418, 1319, 1320, 1420, 1319, 1420, 1419, 1320, 1321, 1421, 1320, 1421, 1420, 1321, 1322, 1422, 1321, 1422, 1421, 1322, 1323, 1423, 1322, 1423, 1422, 1323, 1324, 1424, 1323, 1424, 1423, 1324, 1325, 1425, 1324, 1425, 1424, 1325, 1326, 1426, 1325, 1426, 1425, 1326, 1327, 1427, 1326, 1427, 1426, 1327, 1328, 1428, 1327, 1428, 1427, 1328, 1329, 1429, 1328, 1429, 1428, 1329, 1330, 1430, 1329, 1430, 1429, 1330, 1331, 1431, 1330, 1431, 1430, 1331, 1332, 1432, 1331, 1432, 1431, 1332, 1333, 1433, 1332, 1433, 1432, 1333, 1334, 1434, 1333, 1434, 1433, 1334, 1335, 1435, 1334, 1435, 1434, 1335, 1336, 1436, 1335, 1436, 1435, 1336, 1337, 1437, 1336, 1437, 1436, 1337, 1338, 1438, 1337, 1438, 1437, 1338, 1339, 1439, 1338, 1439, 1438, 1339, 1340, 1440, 1339, 1440, 1439, 1340, 1341, 1441, 1340, 1441, 1440, 1341, 1342, 1442, 1341, 1442, 1441, 1342, 1343, 1443, 1342, 1443, 1442, 1343, 1344, 1444, 1343, 1444, 1443, 1344, 1345, 1445, 1344, 1445, 1444, 1345, 1346, 1446, 1345, 1446, 1445, 1346, 1347, 1447, 1346, 1447, 1446, 1347, 1348, 1448, 1347, 1448, 1447, 1348, 1349, 1449, 1348, 1449, 1448, 1349, 1350, 1450, 1349, 1450, 1449, 1350, 1351, 1451, 1350, 1451, 1450, 1351, 1352, 1452, 1351, 1452, 1451, 1352, 1353, 1453, 1352, 1453, 1452, 1353, 1354, 1454, 1353, 1454, 1453, 1354, 1355, 1455, 1354, 1455, 1454, 1355, 1356, 1456, 1355, 1456, 1455, 1356, 1357, 1457, 1356, 1457, 1456, 1357, 1358, 1458, 1357, 1458, 1457, 1358, 1359, 1459, 1358, 1459, 1458, 1359, 1360, 1460, 1359, 1460, 1459, 1360, 1361, 1461, 1360, 1461, 1460, 1361, 1362, 1462, 1361, 1462, 1461, 1362, 1363, 1463, 1362, 1463, 1462, 1363, 1364, 1464, 1363, 1464, 1463, 1364, 1365, 1465, 1364, 1465, 1464, 1365, 1366, 1466, 1365, 1466, 1465, 1366, 1367, 1467, 1366, 1467, 1466, 1367, 1368, 1468, 1367, 1468, 1467, 1368, 1369, 1469, 1368, 1469, 1468, 1369, 1370, 1470, 1369, 1470, 1469, 1370, 1371, 1471, 1370, 1471, 1470, 1371, 1372, 1472, 1371, 1472, 1471, 1372, 1373, 1473, 1372, 1473, 1472, 1373, 1374, 1474, 1373, 1474, 1473, 1374, 1375, 1475, 1374, 1475, 1474, 1375, 1376, 1476, 1375, 1476, 1475, 1376, 1377, 1477, 1376, 1477, 1476, 1377, 1378, 1478, 1377, 1478, 1477, 1378, 1379, 1479, 1378, 1479, 1478, 1379, 1380, 1480, 1379, 1480, 1479, 1380, 1381, 1481, 1380, 1481, 1480, 1381, 1382, 1482, 1381, 1482, 1481, 1382, 1383, 1483, 1382, 1483, 1482, 1383, 1384, 1484, 1383, 1484, 1483, 1384, 1385, 1485, 1384, 1485, 1484, 1385, 1386, 1486, 1385, 1486, 1485, 1386, 1387, 1487, 1386, 1487, 1486, 1387, 1388, 1488, 1387, 1488, 1487, 1388, 1389, 1489, 1388, 1489, 1488, 1389, 1390, 1490, 1389, 1490, 1489, 1390, 1391, 1491, 1390, 1491, 1490, 1391, 1392, 1492, 1391, 1492, 1491, 1392, 1393, 1493, 1392, 1493, 1492, 1393, 1394, 1494, 1393, 1494, 1493, 1394, 1395, 1495, 1394, 1495, 1494, 1395, 1396, 1496, 1395, 1496, 1495, 1396, 1397, 1497, 1396, 1497, 1496, 1397, 1398, 1498, 1397, 1498, 1497, 1398, 1399, 1499, 1398, 1499, 1498, 1399, 1300, 1400, 1399, 1400, 1499, 1400, 1401, 1501, 1400, 1501, 1500, 1401, 1402, 1502, 1401, 1502, 1501, 1402, 1403, 1503, 1402, 1503, 1502, 1403, 1404, 1504, 1403, 1504, 1503, 1404, 1405, 1505, 1404, 1505, 1504, 1405, 1406, 1506, 1405, 1506, 1505, 1406, 1407, 1507, 1406, 1507, 1506, 1407, 1408, 1508, 1407, 1508, 1507, 1408, 1409, 1509, 1408, 1509, 1508, 1409, 1410, 1510, 1409, 1510, 1509, 1410, 1411, 1511, 1410, 1511, 1510, 1411, 1412, 1512, 1411, 1512, 1511, 1412, 1413, 1513, 1412, 1513, 1512, 1413, 1414, 1514, 1413, 1514, 1513, 1414, 1415, 1515, 1414, 1515, 1514, 1415, 1416, 1516, 1415, 1516, 1515, 1416, 1417, 1517, 1416, 1517, 1516, 1417, 1418, 1518, 1417, 1518, 1517, 1418, 1419, 1519, 1418, 1519, 1518, 1419, 1420, 1520, 1419, 1520, 1519, 1420, 1421, 1521, 1420, 1521, 1520, 1421, 1422, 1522, 1421, 1522, 1521, 1422, 1423, 1523, 1422, 1523, 1522, 1423, 1424, 1524, 1423, 1524, 1523, 1424, 1425, 1525, 1424, 1525, 1524, 1425, 1426, 1526, 1425, 1526, 1525, 1426, 1427, 1527, 1426, 1527, 1526, 1427, 1428, 1528, 1427, 1528, 1527, 1428, 1429, 1529, 1428, 1529, 1528, 1429, 1430, 1530, 1429, 1530, 1529, 1430, 1431, 1531, 1430, 1531, 1530, 1431, 1432, 1532, 1431, 1532, 1531, 1432, 1433, 1533, 1432, 1533, 1532, 1433, 1434, 1534, 1433, 1534, 1533, 1434, 1435, 1535, 1434, 1535, 1534, 1435, 1436, 1536, 1435, 1536, 1535, 1436, 1437, 1537, 1436, 1537, 1536, 1437, 1438, 1538, 1437, 1538, 1537, 1438, 1439, 1539, 1438, 1539, 1538, 1439, 1440, 1540, 1439, 1540, 1539, 1440, 1441, 1541, 1440, 1541, 1540, 1441, 1442, 1542, 1441, 1542, 1541, 1442, 1443, 1543, 1442, 1543, 1542, 1443, 1444, 1544, 1443, 1544, 1543, 1444, 1445, 1545, 1444, 1545, 1544, 1445, 1446, 1546, 1445, 1546, 1545, 1446, 1447, 1547, 1446, 1547, 1546, 1447, 1448, 1548, 1447, 1548, 1547, 1448, 1449, 1549, 1448, 1549, 1548, 1449, 1450, 1550, 1449, 1550, 1549, 1450, 1451, 1551, 1450, 1551, 1550, 1451, 1452, 1552, 1451, 1552, 1551, 1452, 1453, 1553, 1452, 1553, 1552, 1453, 1454, 1554, 1453, 1554, 1553, 1454, 1455, 1555, 1454, 1555, 1554, 1455, 1456, 1556, 1455, 1556, 1555, 1456, 1457, 1557, 1456, 1557, 1556, 1457, 1458, 1558, 1457, 1558, 1557, 1458, 1459, 1559, 1458, 1559, 1558, 1459, 1460, 1560, 1459, 1560, 1559, 1460, 1461, 1561, 1460, 1561, 1560, 1461, 1462, 1562, 1461, 1562, 1561, 1462, 1463, 1563, 1462, 1563, 1562, 1463, 1464, 1564, 1463, 1564, 1563, 1464, 1465, 1565, 1464, 1565, 1564, 1465, 1466, 1566, 1465, 1566, 1565, 1466, 1467, 1567, 1466, 1567, 1566, 1467, 1468, 1568, 1467, 1568, 1567, 1468, 1469, 1569, 1468, 1569, 1568, 1469, 1470, 1570, 1469, 1570, 1569, 1470, 1471, 1571, 1470, 1571, 1570, 1471, 1472, 1572, 1471, 1572, 1571, 1472, 1473, 1573, 1472, 1573, 1572, 1473, 1474, 1574, 1473, 1574, 1573, 1474, 1475, 1575, 1474, 1575, 1574, 1475, 1476, 1576, 1475, 1576, 1575, 1476, 1477, 1577, 1476, 1577, 1576, 1477, 1478, 1578, 1477, 1578, 1577, 1478, 1479, 1579, 1478, 1579, 1578, 1479, 1480, 1580, 1479, 1580, 1579, 1480, 1481, 1581, 1480, 1581, 1580, 1481, 1482, 1582, 1481, 1582, 1581, 1482, 1483, 1583, 1482, 1583, 1582, 1483, 1484, 1584, 1483, 1584, 1583, 1484, 1485, 1585, 1484, 1585, 1584, 1485, 1486, 1586, 1485, 1586, 1585, 1486, 1487, 1587, 1486, 1587, 1586, 1487, 1488, 1588, 1487, 1588, 1587, 1488, 1489, 1589, 1488, 1589, 1588, 1489, 1490, 1590, 1489, 1590, 1589, 1490, 1491, 1591, 1490, 1591, 1590, 1491, 1492, 1592, 1491, 1592, 1591, 1492, 1493, 1593, 1492, 1593, 1592, 1493, 1494, 1594, 1493, 1594, 1593, 1494, 1495, 1595, 1494, 1595, 1594, 1495, 1496, 1596, 1495, 1596, 1595, 1496, 1497, 1597, 1496, 1597, 1596, 1497, 1498, 1598, 1497, 1598, 1597, 1498, 1499, 1599, 1498, 1599, 1598, 1499, 1400, 1500, 1499, 1500, 1599, 1500, 1501, 1, 1500, 1, 0, 1501, 1502, 2, 1501, 2, 1, 1502, 1503, 3, 1502, 3, 2, 1503, 1504, 4, 1503, 4, 3, 1504, 1505, 5, 1504, 5, 4, 1505, 1506, 6, 1505, 6, 5, 1506, 1507, 7, 1506, 7, 6, 1507, 1508, 8, 1507, 8, 7, 1508, 1509, 9, 1508, 9, 8, 1509, 1510, 10, 1509, 10, 9, 1510, 1511, 11, 1510, 11, 10, 1511, 1512, 12, 1511, 12, 11, 1512, 1513, 13, 1512, 13, 12, 1513, 1514, 14, 1513, 14, 13, 1514, 1515, 15, 1514, 15, 14, 1515, 1516, 16, 1515, 16, 15, 1516, 1517, 17, 1516, 17, 16, 1517, 1518, 18, 1517, 18, 17, 1518, 1519, 19, 1518, 19, 18, 1519, 1520, 20, 1519, 20, 19, 1520, 1521, 21, 1520, 21, 20, 1521, 1522, 22, 1521, 22, 21, 1522, 1523, 23, 1522, 23, 22, 1523, 1524, 24, 1523, 24, 23, 1524, 1525, 25, 1524, 25, 24, 1525, 1526, 26, 1525, 26, 25, 1526, 1527, 27, 1526, 27, 26, 1527, 1528, 28, 1527, 28, 27, 1528, 1529, 29, 1528, 29, 28, 1529, 1530, 30, 1529, 30, 29, 1530, 1531, 31, 1530, 31, 30, 1531, 1532, 32, 1531, 32, 31, 1532, 1533, 33, 1532, 33, 32, 1533, 1534, 34, 1533, 34, 33, 1534, 1535, 35, 1534, 35, 34, 1535, 1536, 36, 1535, 36, 35, 1536, 1537, 37, 1536, 37, 36, 1537, 1538, 38, 1537, 38, 37, 1538, 1539, 39, 1538, 39, 38, 1539, 1540, 40, 1539, 40, 39, 1540, 1541, 41, 1540, 41, 40, 1541, 1542, 42, 1541, 42, 41, 1542, 1543, 43, 1542, 43, 42, 1543, 1544, 44, 1543, 44, 43, 1544, 1545, 45, 1544, 45, 44, 1545, 1546, 46, 1545, 46, 45, 1546, 1547, 47, 1546, 47, 46, 1547, 1548, 48, 1547, 48, 47, 1548, 1549, 49, 1548, 49, 48, 1549, 1550, 50, 1549, 50, 49, 1550, 1551, 51, 1550, 51, 50, 1551, 1552, 52, 1551, 52, 51, 1552, 1553, 53, 1552, 53, 52, 1553, 1554, 54, 1553, 54, 53, 1554, 1555, 55, 1554, 55, 54, 1555, 1556, 56, 1555, 56, 55, 1556, 1557, 57, 1556, 57, 56, 1557, 1558, 58, 1557, 58, 57, 1558, 1559, 59, 1558, 59, 58, 1559, 1560, 60, 1559, 60, 59, 1560, 1561, 61, 1560, 61, 60, 1561, 1562, 62, 1561, 62, 61, 1562, 1563, 63, 1562, 63, 62, 1563, 1564, 64, 1563, 64, 63, 1564, 1565, 65, 1564, 65, 64, 1565, 1566, 66, 1565, 66, 65, 1566, 1567, 67, 1566, 67, 66, 1567, 1568, 68, 1567, 68, 67, 1568, 1569, 69, 1568, 69, 68, 1569, 1570, 70, 1569, 70, 69, 1570, 1571, 71, 1570, 71, 70, 1571, 1572, 72, 1571, 72, 71, 1572, 1573, 73, 1572, 73, 72, 1573, 1574, 74, 1573, 74, 73, 1574, 1575, 75, 1574, 75, 74, 1575, 1576, 76, 1575, 76, 75, 1576, 1577, 77, 1576, 77, 76, 1577, 1578, 78, 1577, 78, 77, 1578, 1579, 79, 1578, 79, 78, 1579, 1580, 80, 1579, 80, 79, 1580, 1581, 81, 1580, 81, 80, 1581, 1582, 82, 1581, 82, 81, 1582, 1583, 83, 1582, 83, 82, 1583, 1584, 84, 1583, 84, 83, 1584, 1585, 85, 1584, 85, 84, 1585, 1586, 86, 1585, 86, 85, 1586, 1587, 87, 1586, 87, 86, 1587, 1588, 88, 1587, 88, 87, 1588, 1589, 89, 1588, 89, 88, 1589, 1590, 90, 1589, 90, 89, 1590, 1591, 91, 1590, 91, 90, 1591, 1592, 92, 1591, 92, 91, 1592, 1593, 93, 1592, 93, 92, 1593, 1594, 94, 1593, 94, 93, 1594, 1595, 95, 1594, 95, 94, 1595, 1596, 96, 1595, 96, 95, 1596, 1597, 97, 1596, 97, 96, 1597, 1598, 98, 1597, 98, 97, 1598, 1599, 99, 1598, 99, 98, 1599, 1500, 0, 1599, 0, 99]
  normal3f[] normals = [(-0.963624, 0.2672613, -0.0003538), (-0.9962397, 0.0866395, -0.0002783), (-0.9994568, -0.0329569, -0.0002057), (-0.9936004, -0.1129521, -0.0001329), (-0.9858989, -0.1673419, -5.47e-05), (-0.9789265, -0.2042129, 3.47e-05), (-0.9736697, -0.2279636, 0.0001426), (-0.9706401, -0.2405362, 0.0002791), (-0.9703419, -0.2417363, 0.0004616), (-0.9708581, -0.239655, 0.0003177), (-0.9680397, -0.2507972, 1.96e-05), (-0.9618661, -0.2735209, 4.12e-05), (-0.9539054, -0.3001073, 6.12e-05), (-0.9436067, -0.3310686, 7.99e-05), (-0.9302149, -0.3670152, 9.74e-05), (-0.9126944, -0.4086427, 0.0001139), (-0.8896257, -0.4566905, 0.0001295), (-0.8590796, -0.511842, 0.0001442), (-0.8184899, -0.5745208, 0.0001577), (-0.76874, -0.6395613, 0.0002091), (-0.7140305, -0.7001145, 0.0002129), (-0.6536738, -0.7567764, 0.0001418), (-0.5864778, -0.8099653, 6.36e-05), (-0.5160682, -0.8565475, -1.72e-05), (-0.4468402, -0.8946138, -9.55e-05), (-0.3829097, -0.9237857, -0.000167), (-0.3272796, -0.9449275, -0.000229), (-0.2815366, -0.9595505, -0.0002804), (-0.2460177, -0.9692653, -0.000321), (-0.2145032, -0.9767232, -0.0004785), (-0.1813438, -0.9834196, -0.0004956), (-0.149595, -0.9887473, -0.0003514), (-0.1207118, -0.9926876, -0.0002321), (-0.0924994, -0.9957127, -0.0001274), (-0.0632067, -0.9980005, -3.03e-05), (-0.0311211, -0.9995156, 6.45e-05), (0.0057614, -0.9999834, 0.0001616), (0.0501233, -0.998743, 0.0002659), (0.1059086, -0.9943758, 0.0003836), (0.1613962, -0.9868896, 0.0003136), (0.1975326, -0.9802963, 0.0001491), (0.229327, -0.9733494, 0.0001269), (0.2758095, -0.9612123, 9.62e-05), (0.3370511, -0.9414863, 5.65e-05), (0.411881, -0.9112376, 7.8e-06), (0.4972552, -0.8676043, -4.91e-05), (0.5879909, -0.8088675, -0.0001118), (0.6773803, -0.735633, -0.0001767), (0.7587854, -0.6513406, -0.0002397), (0.8342449, -0.551394, -0.0004267), (0.8949882, -0.4460896, -0.0004684), (0.9323064, -0.3616692, -0.0003321), (0.9532681, -0.3021258, -0.0002153), (0.9656414, -0.2598781, -0.0001074), (0.9731318, -0.2302487, -0.0), (0.977584, -0.2105458, 0.0001147), (0.9798972, -0.1995028, 0.0002456), (0.9803815, -0.1971089, 0.0004053), (0.9787837, -0.2048953, 0.0006137), (0.9712256, -0.2381607, 0.0005557), (0.9548537, -0.2970763, 0.000326), (0.9385879, -0.3450402, 0.0003092), (0.9311931, -0.3645261, 0.0002656), (0.9353787, -0.3536476, 0.0001923), (0.9521619, -0.3055941, 8.17e-05), (0.9785134, -0.206183, -7.92e-05), (0.9994317, -0.0337064, -0.0003044), (0.9744627, 0.2245488, -0.0005848), (0.8523784, 0.5229247, -0.0008448), (0.6477557, 0.7618476, -0.0009489), (0.4529201, 0.8915508, -0.0007674), (0.317633, 0.9482136, -0.0005587), (0.2297939, 0.9732392, -0.0003964), (0.1707183, 0.9853198, -0.0002612), (0.1298303, 0.9915362, -0.0001395), (0.1012802, 0.9948579, -2.16e-05), (0.0818521, 0.9966445, 0.0001012), (0.0699447, 0.9975508, 0.0002384), (0.0651922, 0.9978726, 0.0004033), (0.0582893, 0.9982997, 0.0002583), (0.0372248, 0.9993069, -1.79e-05), (0.0101578, 0.9999484, 1.6e-06), (-0.0140831, 0.9999008, 2.29e-05), (-0.0358568, 0.9993569, 4.6e-05), (-0.0554665, 0.9984605, 7.13e-05), (-0.0731673, 0.9973197, 9.89e-05), (-0.0891723, 0.9960162, 0.0001293), (-0.1036577, 0.994613, 0.0001631), (-0.1167665, 0.9931594, 0.0002011), (-0.1140729, 0.9934724, 8.69e-05), (-0.0886254, 0.996065, -7.4e-06), (-0.0670784, 0.9977477, 3.9e-05), (-0.0664367, 0.9977906, 7.32e-05), (-0.0872606, 0.9961855, 9.7e-05), (-0.1325722, 0.9911734, 0.0001102), (-0.208169, 0.9780929, 0.0001107), (-0.3222371, 0.946659, 9.33e-05), (-0.4812093, 0.8766057, 4.92e-05), (-0.6753592, 0.7374889, -3.04e-05), (-0.8593671, 0.511359, -0.000254), (-0.9500882, 0.2850706, -0.1267564), (-0.9881085, 0.0997879, -0.1169784), (-0.9937402, -0.0233058, -0.1092578), (-0.9889634, -0.1056458, -0.1038762), (-0.9817381, -0.1616334, -0.1003241), (-0.9749414, -0.1996732, -0.098081), (-0.9696862, -0.2243879, -0.0967406), (-0.9665328, -0.2379074, -0.0959919), (-0.9659921, -0.2402595, -0.0955755), (-0.966578, -0.2375301, -0.0964701), (-0.9641679, -0.2466514, -0.0976903), (-0.9582261, -0.2688227, -0.0976581), (-0.9505551, -0.2947736, -0.0977417), (-0.9406262, -0.3250009, -0.0979631), (-0.9277167, -0.3600983, -0.0983405), (-0.9108366, -0.4007476, -0.0988837), (-0.8886301, -0.4476815, -0.099588), (-0.8592541, -0.5015953, -0.1004214), (-0.82025, -0.5629627, -0.101306), (-0.7717509, -0.6277023, -0.1019332), (-0.7180526, -0.6884023, -0.1024833), (-0.6592719, -0.7448133, -0.1030228), (-0.5934655, -0.7982113, -0.1032346), (-0.5240764, -0.8454094, -0.1030863), (-0.4554056, -0.8843475, -0.1026412), (-0.3915918, -0.9144643, -0.1020337), (-0.3357477, -0.9364764, -0.1014172), (-0.2895991, -0.9518132, -0.1009158), (-0.2536054, -0.9620624, -0.1005991), (-0.2227137, -0.9696509, -0.1008747), (-0.1902754, -0.9765534, -0.1006916), (-0.1585974, -0.9822656, -0.1000057), (-0.1300382, -0.9864996, -0.099542), (-0.1023408, -0.9897869, -0.0992387), (-0.0737358, -0.9923452, -0.0990658), (-0.0425227, -0.9941769, -0.0990156), (-0.0067406, -0.995055, -0.099097), (0.0362091, -0.9943954, -0.0993315), (0.0901239, -0.9909232, -0.099744), (0.1466816, -0.9840324, -0.10082), (0.1844742, -0.9775395, -0.1019106), (0.2145506, -0.9713248, -0.1024504), (0.2592561, -0.9602574, -0.1034016), (0.3187971, -0.9420203, -0.1047197), (0.3922314, -0.9137093, -0.1062533), (0.4768178, -0.872374, -0.1077419), (0.5676574, -0.8160362, -0.1088578), (0.6581567, -0.7449041, -0.1093058), (0.7415157, -0.6620314, -0.1089445), (0.8183368, -0.564455, -0.1082374), (0.8824568, -0.4582518, -0.1061849), (0.9229779, -0.3706807, -0.1034779), (0.9456715, -0.3088869, -0.1014611), (0.9590406, -0.2650138, -0.1000436), (0.9671398, -0.2341584, -0.0990474), (0.9719929, -0.2134683, -0.0982913), (0.9746036, -0.2015526, -0.0975928), (0.9753596, -0.198279, -0.0967419), (0.9740955, -0.2050096, -0.0954412), (0.9675243, -0.2346623, -0.09397), (0.9517477, -0.2930462, -0.0911056), (0.9349009, -0.3440383, -0.0871659), (0.9265558, -0.3664088, -0.0850823), (0.9295203, -0.3586631, -0.0857491), (0.944955, -0.314527, -0.0901825), (0.9703077, -0.2204456, -0.0995319), (0.9919256, -0.0548015, -0.1143695), (0.9712999, 0.1978515, -0.1320279), (0.8551918, 0.4980043, -0.1436617), (0.6521173, 0.7447202, -0.1418971), (0.4520929, 0.8822351, -0.1314277), (0.3120422, 0.9422522, -0.1216162), (0.2218432, 0.9682987, -0.1148184), (0.1616295, 0.980671, -0.1102736), (0.1202044, 0.9869403, -0.1072372), (0.0914109, 0.990241, -0.1051992), (0.071864, 0.9919961, -0.1038232), (0.059848, 0.9928919, -0.102878), (0.0548877, 0.9932497, -0.102188), (0.0495303, 0.9934822, -0.1026634), (0.0304032, 0.994182, -0.1033333), (0.0035928, 0.9946902, -0.1028522), (-0.0203712, 0.9945238, -0.1025057), (-0.0418537, 0.9938758, -0.1022702), (-0.0611634, 0.9928895, -0.1021247), (-0.0785603, 0.9916723, -0.1020505), (-0.0942615, 0.9903052, -0.1020309), (-0.1084475, 0.9888503, -0.1020504), (-0.1212651, 0.9873558, -0.1020944), (-0.1211845, 0.9873444, -0.1023003), (-0.0968835, 0.9901048, -0.1015187), (-0.073015, 0.9922922, -0.1001246), (-0.0700475, 0.9925388, -0.0998), (-0.0883329, 0.9909724, -0.100851), (-0.1306043, 0.9860054, -0.1036143), (-0.2022714, 0.9733066, -0.1084464), (-0.3111269, 0.9433192, -0.1155374), (-0.463783, 0.877188, -0.1242842), (-0.6528403, 0.7459073, -0.1319919), (-0.8376873, 0.5294961, -0.1338429), (-0.7219673, 0.2030434, -0.6614655), (-0.7719831, 0.0710327, -0.6316616), (-0.7948451, -0.0217107, -0.6064239), (-0.8043332, -0.0865457, -0.5878418), (-0.8073262, -0.1318607, -0.5751844), (-0.8073125, -0.1630499, -0.5671518), (-0.8062032, -0.1833123, -0.5625238), (-0.8052174, -0.1941964, -0.5602792), (-0.8053656, -0.1956897, -0.5595461), (-0.8042452, -0.1932131, -0.5620128), (-0.8003831, -0.2007949, -0.5648613), (-0.7957146, -0.2188628, -0.5647454), (-0.7893851, -0.2399152, -0.5650769), (-0.7809263, -0.264312, -0.5659447), (-0.7697324, -0.2924808, -0.5674213), (-0.7550149, -0.3249116, -0.569548), (-0.7357444, -0.3621369, -0.5723085), (-0.7105831, -0.4046862, -0.5755873), (-0.6778167, -0.4529917, -0.5791054), (-0.638392, -0.5038101, -0.5819201), (-0.5954627, -0.5514403, -0.5842412), (-0.5487101, -0.596069, -0.5861902), (-0.4971305, -0.6389847, -0.5869922), (-0.4433033, -0.677837, -0.5865315), (-0.3903446, -0.7109027, -0.5850201), (-0.3412559, -0.7373921, -0.5829213), (-0.2983548, -0.7574189, -0.5807762), (-0.2630022, -0.771721, -0.5790307), (-0.2356382, -0.7813205, -0.5779386), (-0.2118181, -0.7878075, -0.5783532), (-0.1869033, -0.7944322, -0.5778794), (-0.1629761, -0.8007173, -0.5764465), (-0.1414752, -0.8053344, -0.5756919), (-0.1206153, -0.8088645, -0.5754912), (-0.0989601, -0.8115704, -0.5758128), (-0.075104, -0.8134956, -0.5767013), (-0.0474138, -0.814465, -0.5782721), (-0.0137215, -0.8139955, -0.5807091), (0.0291484, -0.8110536, -0.5842452), (0.0729249, -0.8046188, -0.5892966), (0.1011793, -0.7984809, -0.5934568), (0.1246853, -0.7929925, -0.5963358), (0.1598935, -0.7829728, -0.6011553), (0.2068997, -0.7667061, -0.6077453), (0.2649865, -0.7422482, -0.6155078), (0.332226, -0.7078021, -0.6234116), (0.4052643, -0.6623235, -0.6301496), (0.4795598, -0.6061735, -0.6344888), (0.5501998, -0.5414463, -0.6357012), (0.6180034, -0.4639446, -0.6346866), (0.678133, -0.3802525, -0.6289226), (0.7195335, -0.3112602, -0.6207968), (0.7442588, -0.2616464, -0.614508), (0.7593928, -0.2259083, -0.6101541), (0.7687644, -0.2005567, -0.6072712), (0.7745776, -0.1835523, -0.6052587), (0.7781939, -0.1739585, -0.6034506), (0.7805214, -0.1718765, -0.6010365), (0.7822097, -0.1787609, -0.5968187), (0.7807377, -0.207134, -0.5895287), (0.7757811, -0.26093, -0.5745252), (0.7718839, -0.3081, -0.5561201), (0.7703268, -0.3287915, -0.546345), (0.77138, -0.3200437, -0.5500408), (0.7728289, -0.2755091, -0.5716906), (0.7674901, -0.1847726, -0.613855), (0.7395798, -0.0370202, -0.6720501), (0.6667394, 0.163548, -0.7271249), (0.5414172, 0.3781216, -0.750927), (0.3901541, 0.5551531, -0.7345643), (0.257882, 0.668942, -0.6971467), (0.1653238, 0.7302525, -0.662872), (0.1042249, 0.7627368, -0.6382552), (0.0628529, 0.7810051, -0.6213538), (0.0344192, 0.7916936, -0.609948), (0.0150282, 0.7980719, -0.6023748), (0.0024638, 0.8018823, -0.5974769), (-0.0044056, 0.8041229, -0.5944468), (-0.0058306, 0.8054075, -0.5926929), (-0.0086754, 0.8047907, -0.5934953), (-0.0228527, 0.8041529, -0.593983), (-0.0423727, 0.805003, -0.5917556), (-0.0596716, 0.8050865, -0.5901483), (-0.0750243, 0.8045994, -0.5890595), (-0.0886687, 0.8036945, -0.5883986), (-0.1008099, 0.8024918, -0.5880853), (-0.1116239, 0.8010865, -0.588048), (-0.1212603, 0.7995562, -0.5882227), (-0.1298448, 0.7979653, -0.5885505), (-0.126986, 0.7983343, -0.5886739), (-0.1052383, 0.8038151, -0.5854965), (-0.0850348, 0.8094812, -0.5809555), (-0.0817454, 0.8103435, -0.5802251), (-0.0957868, 0.8056691, -0.5845701), (-0.1289224, 0.7932592, -0.5950788), (-0.1841098, 0.7688046, -0.6124076), (-0.2647138, 0.724927, -0.6359303), (-0.3719568, 0.6507182, -0.6619773), (-0.4994389, 0.5345491, -0.6817757), (-0.6277089, 0.3727972, -0.6833768), (-0.1700571, 0.0421169, -0.9845338), (-0.1871131, 0.0157241, -0.9822125), (-0.1988355, -0.0043244, -0.9800233), (-0.2067511, -0.0193645, -0.9782019), (-0.2120078, -0.0304443, -0.9767936), (-0.2154644, -0.0383474, -0.9757585), (-0.2177744, -0.0436165, -0.9750241), (-0.2194647, -0.0465554, -0.974509), (-0.2210241, -0.0471782, -0.9741266), (-0.2202056, -0.046247, -0.9743566), (-0.2181931, -0.0475082, -0.9747485), (-0.2179084, -0.0518093, -0.9745931), (-0.2171479, -0.0567814, -0.9744858), (-0.2157838, -0.0624896, -0.9744395), (-0.2136656, -0.0690104, -0.9744663), (-0.2106162, -0.0764311, -0.9745764), (-0.2064272, -0.0848493, -0.9747761), (-0.2008544, -0.0943716, -0.9750649), (-0.1936138, -0.105111, -0.9754309), (-0.1852121, -0.1165823, -0.9757587), (-0.1761232, -0.1272766, -0.9761052), (-0.1662446, -0.1371224, -0.9765041), (-0.1555834, -0.1467847, -0.9768562), (-0.1447049, -0.1558075, -0.9771308), (-0.1342396, -0.1637916, -0.9773188), (-0.1247842, -0.1704591, -0.9774316), (-0.1168136, -0.175686, -0.9774912), (-0.110631, -0.1794985, -0.9775178), (-0.1063629, -0.182038, -0.9775219), (-0.102968, -0.1830362, -0.977699), (-0.0997121, -0.184718, -0.9777202), (-0.096989, -0.187079, -0.9775452), (-0.0949498, -0.1887632, -0.9774216), (-0.0931455, -0.1899713, -0.9773612), (-0.0911955, -0.1907964, -0.9773843), (-0.0887222, -0.1912546, -0.9775224), (-0.0852978, -0.1912908, -0.9778201), (-0.0803807, -0.1907627, -0.9783397), (-0.0732178, -0.1893984, -0.9791667), (-0.0657276, -0.1862228, -0.9803066), (-0.0618216, -0.1831121, -0.9811463), (-0.0590142, -0.1809932, -0.9817122), (-0.0536576, -0.1773381, -0.9826861), (-0.0458391, -0.171875, -0.9840517), (-0.0358077, -0.1644228, -0.9857398), (-0.0239941, -0.1549383, -0.9876327), (-0.0109978, -0.1435521, -0.9895817), (0.0024648, -0.1305748, -0.9914354), (0.0156457, -0.1164682, -0.9930712), (0.0283858, -0.0998991, -0.9945926), (0.0411531, -0.0826516, -0.9957284), (0.0513534, -0.0686292, -0.9963197), (0.0577115, -0.0583369, -0.9966274), (0.0616108, -0.0507709, -0.9968081), (0.0639531, -0.0453238, -0.9969231), (0.0653719, -0.041653, -0.9969912), (0.066364, -0.0396294, -0.9970082), (0.0673958, -0.0393536, -0.9969499), (0.069037, -0.0412761, -0.9967598), (0.0699542, -0.0481061, -0.9963896), (0.0717968, -0.0618675, -0.9954987), (0.0759087, -0.0755931, -0.9942452), (0.0777864, -0.0822145, -0.9935744), (0.0756841, -0.0796742, -0.9939436), (0.0678829, -0.0663189, -0.9954867), (0.0533566, -0.0419222, -0.9976951), (0.032518, -0.0085466, -0.9994346), (0.0074689, 0.0295724, -0.9995347), (-0.0186599, 0.0674299, -0.9975495), (-0.0430721, 0.1014955, -0.9939031), (-0.0626704, 0.1291805, -0.9896387), (-0.076131, 0.1485747, -0.9859664), (-0.0844818, 0.1613643, -0.9832723), (-0.0892665, 0.1699308, -0.9814046), (-0.0914818, 0.1757214, -0.9801801), (-0.0917949, 0.1796526, -0.9794379), (-0.0906564, 0.1823305, -0.979049), (-0.0883528, 0.1841784, -0.9789137), (-0.0850104, 0.18552, -0.9789564), (-0.082157, 0.1847669, -0.9793423), (-0.0819914, 0.1837118, -0.9795547), (-0.083153, 0.1846053, -0.9792887), (-0.0838239, 0.1851465, -0.9791294), (-0.0840706, 0.1854063, -0.9790591), (-0.0839563, 0.1854454, -0.9790615), (-0.0835406, 0.1853155, -0.9791216), (-0.0828792, 0.1850611, -0.9792259), (-0.0820238, 0.1847213, -0.9793621), (-0.0810226, 0.1843317, -0.9795188), (-0.0775475, 0.1840101, -0.9798605), (-0.0697698, 0.1859717, -0.9800748), (-0.0621829, 0.1888806, -0.9800293), (-0.058403, 0.1894452, -0.9801529), (-0.0585731, 0.1870989, -0.9805933), (-0.0629419, 0.1811465, -0.9814399), (-0.0717596, 0.1708089, -0.9826876), (-0.0851415, 0.1553242, -0.9841876), (-0.1028919, 0.1341318, -0.9856074), (-0.1243181, 0.1071391, -0.9864412), (-0.1478607, 0.0746237, -0.9861889), (-0.0214105, 0.0010375, -0.9997702), (-0.0211081, 0.0009841, -0.9997767), (-0.0212681, 0.0009107, -0.9997734), (-0.0218062, 0.0008211, -0.9997619), (-0.0226422, 0.0007169, -0.9997434), (-0.0236997, 0.0005967, -0.9997189), (-0.024907, 0.0004561, -0.9996897), (-0.0261997, 0.0002861, -0.9996567), (-0.0275264, 6.96e-05, -0.9996211), (-0.0280841, 0.0002074, -0.9996055), (-0.028328, 0.0005621, -0.9995985), (-0.0292727, 0.000616, -0.9995713), (-0.0302939, 0.0006768, -0.9995408), (-0.0313996, 0.0007452, -0.9995066), (-0.0325981, 0.0008222, -0.9994682), (-0.0338976, 0.0009088, -0.9994249), (-0.0353071, 0.0010059, -0.999376), (-0.0368355, 0.0011148, -0.9993207), (-0.0384924, 0.0012368, -0.9992581), (-0.0402483, 0.0012289, -0.999189), (-0.0419791, 0.0012381, -0.9991177), (-0.0437389, 0.001402, -0.999042), (-0.0455639, 0.0015662, -0.9989602), (-0.047469, 0.001723, -0.9988712), (-0.0494698, 0.0018653, -0.9987739), (-0.051583, 0.0019879, -0.9986667), (-0.0538262, 0.0020874, -0.9985481), (-0.0562178, 0.0021633, -0.9984162), (-0.0587766, 0.0022171, -0.9982687), (-0.0616203, 0.0025486, -0.9980964), (-0.0648268, 0.0026077, -0.9978931), (-0.0683021, 0.0023156, -0.997662), (-0.0720241, 0.0020716, -0.9974007), (-0.0759185, 0.0018541, -0.9971123), (-0.0799101, 0.001648, -0.9968007), (-0.0839236, 0.0014412, -0.9964712), (-0.0878849, 0.0012216, -0.9961299), (-0.0917221, 0.0009757, -0.9957842), (-0.0953669, 0.0006853, -0.995442), (-0.0985189, 0.000827, -0.9951348), (-0.1014551, 0.0011698, -0.9948394), (-0.1045209, 0.0011226, -0.9945221), (-0.1075059, 0.0010635, -0.9942039), (-0.1104003, 0.0009917, -0.9938867), (-0.1131914, 0.0009071, -0.9935728), (-0.1158643, 0.0008111, -0.9932647), (-0.1184025, 0.0007061, -0.9929654), (-0.120789, 0.0005953, -0.992678), (-0.1230082, 0.0004828, -0.9924055), (-0.1253935, 0.0003231, -0.992107), (-0.1272089, 0.0002116, -0.9918759), (-0.1283895, 0.0001728, -0.9917238), (-0.1294569, 0.0001483, -0.991585), (-0.1304106, 0.0001349, -0.9914601), (-0.1312536, 0.0001306, -0.9913488), (-0.1319891, 0.0001351, -0.9912512), (-0.1326174, 0.0001491, -0.9911673), (-0.1331316, 0.000175, -0.9910984), (-0.1335078, 0.0002182, -0.9910477), (-0.134527, 0.000701, -0.9909097), (-0.1360259, 0.0010491, -0.9907047), (-0.1370603, 0.0008165, -0.9905624), (-0.138152, 0.0004863, -0.9904109), (-0.1391776, 4.66e-05, -0.9902674), (-0.140014, -0.000497, -0.9901494), (-0.1405425, -0.0011127, -0.990074), (-0.140653, -0.0017441, -0.9900574), (-0.1402449, -0.0023259, -0.9901141), (-0.1392229, -0.0028067, -0.9902571), (-0.1374253, -0.0031875, -0.990507), (-0.1349288, -0.0030462, -0.9908506), (-0.1317982, -0.0027145, -0.9912729), (-0.1280602, -0.0024237, -0.9917634), (-0.1238448, -0.0021584, -0.9922993), (-0.1192863, -0.0019058, -0.9928581), (-0.1145221, -0.0016544, -0.9934193), (-0.1096922, -0.0013918, -0.9939646), (-0.1049392, -0.0011027, -0.994478), (-0.1004086, -0.0007647, -0.994946), (-0.095946, -0.0010703, -0.995386), (-0.0915775, -0.0016183, -0.9957966), (-0.0874178, -0.0015737, -0.9961705), (-0.0832473, -0.0015251, -0.9965278), (-0.079089, -0.0014727, -0.9968665), (-0.0749658, -0.0014163, -0.9971851), (-0.0709008, -0.0013556, -0.9974825), (-0.0669173, -0.0012903, -0.9977577), (-0.0630388, -0.0012194, -0.9980103), (-0.059289, -0.001142, -0.9982402), (-0.0558751, -0.0014714, -0.9984367), (-0.0523816, -0.0017396, -0.9986256), (-0.0485694, -0.0015655, -0.9988186), (-0.0447137, -0.0013702, -0.9989989), (-0.0408842, -0.0011453, -0.9991632), (-0.0371521, -0.0008836, -0.9993092), (-0.0335906, -0.0005795, -0.9994355), (-0.0302774, -0.0002309, -0.9995415), (-0.0272963, 0.0001595, -0.9996274), (-0.0247388, 0.0005825, -0.9996938), (-0.02258, 0.0009656, -0.9997446), (0.1364011, -0.0389016, -0.9898896), (0.1538045, -0.0124216, -0.9880232), (0.164773, 0.0074598, -0.9863033), (0.1710656, 0.0221736, -0.9850101), (0.1740059, 0.032815, -0.9841977), (0.1745862, 0.0401811, -0.9838217), (0.173554, 0.0448021, -0.9838047), (0.1714774, 0.0469456, -0.9840689), (0.1687938, 0.0465585, -0.9845511), (0.1684131, 0.0463797, -0.9846248), (0.1688583, 0.04937, -0.9844031), (0.1665686, 0.0538432, -0.9845587), (0.1636525, 0.0590161, -0.9847512), (0.1599583, 0.0649583, -0.9849841), (0.1553097, 0.0717511, -0.9852567), (0.1495009, 0.0794875, -0.9855614), (0.1422922, 0.088271, -0.9858809), (0.1334048, 0.0982143, -0.9861831), (0.122517, 0.1094352, -0.9864145), (0.1100423, 0.1208056, -0.986558), (0.0972916, 0.1316422, -0.9865114), (0.0840106, 0.1425054, -0.9862223), (0.0697505, 0.1532628, -0.9857207), (0.0550456, 0.1634059, -0.9850221), (0.0405072, 0.1724742, -0.9841808), (0.0267214, 0.1801314, -0.9832795), (0.0141558, 0.1862103, -0.9824079), (0.0031031, 0.190714, -0.9816407), (-0.0063279, 0.1937825, -0.9810241), (-0.0153424, 0.1970063, -0.9802822), (-0.0253209, 0.1990266, -0.9796669), (-0.0354443, 0.1994023, -0.9792765), (-0.045263, 0.1993931, -0.9788737), (-0.0551315, 0.1990576, -0.9784358), (-0.065312, 0.1983862, -0.9779454), (-0.0760517, 0.19731, -0.9773868), (-0.0876415, 0.1956908, -0.9767416), (-0.1004792, 0.1932936, -0.9759823), (-0.1151614, 0.1897303, -0.9750591), (-0.1288844, 0.1870477, -0.9738593), (-0.1386506, 0.1858213, -0.972752), (-0.1478083, 0.1833647, -0.9718694), (-0.1594147, 0.1792685, -0.9707985), (-0.1733243, 0.1732641, -0.9695041), (-0.1892061, 0.1651904, -0.9679428), (-0.2065324, 0.1550427, -0.9660777), (-0.2246077, 0.1430031, -0.9638991), (-0.2426407, 0.1294388, -0.9614422), (-0.2598466, 0.1148599, -0.9587945), (-0.277791, 0.0982453, -0.9556045), (-0.2933111, 0.0807584, -0.9525999), (-0.3034816, 0.0664406, -0.950518), (-0.3099494, 0.0560732, -0.9490981), (-0.3140124, 0.048521, -0.9481782), (-0.3164744, 0.0431087, -0.947621), (-0.3178631, 0.039452, -0.9473155), (-0.3185458, 0.0373864, -0.9471699), (-0.3187986, 0.0369649, -0.9471014), (-0.3188577, 0.038549, -0.9470184), (-0.3218298, 0.0464069, -0.9456595), (-0.3278637, 0.0605113, -0.9427851), (-0.3327324, 0.07224, -0.9402503), (-0.3361707, 0.0772264, -0.9386295), (-0.3366606, 0.0736409, -0.9387421), (-0.3325555, 0.0599197, -0.9411782), (-0.3224733, 0.0356225, -0.945908), (-0.3058974, 0.0022774, -0.9520618), (-0.283671, -0.0364646, -0.9582281), (-0.2579004, -0.0758329, -0.9631909), (-0.2306768, -0.1120368, -0.9665588), (-0.2055905, -0.1398966, -0.9685874), (-0.1852139, -0.158524, -0.9698278), (-0.1688557, -0.1705012, -0.9707817), (-0.155276, -0.1781572, -0.9716735), (-0.1437338, -0.1829109, -0.9725658), (-0.133809, -0.1856488, -0.9734627), (-0.1253022, -0.1869309, -0.9743491), (-0.1181862, -0.1871028, -0.9752049), (-0.1126017, -0.1863513, -0.9760093), (-0.1065758, -0.1876414, -0.9764386), (-0.0979227, -0.1903874, -0.9768131), (-0.088398, -0.1912167, -0.9775592), (-0.0793679, -0.1916186, -0.9782551), (-0.0708113, -0.19167, -0.9789016), (-0.0627099, -0.1914362, -0.9794997), (-0.0550491, -0.1909718, -0.9800507), (-0.047818, -0.1903228, -0.9805563), (-0.0410103, -0.1895271, -0.9810187), (-0.034624, -0.1886159, -0.9814404), (-0.0316964, -0.1900787, -0.9812571), (-0.0328898, -0.1934737, -0.980554), (-0.0328856, -0.1954282, -0.9801665), (-0.0288464, -0.1950808, -0.9803629), (-0.0207763, -0.191809, -0.9812123), (-0.0085552, -0.1848652, -0.9827266), (0.0079448, -0.1734246, -0.9848151), (0.0287084, -0.1566931, -0.98723), (0.0533864, -0.1341007, -0.9895286), (0.0810955, -0.1055774, -0.9910988), (0.110834, -0.0718726, -0.9912367), (0.7227855, -0.1872282, -0.6652268), (0.7693588, -0.0593918, -0.63605), (0.7900338, 0.0296296, -0.6123468), (0.7980159, 0.0916095, -0.5956327), (0.7997574, 0.1348118, -0.5849904), (0.7984944, 0.1644051, -0.579118), (0.7959801, 0.1833679, -0.5768812), (0.7933022, 0.1930354, -0.5774157), (0.7913026, 0.1931513, -0.5801144), (0.7914569, 0.1918634, -0.5803313), (0.7903234, 0.2021331, -0.5783866), (0.7849731, 0.2206403, -0.5789085), (0.7778611, 0.2422315, -0.5798759), (0.768474, 0.2672952, -0.5813785), (0.7561451, 0.2962927, -0.5834854), (0.7400021, 0.3297515, -0.5862259), (0.7189018, 0.3682416, -0.5895577), (0.691353, 0.4123195, -0.5933158), (0.655443, 0.4624135, -0.5971333), (0.6124237, 0.5140448, -0.6005791), (0.5661435, 0.5624883, -0.6025682), (0.5156392, 0.6089206, -0.6027702), (0.4599341, 0.653304, -0.6013772), (0.4018151, 0.6931568, -0.5983964), (0.3446131, 0.7267266, -0.5942309), (0.2914799, 0.7533016, -0.5895558), (0.2447854, 0.773141, -0.5850923), (0.205856, 0.7871421, -0.5814041), (0.1750494, 0.7964614, -0.5787979), (0.1469303, 0.8042858, -0.5757916), (0.1168155, 0.8104359, -0.5740626), (0.0876924, 0.8141197, -0.5740376), (0.0607065, 0.8163822, -0.5743125), (0.0340882, 0.8175497, -0.5748482), (0.0064303, 0.8176729, -0.5756471), (-0.0236383, 0.8165791, -0.5767494), (-0.0577106, 0.8138331, -0.5782259), (-0.0978918, 0.8085991, -0.5801592), (-0.1472161, 0.7993254, -0.582586), (-0.19409, 0.7888632, -0.5831157), (-0.2244462, 0.7814313, -0.5822276), (-0.2525114, 0.772452, -0.5827143), (-0.2918845, 0.7575235, -0.5839192), (-0.342059, 0.7349714, -0.5855021), (-0.4014745, 0.7031966, -0.5867988), (-0.4672949, 0.6611677, -0.5869351), (-0.5355405, 0.6089958, -0.5850816), (-0.6017144, 0.5483055, -0.580776), (-0.6617703, 0.4820962, -0.5741458), (-0.7189394, 0.4060845, -0.5641113), (-0.7654023, 0.3284369, -0.5534334), (-0.7943177, 0.2671459, -0.545612), (-0.8110641, 0.2237945, -0.5404545), (-0.8209384, 0.1928703, -0.537458), (-0.8266849, 0.1710868, -0.5360236), (-0.8298206, 0.1565831, -0.5356113), (-0.8312235, 0.1485193, -0.5357326), (-0.8313976, 0.1469902, -0.5358843), (-0.8305609, 0.1533044, -0.5354123), (-0.8294932, 0.1811175, -0.5283346), (-0.8269982, 0.22939, -0.513278), (-0.8234796, 0.2684833, -0.499798), (-0.8225779, 0.2842072, -0.4925361), (-0.8247079, 0.2732979, -0.4951416), (-0.8282703, 0.2300789, -0.5109129), (-0.8277416, 0.1464557, -0.5416591), (-0.811124, 0.0151489, -0.584678), (-0.7609767, -0.1600875, -0.6287182), (-0.6671847, -0.3523361, -0.6562956), (-0.5413518, -0.5232397, -0.6581477), (-0.4197307, -0.6406308, -0.6429761), (-0.3272162, -0.7083617, -0.6254225), (-0.2613742, -0.7466642, -0.6116993), (-0.213736, -0.7691844, -0.6022228), (-0.1786954, -0.7826878, -0.5962112), (-0.1528069, -0.7906973, -0.5928303), (-0.1340664, -0.795136, -0.5914262), (-0.1214926, -0.7970725, -0.5915361), (-0.1149927, -0.7970545, -0.5928582), (-0.1058472, -0.7991176, -0.5917833), (-0.0847854, -0.8036297, -0.5890592), (-0.0596432, -0.8062347, -0.5885816), (-0.0367741, -0.8076528, -0.5885105), (-0.0159416, -0.8081324, -0.5887852), (0.0030614, -0.8078722, -0.5893498), (0.020414, -0.8070324, -0.5901542), (0.0362683, -0.8057424, -0.5911547), (0.0507513, -0.8041075, -0.5923136), (0.0639658, -0.8022145, -0.5935994), (0.0629546, -0.8039927, -0.5912972), (0.043921, -0.8096245, -0.5853026), (0.0294828, -0.8133385, -0.5810432), (0.0322331, -0.8130794, -0.5812597), (0.0526012, -0.8077696, -0.5871468), (0.0925328, -0.7948209, -0.5997478), (0.155267, -0.7693987, -0.619611), (0.244366, -0.7233823, -0.6457579), (0.3606863, -0.6450498, -0.6736588), (0.4961968, -0.522762, -0.6931873), (0.6299677, -0.3556726, -0.6903895), (0.9640331, -0.2362332, -0.1217953), (0.9911517, -0.0695254, -0.1130686), (0.9934702, 0.0406459, -0.1066066), (0.9881269, 0.1145937, -0.1023399), (0.9812303, 0.1650297, -0.0997608), (0.9750003, 0.1992159, -0.0984246), (0.9703229, 0.2210585, -0.0980137), (0.9676884, 0.2321904, -0.0983199), (0.9675977, 0.2321829, -0.0992255), (0.9679474, 0.2308223, -0.0989895), (0.9649397, 0.2434921, -0.0979952), (0.9590067, 0.2658551, -0.0981182), (0.9513349, 0.2920431, -0.0983501), (0.9413783, 0.3225868, -0.0987149), (0.9283857, 0.3581241, -0.0992328), (0.9113189, 0.3993929, -0.0999156), (0.8887431, 0.4471949, -0.1007587), (0.8586871, 0.5023025, -0.1017284), (0.8184924, 0.5652564, -0.1027392), (0.7695835, 0.6300636, -0.1037353), (0.7157565, 0.6905172, -0.1043008), (0.6554148, 0.7480313, -0.1043104), (0.5880283, 0.8021369, -0.1039184), (0.5172488, 0.8495985, -0.1031317), (0.4475464, 0.8884176, -0.1020605), (0.3831302, 0.918169, -0.1008809), (0.3270786, 0.9397154, -0.099773), (0.2810201, 0.9545954, -0.0988706), (0.2453006, 0.9644565, -0.0982406), (0.2124926, 0.972303, -0.0973334), (0.1777791, 0.9792811, -0.0969695), (0.1450533, 0.9846304, -0.0972749), (0.1149683, 0.9885608, -0.097621), (0.0853446, 0.9915178, -0.0980239), (0.0544067, 0.9936482, -0.0985049), (0.0203847, 0.9948692, -0.0990943), (-0.0188208, 0.9948262, -0.099833), (-0.0660399, 0.9927153, -0.1007727), (-0.1254343, 0.9868481, -0.1019657), (-0.1811351, 0.9781151, -0.1023769), (-0.2162788, 0.9709718, -0.1021631), (-0.2505683, 0.9626519, -0.1025514), (-0.2997535, 0.9484145, -0.1032363), (-0.3635765, 0.9257257, -0.104135), (-0.4403382, 0.8916639, -0.1050613), (-0.5263387, 0.843674, -0.1057438), (-0.6158455, 0.7807179, -0.1058957), (-0.7020327, 0.704313, -0.1053248), (-0.7787438, 0.6186571, -0.1040259), (-0.8494249, 0.5178496, -0.1015341), (-0.9038851, 0.4161585, -0.0990145), (-0.9362591, 0.3375282, -0.0974349), (-0.954451, 0.2823469, -0.096455), (-0.9651845, 0.2433229, -0.0959837), (-0.9716563, 0.2160774, -0.0958887), (-0.9754567, 0.198139, -0.0960477), (-0.9773559, 0.1883939, -0.0963496), (-0.9776018, 0.1869431, -0.0966799), (-0.9759208, 0.1954255, -0.0968888), (-0.9683446, 0.2309056, -0.0948224), (-0.9532811, 0.2882184, -0.0904724), (-0.9393254, 0.3317848, -0.0871015), (-0.9336263, 0.3479255, -0.0853801), (-0.9385455, 0.3342395, -0.0861184), (-0.9546571, 0.2837127, -0.090205), (-0.9782233, 0.1826781, -0.0985285), (-0.993731, 0.0116172, -0.1111921), (-0.9631125, -0.2381868, -0.1252254), (-0.8424121, -0.5221188, -0.1331687), (-0.6462447, -0.751908, -0.1303921), (-0.4605801, -0.8791346, -0.1224273), (-0.3300702, -0.9368846, -0.1153295), (-0.2436206, -0.9635649, -0.1104161), (-0.1846555, -0.9769336, -0.1072527), (-0.1434345, -0.9840385, -0.1053312), (-0.1144498, -0.9879399, -0.1042881), (-0.0946497, -0.9900751, -0.1038881), (-0.0825463, -0.991147, -0.1039888), (-0.0779017, -0.9914672, -0.1045188), (-0.0690117, -0.9921909, -0.1038973), (-0.0451374, -0.9937017, -0.1025652), (-0.017002, -0.9946105, -0.1022784), (0.0082571, -0.9947363, -0.1021351), (0.0309956, -0.9942897, -0.1021143), (0.0515161, -0.9934293, -0.1021973), (0.0700737, -0.9922754, -0.1023681), (0.086882, -0.9909198, -0.1026133), (0.1021175, -0.9894337, -0.1029218), (0.1159232, -0.9878735, -0.1032846), (0.1104918, -0.9885774, -0.1025), (0.0832806, -0.9914083, -0.1008663), (0.0636393, -0.9929557, -0.0999455), (0.0654838, -0.9928193, -0.1001089), (0.0896114, -0.9907722, -0.1016866), (0.1393483, -0.9846578, -0.1050289), (0.2207571, -0.9690537, -0.1104591), (0.3417775, -0.932344, -0.1179953), (0.5067362, -0.8527633, -0.1265433), (0.7004409, -0.7012819, -0.132613), (0.8734847, -0.4690001, -0.1306271), (0.9661415, -0.2580127, 0.0003842), (0.9965122, -0.0834461, 0.0002961), (0.9994963, 0.0317346, 0.0002145), (0.9940626, 0.1088093, 0.0001352), (0.9869064, 0.1612938, 5.24e-05), (0.9804174, 0.1969305, -4.01e-05), (0.9755187, 0.2199165, -0.0001496), (0.9726931, 0.232095, -0.0002865), (0.9724149, 0.2332574, -0.0004678), (0.9728964, 0.231241, -0.0003234), (0.970266, 0.2420412, -2.67e-05), (0.9644989, 0.2640867, -4.91e-05), (0.9570515, 0.2899181, -7e-05), (0.9473981, 0.3200577, -8.97e-05), (0.9348146, 0.3551361, -0.0001083), (0.9182993, 0.3958868, -0.0001261), (0.8964648, 0.4431148, -0.0001431), (0.8674001, 0.4976113, -0.0001592), (0.8285158, 0.5599657, -0.0001743), (0.7804612, 0.6252041, -0.0002258), (0.7271366, 0.6864928, -0.0002291), (0.6677582, 0.7443783, -0.0001585), (0.6010217, 0.7992327, -8e-05), (0.5304439, 0.84772, 1.6e-06), (0.4604704, 0.8876751, 8.12e-05), (0.3954019, 0.9185082, 0.0001544), (0.3384766, 0.9409748, 0.0002181), (0.2914851, 0.9565753, 0.000271), (0.2548977, 0.966968, 0.0003128), (0.2223712, 0.974962, 0.0004701), (0.1880925, 0.9821512, 0.0004875), (0.1552273, 0.9878787, 0.0003447), (0.1252962, 0.9921193, 0.0002269), (0.0960363, 0.9953778, 0.0001236), (0.0656368, 0.9978436, 2.81e-05), (0.0323235, 0.9994775, -6.48e-05), (-0.0059796, 0.9999821, -0.0001597), (-0.0520468, 0.9986446, -0.0002615), (-0.1099397, 0.9939382, -0.0003763), (-0.1674444, 0.9858815, -0.0003059), (-0.2048318, 0.9787972, -0.0001425), (-0.2376753, 0.9713447, -0.0001185), (-0.2855881, 0.9583525, -8.54e-05), (-0.348491, 0.9373121, -4.3e-05), (-0.4249347, 0.905224, 8.7e-06), (-0.5114779, 0.8592964, 6.83e-05), (-0.6025268, 0.7980987, 0.000133), (-0.6911421, 0.7227188, 0.000199), (-0.7707913, 0.6370876, 0.0002617), (-0.8436408, 0.5369078, 0.0004486), (-0.9015474, 0.4326801, 0.0004872), (-0.9367811, 0.3499158, 0.0003474), (-0.956454, 0.2918829, 0.0002282), (-0.9680262, 0.2508489, 0.0001185), (-0.9750169, 0.2221305, 9.9e-06), (-0.9791668, 0.2030576, -0.0001057), (-0.9813214, 0.1923751, -0.0002371), (-0.9817724, 0.1900598, -0.0003969), (-0.9802846, 0.1975899, -0.0006051), (-0.9732393, 0.2297932, -0.0005454), (-0.9579392, 0.2869711, -0.0003138), (-0.9426862, 0.3336805, -0.0002982), (-0.9357348, 0.3527043, -0.0002575), (-0.9396707, 0.3420803, -0.0001889), (-0.9554185, 0.2952548, -8.55e-05), (-0.9800327, 0.1988365, 6.47e-05), (-0.9994731, 0.0324565, 0.0002748), (-0.976258, -0.2166104, 0.0005386), (-0.8610004, -0.5086036, 0.0007909), (-0.6619056, -0.7495867, 0.0009007), (-0.4666383, -0.8844479, 0.0007327), (-0.328583, -0.944475, 0.0005345), (-0.2381646, -0.9712247, 0.0003788), (-0.1771028, -0.9841923, 0.0002482), (-0.1347521, -0.9908793, 0.0001301), (-0.1051483, -0.9944565, 1.5e-05), (-0.0849911, -0.9963817, -0.0001055), (-0.0726327, -0.9973587, -0.0002408), (-0.067699, -0.9977057, -0.000404), (-0.0605327, -0.9981662, -0.0002599), (-0.0386621, -0.9992523, 1.55e-05), (-0.0105534, -0.9999443, -2.6e-06), (0.0146223, -0.9998931, -2.26e-05), (0.0372339, -0.9993066, -4.46e-05), (0.0575949, -0.99834, -6.89e-05), (0.0759695, -0.9971101, -9.57e-05), (0.0925789, -0.9957053, -0.0001254), (0.1076068, -0.9941935, -0.0001587), (0.121202, -0.9926278, -0.0001963), (0.1184082, -0.992965, -8.52e-05), (0.0920108, -0.995758, 6.5e-06), (0.0696495, -0.9975715, -3.83e-05), (0.0689839, -0.9976178, -6.99e-05), (0.090596, -0.9958877, -9e-05), (0.1375872, -0.9904897, -9.82e-05), (0.2158268, -0.9764317, -9.21e-05), (0.3333032, -0.9428197, -6.63e-05), (0.4952753, -0.8687361, -1.3e-05), (0.6891536, -0.7246153, 7.41e-05), (0.8676728, -0.4971356, 0.0002978), (0.9527879, -0.2762993, 0.1259122), (0.9885067, -0.0965631, 0.1163186), (0.9938081, 0.022339, 0.1088412), (0.9893849, 0.1018695, 0.1036348), (0.9826618, 0.1560131, 0.1001784), (0.9763248, 0.1928534, 0.097967), (0.9714191, 0.2168206, 0.096612), (0.9684748, 0.229947, 0.0958175), (0.9679743, 0.2322428, 0.0953363), (0.9685269, 0.2295864, 0.0961544), (0.9662758, 0.2384152, 0.0973103), (0.9607148, 0.2599464, 0.0972361), (0.9535239, 0.2851839, 0.0972747), (0.9441979, 0.3146331, 0.0974493), (0.9320427, 0.3489061, 0.0977796), (0.9161, 0.3887185, 0.0982789), (0.8950444, 0.434862, 0.0989475), (0.867051, 0.4881294, 0.0997608), (0.829644, 0.549145, 0.1006509), (0.7827545, 0.614028, 0.1013168), (0.7303815, 0.6753926, 0.1019199), (0.6725473, 0.732919, 0.1025175), (0.6072058, 0.7878666, 0.1027976), (0.5376858, 0.8368657, 0.1027117), (0.4683237, 0.8776136, 0.1023096), (0.4034276, 0.90934, 0.1017199), (0.3463363, 0.9326469, 0.1010985), (0.2989779, 0.9489451, 0.1005758), (0.2619478, 0.9598634, 0.1002282), (0.2301301, 0.9679603, 0.1004637), (0.1966759, 0.9753303, 0.1002463), (0.1639589, 0.9814328, 0.0995351), (0.1344443, 0.9859584, 0.0990493), (0.1058048, 0.9894734, 0.0987306), (0.0762109, 0.9922094, 0.0985515), (0.0439012, 0.9941676, 0.0985064), (0.0068448, 0.995103, 0.0986059), (-0.0376454, 0.9943878, 0.0988722), (-0.0934815, 0.9906539, 0.0993282), (-0.1520488, 0.9832566, 0.1004373), (-0.1911249, 0.9762979, 0.1015566), (-0.222108, 0.9696572, 0.1021415), (-0.2681136, 0.9578506, 0.1031376), (-0.3292215, 0.9384535, 0.1044906), (-0.4042431, 0.9084845, 0.1060346), (-0.490069, 0.8650304, 0.1074933), (-0.5813936, 0.8063512, 0.1085325), (-0.6713572, 0.7330941, 0.1088692), (-0.7532021, 0.6487972, 0.108392), (-0.8276463, 0.5508423, 0.1075843), (-0.8890589, 0.4454767, 0.1054746), (-0.9275085, 0.3593917, 0.1027889), (-0.9489049, 0.2990176, 0.1008363), (-0.9614616, 0.2563062, 0.0994925), (-0.9690502, 0.2263316, 0.0985683), (-0.9735902, 0.2062561, 0.0978805), (-0.9760303, 0.1946983, 0.0972495), (-0.9767373, 0.1915138, 0.0964712), (-0.9755592, 0.1980151, 0.0952588), (-0.969423, 0.2267053, 0.093935), (-0.9546364, 0.2834266, 0.0913164), (-0.9387811, 0.3331848, 0.0876243), (-0.9308924, 0.3550989, 0.0856984), (-0.9336605, 0.3475822, 0.0863987), (-0.94816, 0.3045771, 0.0906935), (-0.9719032, 0.21324, 0.0996639), (-0.9920708, 0.0532125, 0.1138594), (-0.9728703, -0.1907569, 0.1309012), (-0.8630967, -0.4844752, 0.1426461), (-0.6654423, -0.7328948, 0.1416042), (-0.4649675, -0.8755012, 0.1315402), (-0.3220811, -0.938854, 0.1217252), (-0.2293122, -0.9665591, 0.1148021), (-0.1671723, -0.9797576, 0.110129), (-0.1243675, -0.9864513, 0.106989), (-0.0946107, -0.9899748, 0.1048745), (-0.074424, -0.9918468, 0.1034451), (-0.0620385, -0.9928001, 0.1024652), (-0.0569633, -0.9931773, 0.1017544), (-0.0515084, -0.9934294, 0.1022004), (-0.0317705, -0.9941908, 0.1028363), (-0.0040156, -0.9947414, 0.1023395), (0.0207872, -0.9945684, 0.101988), (0.0430137, -0.9938789, 0.1017573), (0.0629828, -0.992827, 0.1016254), (0.080964, -0.9915281, 0.1015724), (0.097183, -0.9900691, 0.1015806), (0.1118278, -0.9885167, 0.1016332), (0.1250516, -0.9869226, 0.1017146), (0.1249605, -0.9869108, 0.1019405), (0.0997382, -0.9898584, 0.1011569), (0.0748901, -0.9921892, 0.0997601), (0.0717126, -0.9924543, 0.0994573), (0.0905666, -0.9907992, 0.1005719), (0.1342512, -0.9855326, 0.103451), (0.2082492, -0.9720451, 0.108446), (0.3202209, -0.9402509, 0.1157013), (0.4758456, -0.8706752, 0.1244816), (0.6652655, -0.7348638, 0.1318976), (0.8457405, -0.5166988, 0.1332119), (0.7231985, -0.199533, 0.6611888), (0.7720715, -0.0698557, 0.6316849), (0.7944944, 0.0208142, 0.6069147), (0.8039754, 0.084093, 0.5886867), (0.8071754, 0.1283195, 0.5761961), (0.8074556, 0.1587881, 0.5681565), (0.806654, 0.1786166, 0.5633874), (0.8059422, 0.1893045, 0.5609109), (0.8062897, 0.1908289, 0.559894), (0.8053343, 0.1884197, 0.5620807), (0.8017299, 0.195802, 0.5647042), (0.7974186, 0.2134972, 0.5643957), (0.7915118, 0.2341427, 0.564523), (0.7835524, 0.2581072, 0.5651782), (0.7729456, 0.285833, 0.5664403), (0.7589121, 0.3178339, 0.5683609), (0.740426, 0.3546798, 0.5709392), (0.71614, 0.3969566, 0.5740809), (0.6843045, 0.4451777, 0.5775329), (0.645716, 0.4962175, 0.5803611), (0.603401, 0.5443659, 0.5827289), (0.5570241, 0.5897483, 0.5847402), (0.5054983, 0.6336541, 0.5856227), (0.4513705, 0.6736362, 0.5852169), (0.3978055, 0.7078438, 0.5837019), (0.3479207, 0.735373, 0.5815306), (0.3041757, 0.7562673, 0.5792555), (0.2680575, 0.7712445, 0.5773449), (0.2400929, 0.7813414, 0.5760738), (0.2157965, 0.7882297, 0.5763035), (0.1903675, 0.7952197, 0.5756613), (0.1659261, 0.8018082, 0.5740837), (0.1439996, 0.8066581, 0.5732075), (0.1227414, 0.8103696, 0.5729185), (0.1006629, 0.8132127, 0.5731947), (0.0763071, 0.8152288, 0.5740899), (0.0479829, 0.8162318, 0.5757285), (0.0134501, 0.8157124, 0.5783013), (-0.0305604, 0.8125848, 0.5820413), (-0.0756196, 0.8058221, 0.5873095), (-0.1046138, 0.7993671, 0.5916656), (-0.1285094, 0.7935654, 0.5947599), (-0.1644274, 0.7830509, 0.5998291), (-0.2123907, 0.7660503, 0.6066771), (-0.2715442, 0.740581, 0.6146573), (-0.3397534, 0.7048658, 0.6226812), (-0.4134233, 0.6579766, 0.6294028), (-0.4878169, 0.6004894, 0.6335986), (-0.5579608, 0.5347481, 0.6346056), (-0.6246208, 0.4568185, 0.6333764), (-0.6833281, 0.3732828, 0.6274732), (-0.7234696, 0.3048173, 0.6194176), (-0.7472254, 0.2558273, 0.6133568), (-0.7616339, 0.2206488, 0.6092847), (-0.7704613, 0.1957395, 0.6066923), (-0.7758617, 0.1790416, 0.604965), (-0.7791614, 0.1696053, 0.6034414), (-0.7812461, 0.1675063, 0.6013287), (-0.7827567, 0.1741452, 0.5974658), (-0.7812294, 0.2016424, 0.5907799), (-0.7764015, 0.2541081, 0.5767406), (-0.7726483, 0.3003047, 0.5593136), (-0.7710209, 0.320639, 0.5501976), (-0.771735, 0.3121955, 0.5540388), (-0.7726214, 0.268849, 0.5751316), (-0.7667981, 0.1806104, 0.6159551), (-0.7392484, 0.0369419, 0.6724188), (-0.6683977, -0.1590606, 0.7265977), (-0.5456728, -0.371477, 0.7511631), (-0.3952262, -0.5497837, 0.73589), (-0.2616631, -0.6660771, 0.6984795), (-0.1674162, -0.7292234, 0.6634795), (-0.1050579, -0.7627889, 0.6380564), (-0.0628718, -0.7816967, 0.6204815), (-0.0339765, -0.7927754, 0.6085662), (-0.0143921, -0.7993984, 0.6006289), (-0.0018432, -0.8033649, 0.5954842), (0.0048382, -0.805705, 0.5922973), (0.0059159, -0.80705, 0.5904535), (0.0083965, -0.8065033, 0.5911699), (0.0226168, -0.8059555, 0.5915439), (0.0424804, -0.8068466, 0.5892316), (0.0600475, -0.806927, 0.5875909), (0.0756002, -0.8064026, 0.5865147), (0.0893841, -0.8054341, 0.5859065), (0.1016119, -0.8041478, 0.5856802), (0.1124667, -0.8026444, 0.5857587), (0.1221051, -0.8010054, 0.5860723), (0.1306595, -0.7992992, 0.5865568), (0.1275086, -0.799632, 0.5867966), (0.104758, -0.8052424, 0.5836184), (0.0834474, -0.8110293, 0.5790234), (0.0796278, -0.8118939, 0.5783491), (0.0937118, -0.807097, 0.5829344), (0.1274777, -0.7943684, 0.5939093), (0.183879, -0.7692546, 0.6119117), (0.2661506, -0.7241843, 0.6361768), (0.3750568, -0.6481786, 0.6627193), (0.5032936, -0.5301147, 0.6824031), (0.6306332, -0.3677953, 0.6833947), (0.1708213, -0.0436422, 0.984335), (0.188489, -0.0164314, 0.9819378), (0.2006101, 0.0041663, 0.9796623), (0.2088082, 0.0195858, 0.9777605), (0.2142832, 0.030935, 0.9762816), (0.21792, 0.0390323, 0.9751858), (0.2203837, 0.0444391, 0.9744004), (0.222205, 0.0474683, 0.9738438), (0.2238712, 0.0481358, 0.9734293), (0.223174, 0.0471862, 0.9736359), (0.2212882, 0.0484496, 0.9740042), (0.2210965, 0.0528443, 0.9738192), (0.2204246, 0.0579295, 0.9736823), (0.2191407, 0.0637741, 0.9736068), (0.2170886, 0.0704593, 0.9736057), (0.2140832, 0.0780782, 0.97369), (0.2099055, 0.0867358, 0.9738668), (0.2042971, 0.0965475, 0.9741362), (0.1969553, 0.1076369, 0.974486), (0.1883629, 0.1195256, 0.974799), (0.1790336, 0.1306542, 0.975129), (0.1688826, 0.1409305, 0.9755087), (0.1578746, 0.1510476, 0.9758382), (0.1465982, 0.1605259, 0.9760842), (0.135718, 0.1689398, 0.9762377), (0.1258703, 0.1759879, 0.9763119), (0.1175681, 0.1815302, 0.9763322), (0.1111447, 0.1855859, 0.976322), (0.1067453, 0.188299, 0.9762935), (0.1033172, 0.1894195, 0.9764455), (0.1000301, 0.1912116, 0.9764385), (0.0972902, 0.1936656, 0.9762317), (0.0953025, 0.1954113, 0.9760798), (0.0935842, 0.1966596, 0.9759954), (0.0917258, 0.1975076, 0.9760006), (0.0893226, 0.1979713, 0.9761295), (0.0859177, 0.1979914, 0.976431), (0.0809358, 0.1974161, 0.976973), (0.0735812, 0.1959576, 0.9778479), (0.0657795, 0.1926419, 0.9790619), (0.0617462, 0.1894127, 0.9799542), (0.0589793, 0.187202, 0.9805493), (0.0535117, 0.1833859, 0.9815835), (0.0454418, 0.1776791, 0.9830388), (0.0350412, 0.1698938, 0.9848392), (0.0227746, 0.1599908, 0.9868557), (0.0092844, 0.148115, 0.9889266), (-0.0046676, 0.1346013, 0.9908889), (-0.0182931, 0.1199411, 0.9926125), (-0.0314102, 0.1028273, 0.9942032), (-0.0445534, 0.0849826, 0.9953858), (-0.0549934, 0.0704466, 0.9959985), (-0.0614195, 0.0598026, 0.9963189), (-0.0652916, 0.0519896, 0.996511), (-0.0675537, 0.0463668, 0.9966377), (-0.0688635, 0.0425721, 0.9967173), (-0.0697316, 0.0404644, 0.9967448), (-0.070632, 0.0401377, 0.9966946), (-0.0721375, 0.0420387, 0.9965084), (-0.0729399, 0.0488543, 0.9961391), (-0.0747276, 0.0628039, 0.9952243), (-0.0787994, 0.0768124, 0.9939268), (-0.080611, 0.0836244, 0.9932315), (-0.0784163, 0.0811878, 0.9936093), (-0.0704773, 0.0678216, 0.9952051), (-0.055712, 0.0432139, 0.9975113), (-0.0344465, 0.0093054, 0.9993632), (-0.0087193, -0.029738, 0.9995197), (0.0183115, -0.0688406, 0.9974596), (0.0437278, -0.1042808, 0.9935861), (0.0642999, -0.1332827, 0.98899), (0.0784584, -0.1536631, 0.9850035), (0.0871871, -0.1670922, 0.9820787), (0.0921065, -0.1760564, 0.9800615), (0.0942717, -0.1820788, 0.9787544), (0.0943946, -0.1861303, 0.9779801), (0.0929609, -0.1888556, 0.9775949), (0.0902835, -0.1907049, 0.9774868), (0.0865071, -0.19202, 0.9775709), (0.0831816, -0.1912425, 0.9780118), (0.082712, -0.1902041, 0.9782541), (0.0837289, -0.1911241, 0.9779883), (0.0842215, -0.1916746, 0.9778382), (0.0842615, -0.1919316, 0.9777844), (0.0839172, -0.1919599, 0.9778084), (0.0832532, -0.1918144, 0.9778937), (0.08233, -0.1915425, 0.9780252), (0.0812042, -0.1911854, 0.9781891), (0.0799281, -0.1907801, 0.9783734), (0.0761245, -0.1904752, 0.9787361), (0.0677161, -0.1925881, 0.9789404), (0.0593948, -0.1957131, 0.9788609), (0.0551153, -0.1963948, 0.9789747), (0.0550337, -0.1940306, 0.9794506), (0.0594143, -0.1878843, 0.9803925), (0.0685152, -0.1771387, 0.9817981), (0.0824393, -0.1610086, 0.9835039), (0.1009478, -0.1389412, 0.9851421), (0.1232693, -0.1108975, 0.9861574), (0.1477496, -0.0772499, 0.9860033), (0.024195, -0.0018004, 0.9997056), (0.0242071, -0.0013055, 0.9997061), (0.0245719, -0.0008934, 0.9996977), (0.0252344, -0.0005472, 0.9996814), (0.0261368, -0.0002519, 0.9996583), (0.0272201, 6.3e-06, 0.9996295), (0.0284254, 0.0002405, 0.9995959), (0.0296979, 0.000465, 0.9995588), (0.030993, 0.0006977, 0.9995194), (0.0315656, 0.0005412, 0.9995015), (0.0318381, 0.000198, 0.999493), (0.0327538, 0.0002132, 0.9994634), (0.0337359, 0.0002323, 0.9994308), (0.0347896, 0.0002558, 0.9993946), (0.0359201, 0.0002838, 0.9993546), (0.0371323, 0.000317, 0.9993103), (0.0384307, 0.0003557, 0.9992612), (0.0398198, 0.0004006, 0.9992068), (0.0413035, 0.0004523, 0.9991465), (0.0428532, 0.0006463, 0.9990812), (0.0443766, 0.0008115, 0.9990145), (0.0459299, 0.0008098, 0.9989443), (0.0475314, 0.0008064, 0.9988694), (0.0492053, 0.0008011, 0.9987884), (0.0509781, 0.0007944, 0.9986995), (0.0528767, 0.0007867, 0.9986007), (0.0549273, 0.0007786, 0.9984901), (0.0571538, 0.0007706, 0.9983651), (0.0595775, 0.0007634, 0.9982234), (0.0623061, 0.0004636, 0.998057), (0.0653706, 0.0004365, 0.997861), (0.0686964, 0.0007558, 0.9976373), (0.0722885, 0.001016, 0.9973832), (0.0760639, 0.0012417, 0.9971022), (0.0799407, 0.0014494, 0.9967986), (0.0838375, 0.0016513, 0.9964781), (0.0876735, 0.0018583, 0.9961475), (0.0913681, 0.0020814, 0.995815), (0.0948408, 0.0023339, 0.9954897), (0.097812, 0.002147, 0.9952026), (0.1006193, 0.0017689, 0.9949234), (0.1035838, 0.0017814, 0.9946191), (0.1064204, 0.0017805, 0.9943196), (0.1091211, 0.0017629, 0.9940269), (0.1116784, 0.0017258, 0.9937429), (0.1140862, 0.0016678, 0.9934695), (0.1163397, 0.0015891, 0.9932082), (0.118436, 0.0014915, 0.9929606), (0.1203736, 0.0013785, 0.9927277), (0.1224639, 0.0012793, 0.9924721), (0.1240142, 0.0011156, 0.9922798), (0.1250185, 0.0009258, 0.992154), (0.1259811, 0.000783, 0.9920323), (0.1268766, 0.0006736, 0.9919183), (0.1276924, 0.0005891, 0.9918136), (0.1284212, 0.0005241, 0.9917196), (0.1290565, 0.0004754, 0.9916371), (0.1295861, 0.0004419, 0.9915681), (0.1299823, 0.0004243, 0.9915162), (0.1309611, 2.83e-05, 0.9913875), (0.1323456, -0.0001153, 0.9912036), (0.1332758, 0.0003482, 0.9910789), (0.1342959, 0.0008041, 0.9909409), (0.1353139, 0.001232, 0.990802), (0.1362393, 0.0015991, 0.9906747), (0.1369771, 0.0018663, 0.9905725), (0.1374191, 0.0020032, 0.990511), (0.13744, 0.0020025, 0.9905081), (0.136901, 0.0018846, 0.9905829), (0.1356033, 0.0017064, 0.9907617), (0.1336012, 0.0010745, 0.9910346), (0.1308732, 0.0003849, 0.991399), (0.1274362, -0.0001439, 0.9918468), (0.1234474, -0.0005676, 0.992351), (0.1190584, -0.000924, 0.9928868), (0.1144176, -0.0012411, 0.993432), (0.1096715, -0.0015423, 0.9939667), (0.1049666, -0.0018504, 0.994474), (0.1004488, -0.0021929, 0.9949398), (0.0959766, -0.0018889, 0.9953818), (0.0916569, -0.0013534, 0.9957897), (0.087595, -0.0014125, 0.9961552), (0.0835112, -0.0014692, 0.9965058), (0.079429, -0.0015247, 0.9968394), (0.0753721, -0.0015801, 0.9971542), (0.0713643, -0.0016368, 0.997449), (0.0674295, -0.0016962, 0.9977226), (0.0635914, -0.0017596, 0.9979745), (0.059874, -0.001829, 0.9982043), (0.0564617, -0.0015066, 0.9984036), (0.0528979, -0.0012784, 0.9985991), (0.0490022, -0.0014977, 0.9987975), (0.0451307, -0.0017023, 0.9989796), (0.0413548, -0.0018914, 0.9991427), (0.0377493, -0.0020612, 0.9992851), (0.0343914, -0.0022051, 0.999406), (0.0313606, -0.0023136, 0.9995055), (0.028737, -0.0023757, 0.9995842), (0.0266003, -0.0023806, 0.9996433), (0.0249201, -0.0022579, 0.9996869), (-0.1238349, 0.0387421, 0.9915462), (-0.1410597, 0.0125133, 0.989922), (-0.151973, -0.007257, 0.988358), (-0.1582559, -0.0219145, 0.9871549), (-0.1611999, -0.0325137, 0.9863861), (-0.1617866, -0.0398368, 0.9860214), (-0.1607617, -0.0444131, 0.9859935), (-0.1586943, -0.046517, 0.9862314), (-0.1560216, -0.0461085, 0.9866769), (-0.1556412, -0.0459101, 0.9867462), (-0.1560965, -0.0488422, 0.9865335), (-0.1538356, -0.0532275, 0.9866618), (-0.1509633, -0.0582926, 0.9868192), (-0.1473335, -0.0641023, 0.9870075), (-0.1427776, -0.070732, 0.9872242), (-0.1371005, -0.078267, 0.9874602), (-0.1300761, -0.0868022, 0.9876971), (-0.1214443, -0.0964394, 0.9879022), (-0.1109074, -0.1072842, 0.9880231), (-0.0988617, -0.1182393, 0.9880515), (-0.0865928, -0.1286546, 0.9879017), (-0.0738766, -0.1390708, 0.9875229), (-0.0602656, -0.1493609, 0.9869445), (-0.0462741, -0.159038, 0.9861874), (-0.0324844, -0.167665, 0.9853087), (-0.0194501, -0.1749257, 0.9843895), (-0.007609, -0.1806661, 0.9835151), (0.0027677, -0.1848944, 0.9827545), (0.011583, -0.1877484, 0.9821489), (0.019952, -0.1907875, 0.9814286), (0.0291991, -0.1926274, 0.9808374), (0.0385731, -0.1928518, 0.9804694), (0.0476348, -0.1927349, 0.980094), (0.0567267, -0.1923329, 0.9796888), (0.0661027, -0.1916376, 0.9792372), (0.0760018, -0.1905841, 0.9787244), (0.0867041, -0.189041, 0.9781339), (0.0985911, -0.1867845, 0.9774412), (0.1122331, -0.183444, 0.9766023), (0.1250714, -0.1810025, 0.9754974), (0.1342047, -0.1799775, 0.9744728), (0.142703, -0.177766, 0.9736709), (0.1535463, -0.1740051, 0.9727002), (0.1666156, -0.1684303, 0.97153), (0.1816195, -0.1608733, 0.9701207), (0.1980795, -0.1513091, 0.9684369), (0.2153515, -0.139888, 0.9664652), (0.2326887, -0.1269386, 0.9642316), (0.2493344, -0.1129332, 0.96181), (0.2667863, -0.0969182, 0.9588701), (0.2820142, -0.0798768, 0.9560793), (0.2920667, -0.0658019, 0.9541316), (0.2984846, -0.0555857, 0.9527944), (0.3025302, -0.048129, 0.9519239), (0.3049898, -0.0427762, 0.9513945), (0.306382, -0.0391535, 0.9511031), (0.3070691, -0.0371012, 0.9509638), (0.3073245, -0.036673, 0.9508978), (0.3073815, -0.0382248, 0.9508183), (0.3103324, -0.0459851, 0.9495152), (0.3163649, -0.0600661, 0.946734), (0.3212743, -0.0718786, 0.9442543), (0.3247772, -0.0770015, 0.9426508), (0.3253377, -0.0735614, 0.9427323), (0.3212897, -0.0599571, 0.945081), (0.3112537, -0.0357556, 0.949654), (0.2947632, -0.0025634, 0.9555669), (0.2727557, 0.0358497, 0.9614152), (0.2474279, 0.0746375, 0.9660273), (0.2209238, 0.1100087, 0.9690669), (0.1967243, 0.1369611, 0.9708456), (0.1772684, 0.1547782, 0.9719154), (0.1618126, 0.1660843, 0.9727449), (0.1491006, 0.1732003, 0.9735351), (0.1383832, 0.1775293, 0.9743374), (0.1292322, 0.1799421, 0.9751512), (0.1214371, 0.1809846, 0.9759598), (0.1149551, 0.18099, 0.9767435), (0.1099038, 0.180134, 0.9774829), (0.1044598, 0.181326, 0.9778594), (0.0965518, 0.1839623, 0.9781797), (0.087792, 0.1847079, 0.9788644), (0.0795014, 0.1850681, 0.9795046), (0.0716563, 0.1851154, 0.9801008), (0.0642367, 0.1849103, 0.9806538), (0.0572261, 0.1845027, 0.9811646), (0.0506124, 0.1839341, 0.9816347), (0.0443878, 0.1832377, 0.982066), (0.0385491, 0.1824404, 0.9824609), (0.0359072, 0.1839378, 0.9822818), (0.0371961, 0.1872832, 0.9816015), (0.0374303, 0.1892457, 0.9812161), (0.033854, 0.1890326, 0.9813871), (0.0264628, 0.1860516, 0.9821836), (0.0151249, 0.1795833, 0.9836265), (-0.0003141, 0.1688195, 0.9856469), (-0.0198931, 0.1529564, 0.9880327), (-0.0433534, 0.1313721, 0.9903847), (-0.0699354, 0.1038932, 0.9921266), (-0.0987529, 0.0711431, 0.9925656), (-0.7138819, 0.1939919, 0.6728594), (-0.763275, 0.0620036, 0.6430916), (-0.7852578, -0.030367, 0.6184239), (-0.793691, -0.094741, 0.6008982), (-0.7954506, -0.1395721, 0.589727), (-0.7940033, -0.1702268, 0.5835936), (-0.7912285, -0.1898259, 0.5813119), (-0.7882909, -0.1997884, 0.581964), (-0.7860901, -0.1998853, 0.5849002), (-0.7861227, -0.1984821, 0.5853341), (-0.7847798, -0.2089584, 0.583487), (-0.7790307, -0.2279439, 0.5840829), (-0.7714294, -0.2500569, 0.5851224), (-0.7614461, -0.2756733, 0.586689), (-0.7483976, -0.3052342, 0.5888405), (-0.731398, -0.3392338, 0.5915888), (-0.7092987, -0.3781909, 0.5948672), (-0.680622, -0.422585, 0.5984778), (-0.6435052, -0.4727353, 0.6020153), (-0.5993533, -0.5240728, 0.6050813), (-0.5522173, -0.5718709, 0.6066463), (-0.5012231, -0.6173181, 0.6063776), (-0.4454305, -0.6604325, 0.6045002), (-0.3876726, -0.6988571, 0.6010897), (-0.3312284, -0.7309966, 0.5966002), (-0.2791204, -0.7562756, 0.5917255), (-0.2335618, -0.7750327, 0.5871739), (-0.1957442, -0.7881849, 0.5834798), (-0.1659358, -0.7968673, 0.5809198), (-0.1388667, -0.8041563, 0.5779695), (-0.1099345, -0.8098027, 0.5763106), (-0.0819951, -0.8130637, 0.5763717), (-0.0561882, -0.8150022, 0.5767273), (-0.0307845, -0.8159304, 0.57733), (-0.0044117, -0.8158994, 0.578177), (0.0242654, -0.8147489, 0.579306), (0.0567971, -0.8120704, 0.5807889), (0.0952354, -0.8070758, 0.5827169), (0.1425491, -0.7982971, 0.5851509), (0.1877276, -0.7884912, 0.5856962), (0.2170123, -0.7816206, 0.5847862), (0.2439915, -0.7732657, 0.5852592), (0.2820662, -0.7592431, 0.5865054), (0.3308652, -0.737918, 0.5882221), (0.3890374, -0.7076747, 0.589785), (0.4540032, -0.6673683, 0.5903395), (0.5220113, -0.6168863, 0.5890292), (0.5886683, -0.5575675, 0.5853103), (0.6498471, -0.4921652, 0.5791996), (0.7086871, -0.4163147, 0.5696005), (0.7571065, -0.337918, 0.5591075), (0.7875827, -0.275478, 0.5512035), (0.8053768, -0.2311054, 0.5458557), (0.8159556, -0.1993575, 0.5426537), (0.8221775, -0.17695, 0.5410295), (0.8256326, -0.1620119, 0.5404469), (0.8272455, -0.1537013, 0.540408), (0.8275485, -0.1521281, 0.5403893), (0.8267726, -0.158648, 0.5397017), (0.8256693, -0.1873019, 0.5321543), (0.8229744, -0.2372008, 0.5161869), (0.8192359, -0.2777242, 0.5017189), (0.8183175, -0.2941535, 0.4937916), (0.8206932, -0.2831436, 0.4962784), (0.8247106, -0.238748, 0.5126908), (0.8245158, -0.1523865, 0.544933), (0.8072795, -0.0164191, 0.5899408), (0.7545627, 0.1644945, 0.6352769), (0.6567909, 0.3605986, 0.6622645), (0.5281473, 0.5315351, 0.6622166), (0.4063104, 0.6466475, 0.6455687), (0.3151037, 0.7120614, 0.6274378), (0.250933, 0.7486599, 0.6136294), (0.2048911, 0.770003, 0.6042475), (0.1712605, 0.7827005, 0.5983727), (0.1465806, 0.790158, 0.5951172), (0.1288514, 0.7942205, 0.5938106), (0.1170891, 0.7959058, 0.59399), (0.1111792, 0.7957289, 0.595361), (0.1027758, 0.797641, 0.5943114), (0.0828681, 0.801962, 0.5915994), (0.0589484, 0.8044141, 0.5911371), (0.0372292, 0.8057671, 0.5910612), (0.017475, 0.806254, 0.5913114), (-0.0005195, 0.8060604, 0.591833), (-0.0169307, 0.805335, 0.5925782), (-0.0319082, 0.804197, 0.5935057), (-0.0455763, 0.8027432, 0.5945806), (-0.0580357, 0.8010523, 0.5957743), (-0.0568956, 0.8028943, 0.5934001), (-0.038284, 0.8083913, 0.5873992), (-0.0239585, 0.8120103, 0.5831512), (-0.0262164, 0.8118315, 0.583303), (-0.0454639, 0.8068437, 0.589013), (-0.0836147, 0.7946064, 0.6013395), (-0.143943, 0.7705242, 0.6209451), (-0.2303042, 0.7267479, 0.6471456), (-0.3444331, 0.6515459, 0.6759096), (-0.4798582, 0.5322488, 0.6974578), (-0.6167195, 0.3656488, 0.6971069), (-0.9615908, 0.2452947, 0.1231811), (-0.9908211, 0.0724587, 0.1141192), (-0.9933327, -0.0420837, 0.1073271), (-0.987566, -0.1189068, 0.1028327), (-0.9801327, -0.1712154, 0.1001255), (-0.973428, -0.2066118, 0.0987394), (-0.9683996, -0.229199, 0.0983362), (-0.9655677, -0.240705, 0.0986922), (-0.9654649, -0.2407109, 0.0996788), (-0.9658349, -0.2392919, 0.0995106), (-0.962609, -0.2523333, 0.0985486), (-0.9562554, -0.2753772, 0.0987066), (-0.9480536, -0.3023214, 0.0989751), (-0.9374317, -0.3336855, 0.0993771), (-0.9236074, -0.3700856, 0.0999304), (-0.9055088, -0.4122194, 0.1006427), (-0.8816702, -0.4608196, 0.1015039), (-0.8501058, -0.516546, 0.1024712), (-0.8081875, -0.5797684, 0.1034486), (-0.7575944, -0.644324, 0.10439), (-0.7024086, -0.7040033, 0.1048882), (-0.6411255, -0.7602449, 0.1048132), (-0.5733282, -0.8126558, 0.1043327), (-0.5027623, -0.8582096, 0.1034715), (-0.4338339, -0.8951605, 0.1023521), (-0.3705614, -0.9232833, 0.1011539), (-0.315793, -0.9435382, 0.1000522), (-0.2709629, -0.9574675, 0.0991725), (-0.2362935, -0.9666688, 0.098574), (-0.2045375, -0.9739714, 0.0976936), (-0.1709936, -0.98045, 0.0973602), (-0.1394075, -0.9854034, 0.0977018), (-0.1104133, -0.9890345, 0.0980796), (-0.0818941, -0.9917609, 0.0985076), (-0.0521308, -0.9937204, 0.0990055), (-0.0194124, -0.9948379, 0.0996024), (0.0182898, -0.9947852, 0.1003385), (0.0637159, -0.9928169, 0.1012667), (0.1209134, -0.9873627, 0.1024446), (0.1746893, -0.9792392, 0.1028306), (0.2086778, -0.9725897, 0.1025806), (0.2418318, -0.9648422, 0.1029415), (0.2895345, -0.9515436, 0.1036072), (0.3516952, -0.9302629, 0.1045055), (0.4269086, -0.8981239, 0.1054638), (0.5118743, -0.852468, 0.1062211), (0.6012454, -0.7919371, 0.1064878), (0.6883756, -0.7175601, 0.1060498), (0.7669531, -0.6330764, 0.1048676), (0.8403054, -0.5323412, 0.1024676), (0.8975547, -0.4294211, 0.0999657), (0.9319161, -0.3490882, 0.0983351), (0.9513334, -0.2924061, 0.0972801), (0.96283, -0.2521923, 0.0967336), (0.9697788, -0.2240606, 0.0965706), (0.9738679, -0.205515, 0.0966686), (0.9759176, -0.1954296, 0.096913), (0.9761919, -0.1939196, 0.0971831), (0.9743975, -0.2026787, 0.0973186), (0.9662816, -0.2392818, 0.0950999), (0.9501593, -0.2983425, 0.0904937), (0.9352569, -0.3431437, 0.0868731), (0.9291735, -0.3597411, 0.0849878), (0.9343948, -0.3457809, 0.0856849), (0.9515813, -0.2939568, 0.0899027), (0.9768655, -0.1897719, 0.098592), (0.9936479, -0.0124098, 0.1118476), (0.9608722, 0.2464926, 0.1263567), (0.8333301, 0.5362746, 0.1340539), (0.6320249, 0.7638667, 0.1305844), (0.4467822, 0.8862435, 0.1223034), (0.3188074, 0.940789, 0.1152297), (0.2347917, 0.9657519, 0.1104362), (0.1777564, 0.9781967, 0.1073963), (0.1379978, 0.9847892, 0.1055782), (0.1100989, 0.9883997, 0.1046152), (0.0910775, 0.9903694, 0.1042749), (0.0794817, 0.9913522, 0.1044195), (0.0750739, 0.9916364, 0.1049822), (0.0666037, 0.9923051, 0.1043772), (0.0436941, 0.9937152, 0.1030575), (0.0166498, 0.9945638, 0.1027895), (-0.0076213, 0.9946878, 0.1026552), (-0.0294655, 0.9942827, 0.1026339), (-0.0491764, 0.9934952, 0.1027081), (-0.0670007, 0.9924365, 0.1028629), (-0.0831445, 0.9911914, 0.1030857), (-0.0977779, 0.9898257, 0.1033666), (-0.1110383, 0.9883913, 0.1036976), (-0.1057973, 0.9890517, 0.1028766), (-0.0795227, 0.9916794, 0.1012324), (-0.0604905, 0.9931146, 0.1003212), (-0.0621687, 0.9929957, 0.1004718), (-0.0853219, 0.9911186, 0.1020009), (-0.1331911, 0.9854855, 0.1052542), (-0.2117824, 0.9710417, 0.1105719), (-0.3293104, 0.9368141, 0.1180424), (-0.4914679, 0.8616246, 0.1267376), (-0.6860921, 0.7151914, 0.1333373), (-0.8652761, 0.4836101, 0.131979)] (interpolation = "vertex")
  uniform token subdivisionScheme = "none"
  uniform bool doubleSided = true
  rel material:binding = </Wayfarer/Materials/Frame>
 }
 def Mesh "RightLens" (prepend apiSchemas = ["MaterialBindingAPI"]) {
  point3f[] points = [(0.0340604, 0.0012619, 0.0482209), (0.0340245, 0.0010461, 0.0482235), (0.0340201, 0.000799, 0.0482238), (0.0340416, 0.0005287, 0.0482222), (0.0340833, 0.0002432, 0.0482192), (0.0341397, -4.93e-05, 0.0482151), (0.0342052, -0.0003408, 0.0482103), (0.0342741, -0.0006232, 0.0482053), (0.0343409, -0.0008884, 0.0482004), (0.0344, -0.0011283, 0.0481961), (0.0344554, -0.001352, 0.048192), (0.0345152, -0.0015729, 0.0481876), (0.0345798, -0.0017894, 0.0481829), (0.0346496, -0.002, 0.0481777), (0.034725, -0.0022031, 0.0481721), (0.0348064, -0.0023973, 0.0481661), (0.0348942, -0.0025809, 0.0481596), (0.0349888, -0.0027525, 0.0481525), (0.0350906, -0.0029105, 0.0481449), (0.0352, -0.0030533, 0.0481367), (0.0353149, -0.00318, 0.0481281), (0.0354336, -0.0032915, 0.0481191), (0.0355574, -0.0033894, 0.0481097), (0.0356875, -0.0034753, 0.0480998), (0.035825, -0.0035506, 0.0480893), (0.0359712, -0.003617, 0.0480781), (0.0361273, -0.0036759, 0.0480661), (0.0362944, -0.0037289, 0.0480532), (0.0364738, -0.0037775, 0.0480393), (0.0366667, -0.0038233, 0.0480243), (0.0368804, -0.0038668, 0.0480075), (0.0371179, -0.0039065, 0.0479887), (0.0373735, -0.0039413, 0.0479684), (0.0376416, -0.0039701, 0.047947), (0.0379167, -0.0039918, 0.0479248), (0.0381931, -0.0040051, 0.0479024), (0.0384652, -0.0040088, 0.0478801), (0.0387275, -0.004002, 0.0478585), (0.0389743, -0.0039833, 0.0478381), (0.0392, -0.0039517, 0.0478193), (0.0394099, -0.0039121, 0.0478016), (0.0396128, -0.0038685, 0.0477845), (0.0398082, -0.0038183, 0.047768), (0.0399957, -0.0037587, 0.047752), (0.040175, -0.003687, 0.0477367), (0.0403456, -0.0036005, 0.047722), (0.0405071, -0.0034967, 0.0477081), (0.0406592, -0.0033726, 0.047695), (0.0408014, -0.0032257, 0.0476826), (0.0409333, -0.0030533, 0.0476711), (0.0410535, -0.0028443, 0.0476606), (0.0411616, -0.0025954, 0.0476511), (0.0412587, -0.0023155, 0.0476426), (0.0413461, -0.0020133, 0.0476349), (0.041425, -0.0016978, 0.0476279), (0.0414965, -0.0013778, 0.0476216), (0.0415619, -0.0010622, 0.0476158), (0.0416224, -0.0007598, 0.0476104), (0.0416791, -0.0004794, 0.0476054), (0.0417333, -0.00023, 0.0476006), (0.041796, -3e-06, 0.047595), (0.041872, 0.0002156, 0.0475882), (0.0419533, 0.0004249, 0.0475809), (0.042032, 0.0006242, 0.0475739), (0.0421, 0.0008127, 0.0475678), (0.0421493, 0.0009897, 0.0475633), (0.042172, 0.0011543, 0.0475613), (0.04216, 0.0013059, 0.0475624), (0.0421053, 0.0014436, 0.0475673), (0.042, 0.0015667, 0.0475767), (0.0418357, 0.0016729, 0.0475914), (0.041616, 0.0017617, 0.047611), (0.041351, 0.0018352, 0.0476344), (0.0410507, 0.0018952, 0.0476608), (0.040725, 0.0019436, 0.0476892), (0.040384, 0.0019825, 0.0477187), (0.0400377, 0.0020136, 0.0477485), (0.039696, 0.0020389, 0.0477775), (0.039369, 0.0020604, 0.0478051), (0.0390667, 0.00208, 0.0478304), (0.0387783, 0.0020949, 0.0478543), (0.0384875, 0.0021016, 0.0478783), (0.0381959, 0.0021008, 0.0479021), (0.0379051, 0.0020933, 0.0479258), (0.0376167, 0.00208, 0.047949), (0.0373323, 0.0020615, 0.0479717), (0.0370535, 0.0020387, 0.0479938), (0.0367819, 0.0020122, 0.0480152), (0.0365191, 0.001983, 0.0480358), (0.0362667, 0.0019517, 0.0480554), (0.0360155, 0.0019252, 0.0480747), (0.0357589, 0.0019065, 0.0480944), (0.0355021, 0.0018906, 0.0481139), (0.0352501, 0.0018726, 0.0481329), (0.0350083, 0.0018474, 0.048151), (0.0347819, 0.00181, 0.0481679), (0.0345759, 0.0017554, 0.0481831), (0.0343957, 0.0016786, 0.0481964), (0.0342465, 0.0015746, 0.0482073), (0.0341333, 0.0014383, 0.0482156), (0.0301208, 0.0035239, 0.0483656), (0.0300491, 0.0030923, 0.0483702), (0.0300403, 0.0025981, 0.0483708), (0.0300832, 0.0020574, 0.048368), (0.0301667, 0.0014865, 0.0483626), (0.0302795, 0.0009014, 0.0483554), (0.0304104, 0.0003184, 0.0483469), (0.0305483, -0.0002464, 0.0483379), (0.0306819, -0.0007768, 0.0483292), (0.0308, -0.0012567, 0.0483215), (0.0309108, -0.001704, 0.0483142), (0.0310304, -0.0021458, 0.0483063), (0.0311596, -0.0025788, 0.0482977), (0.0312992, -0.0029999, 0.0482884), (0.03145, -0.0034062, 0.0482783), (0.0316128, -0.0037946, 0.0482673), (0.0317884, -0.0041619, 0.0482555), (0.0319776, -0.004505, 0.0482426), (0.0321812, -0.004821, 0.0482287), (0.0324, -0.0051067, 0.0482136), (0.0326297, -0.00536, 0.0481977), (0.0328672, -0.005583, 0.0481811), (0.0331148, -0.0057789, 0.0481636), (0.0333749, -0.0059506, 0.0481452), (0.03365, -0.0061012, 0.0481255), (0.0339424, -0.0062339, 0.0481044), (0.0342545, -0.0063518, 0.0480817), (0.0345888, -0.0064578, 0.0480572), (0.0349476, -0.006555, 0.0480306), (0.0353333, -0.0066467, 0.0480017), (0.0357608, -0.0067335, 0.0479692), (0.0362357, -0.006813, 0.0479328), (0.0367469, -0.0068827, 0.047893), (0.0372832, -0.0069403, 0.0478506), (0.0378333, -0.0069835, 0.0478065), (0.0383861, -0.0070101, 0.0477616), (0.0389304, -0.0070177, 0.0477167), (0.0394549, -0.0070039, 0.0476729), (0.0399485, -0.0069666, 0.0476311), (0.0404, -0.0069033, 0.0475924), (0.0408199, -0.0068242, 0.047556), (0.0412256, -0.006737, 0.0475205), (0.0416164, -0.0066365, 0.0474859), (0.0419915, -0.0065173, 0.0474525), (0.04235, -0.006374, 0.0474202), (0.0426912, -0.0062011, 0.0473893), (0.0430143, -0.0059933, 0.0473598), (0.0433184, -0.0057453, 0.0473318), (0.0436028, -0.0054515, 0.0473054), (0.0438667, -0.0051067, 0.0472808), (0.0441071, -0.0046887, 0.0472582), (0.0443232, -0.0041909, 0.0472378), (0.0445175, -0.003631, 0.0472194), (0.0446923, -0.0030266, 0.0472028), (0.04485, -0.0023956, 0.0471877), (0.0449931, -0.0017556, 0.047174), (0.0451239, -0.0011244, 0.0471614), (0.0452448, -0.0005195, 0.0471498), (0.0453583, 4.12e-05, 0.0471388), (0.0454667, 0.00054, 0.0471283), (0.045592, 0.000994, 0.0471161), (0.045744, 0.0014311, 0.0471013), (0.0459067, 0.0018498, 0.0470854), (0.046064, 0.0022484, 0.04707), (0.0462, 0.0026254, 0.0470566), (0.0462987, 0.0029794, 0.0470469), (0.046344, 0.0033087, 0.0470424), (0.04632, 0.0036118, 0.0470448), (0.0462107, 0.0038872, 0.0470555), (0.046, 0.0041333, 0.0470763), (0.0456713, 0.0043457, 0.0471084), (0.045232, 0.0045235, 0.047151), (0.044702, 0.0046704, 0.0472018), (0.0441013, 0.0047904, 0.0472587), (0.04345, 0.0048873, 0.0473196), (0.042768, 0.0049649, 0.0473823), (0.0420753, 0.0050272, 0.047445), (0.041392, 0.0050779, 0.0475058), (0.040738, 0.0051209, 0.0475631), (0.0401333, 0.00516, 0.0476153), (0.0395565, 0.0051898, 0.0476643), (0.0389749, 0.0052031, 0.047713), (0.0383917, 0.0052016, 0.0477611), (0.0378101, 0.0051867, 0.0478084), (0.0372333, 0.00516, 0.0478546), (0.0366645, 0.005123, 0.0478994), (0.0361069, 0.0050774, 0.0479427), (0.0355637, 0.0050245, 0.0479842), (0.0350381, 0.004966, 0.0480238), (0.0345333, 0.0049033, 0.0480613), (0.0340311, 0.0048503, 0.048098), (0.0335179, 0.004813, 0.048135), (0.0330041, 0.0047813, 0.0481714), (0.0325003, 0.0047452, 0.0482066), (0.0320167, 0.0046948, 0.0482399), (0.0315637, 0.00462, 0.0482706), (0.0311519, 0.0045108, 0.0482982), (0.0307915, 0.0043571, 0.048322), (0.0304929, 0.0041491, 0.0483415), (0.0302667, 0.0038767, 0.0483562), (0.0261812, 0.0057858, 0.0483938), (0.0260736, 0.0051384, 0.0483998), (0.0260604, 0.0043971, 0.0484006), (0.0261248, 0.0035861, 0.048397), (0.02625, 0.0027297, 0.04839), (0.0264192, 0.0018521, 0.0483805), (0.0266156, 0.0009776, 0.0483694), (0.0268224, 0.0001304, 0.0483576), (0.0270228, -0.0006652, 0.0483461), (0.0272, -0.001385, 0.0483358), (0.0273662, -0.0020561, 0.0483262), (0.0275456, -0.0027186, 0.0483157), (0.0277394, -0.0033681, 0.0483042), (0.0279488, -0.0039999, 0.0482918), (0.028175, -0.0046094, 0.0482782), (0.0284192, -0.0051919, 0.0482635), (0.0286826, -0.0057428, 0.0482475), (0.0289664, -0.0062576, 0.04823), (0.0292718, -0.0067315, 0.048211), (0.0296, -0.00716, 0.0481904), (0.0299446, -0.00754, 0.0481685), (0.0303008, -0.0078746, 0.0481457), (0.0306722, -0.0081683, 0.0481215), (0.0310624, -0.0084259, 0.0480958), (0.031475, -0.0086519, 0.0480683), (0.0319136, -0.0088509, 0.0480386), (0.0323818, -0.0090276, 0.0480065), (0.0328832, -0.0091866, 0.0479716), (0.0334214, -0.0093326, 0.0479335), (0.034, -0.00947, 0.0478919), (0.0346412, -0.0096003, 0.047845), (0.0353536, -0.0097195, 0.0477918), (0.0361204, -0.009824, 0.0477333), (0.0369248, -0.0099104, 0.0476707), (0.03775, -0.0099753, 0.0476049), (0.0385792, -0.0100152, 0.0475374), (0.0393956, -0.0100265, 0.0474695), (0.0401824, -0.0100059, 0.0474027), (0.0409228, -0.0099499, 0.0473387), (0.0416, -0.009855, 0.0472791), (0.0422298, -0.0097362, 0.0472228), (0.0428384, -0.0096055, 0.0471675), (0.0434246, -0.0094548, 0.0471136), (0.0439872, -0.009276, 0.0470611), (0.044525, -0.0090609, 0.0470104), (0.0450368, -0.0088016, 0.0469615), (0.0455214, -0.00849, 0.0469147), (0.0459776, -0.0081179, 0.0468701), (0.0464042, -0.0076772, 0.0468281), (0.0468, -0.00716, 0.0467887), (0.0471606, -0.006533, 0.0467526), (0.0474848, -0.0057863, 0.0467199), (0.0477762, -0.0049464, 0.0466903), (0.0480384, -0.00404, 0.0466635), (0.048275, -0.0030934, 0.0466392), (0.0484896, -0.0021334, 0.046617), (0.0486858, -0.0011865, 0.0465967), (0.0488672, -0.0002793, 0.0465778), (0.0490374, 0.0005618, 0.04656), (0.0492, 0.00131, 0.046543), (0.049388, 0.0019911, 0.0465232), (0.049616, 0.0026467, 0.0464991), (0.04986, 0.0032747, 0.0464732), (0.050096, 0.0038726, 0.0464481), (0.0503, 0.0044381, 0.0464262), (0.050448, 0.004969, 0.0464103), (0.050516, 0.005463, 0.046403), (0.05048, 0.0059177, 0.0464069), (0.050316, 0.0063308, 0.0464245), (0.05, 0.0067, 0.0464583), (0.049507, 0.0070186, 0.0465107), (0.048848, 0.0072852, 0.0465798), (0.048053, 0.0075056, 0.046662), (0.047152, 0.0076856, 0.0467535), (0.046175, 0.0078309, 0.0468507), (0.045152, 0.0079474, 0.0469504), (0.044113, 0.0080408, 0.0470493), (0.043088, 0.0081168, 0.0471447), (0.042107, 0.0081813, 0.0472338), (0.0412, 0.00824, 0.0473144), (0.0403348, 0.0082847, 0.0473896), (0.0394624, 0.0083047, 0.0474639), (0.0385876, 0.0083024, 0.0475367), (0.0377152, 0.00828, 0.0476077), (0.03685, 0.00824, 0.0476765), (0.0359968, 0.0081846, 0.0477428), (0.0351604, 0.008116, 0.0478063), (0.0343456, 0.0080367, 0.0478667), (0.0335572, 0.0079489, 0.0479238), (0.0328, 0.007855, 0.0479774), (0.0320466, 0.0077755, 0.0480295), (0.0312768, 0.0077195, 0.0480815), (0.0305062, 0.0076719, 0.0481323), (0.0297504, 0.0076178, 0.0481809), (0.029025, 0.0075422, 0.0482264), (0.0283456, 0.00743, 0.048268), (0.0277278, 0.0072661, 0.0483049), (0.0271872, 0.0070357, 0.0483366), (0.0267394, 0.0067237, 0.0483623), (0.0264, 0.006315, 0.0483816), (0.0222416, 0.0080478, 0.0483057), (0.0220981, 0.0071846, 0.0483125), (0.0220805, 0.0061962, 0.0483133), (0.0221664, 0.0051148, 0.0483092), (0.0223333, 0.0039729, 0.0483013), (0.0225589, 0.0028028, 0.0482905), (0.0228208, 0.0016367, 0.0482778), (0.0230965, 0.0005071, 0.0482643), (0.0233637, -0.0005537, 0.0482511), (0.0236, -0.0015133, 0.0482392), (0.0238216, -0.0024081, 0.048228), (0.0240608, -0.0032915, 0.0482158), (0.0243192, -0.0041575, 0.0482025), (0.0245984, -0.0049999, 0.0481879), (0.0249, -0.0058125, 0.048172), (0.0252256, -0.0065892, 0.0481546), (0.0255768, -0.0073238, 0.0481355), (0.0259552, -0.0080101, 0.0481147), (0.0263624, -0.008642, 0.048092), (0.0268, -0.0092133, 0.0480672), (0.0272595, -0.00972, 0.0480407), (0.0277344, -0.0101661, 0.0480129), (0.0282296, -0.0105578, 0.0479833), (0.0287499, -0.0109012, 0.0479517), (0.0293, -0.0112025, 0.0479176), (0.0298848, -0.0114679, 0.0478807), (0.0305091, -0.0117035, 0.0478405), (0.0311776, -0.0119155, 0.0477965), (0.0318952, -0.0121101, 0.0477482), (0.0326667, -0.0122933, 0.0476951), (0.0335216, -0.0124671, 0.0476347), (0.0344715, -0.012626, 0.0475658), (0.0354939, -0.0127653, 0.0474895), (0.0365664, -0.0128806, 0.0474071), (0.0376667, -0.0129671, 0.04732), (0.0387723, -0.0130202, 0.0472298), (0.0398608, -0.0130354, 0.0471385), (0.0409099, -0.0130079, 0.0470481), (0.0418971, -0.0129332, 0.0469609), (0.0428, -0.0128067, 0.0468794), (0.0436397, -0.0126483, 0.0468019), (0.0444512, -0.012474, 0.0467257), (0.0452328, -0.0122731, 0.0466509), (0.0459829, -0.0120346, 0.0465779), (0.0467, -0.0117479, 0.0465071), (0.0473824, -0.0114022, 0.0464386), (0.0480285, -0.0109866, 0.0463728), (0.0486368, -0.0104905, 0.0463101), (0.0492056, -0.009903, 0.0462507), (0.0497333, -0.0092133, 0.046195), (0.0502141, -0.0083774, 0.0461438), (0.0506464, -0.0073818, 0.0460973), (0.0510349, -0.0062619, 0.0460551), (0.0513845, -0.0050533, 0.0460169), (0.0517, -0.0037912, 0.0459823), (0.0519861, -0.0025113, 0.0459506), (0.0522477, -0.0012487, 0.0459215), (0.0524896, -3.9e-05, 0.0458945), (0.0527165, 0.0010823, 0.045869), (0.0529333, 0.00208, 0.0458446), (0.053184, 0.0029881, 0.0458162), (0.053488, 0.0038623, 0.0457816), (0.0538133, 0.0046995, 0.0457444), (0.054128, 0.0054967, 0.0457082), (0.0544, 0.0062508, 0.0456767), (0.0545973, 0.0069587, 0.0456537), (0.054688, 0.0076173, 0.0456432), (0.05464, 0.0082236, 0.0456488), (0.0544213, 0.0087744, 0.0456742), (0.054, 0.0092667, 0.0457229), (0.0533427, 0.0096915, 0.0457982), (0.052464, 0.0100469, 0.0458974), (0.051404, 0.0103408, 0.0460148), (0.0502027, 0.0105808, 0.046145), (0.0489, 0.0107746, 0.0462827), (0.047536, 0.0109299, 0.046423), (0.0461507, 0.0110544, 0.0465615), (0.044784, 0.0111557, 0.046694), (0.043476, 0.0112417, 0.0468172), (0.0422667, 0.01132, 0.0469278), (0.0411131, 0.0113795, 0.0470304), (0.0399499, 0.0114062, 0.0471309), (0.0387835, 0.0114032, 0.0472289), (0.0376203, 0.0113734, 0.0473237), (0.0364667, 0.01132, 0.0474149), (0.0353291, 0.0112461, 0.047502), (0.0342139, 0.0111547, 0.0475847), (0.0331275, 0.011049, 0.0476627), (0.0320763, 0.0109319, 0.0477359), (0.0310667, 0.0108067, 0.0478039), (0.0300621, 0.0107007, 0.0478694), (0.0290357, 0.010626, 0.0479341), (0.0280083, 0.0105626, 0.0479966), (0.0270005, 0.0104905, 0.0480557), (0.0260333, 0.0103896, 0.0481104), (0.0251275, 0.0102399, 0.0481599), (0.0243037, 0.0100215, 0.0482033), (0.0235829, 0.0097143, 0.0482401), (0.0229859, 0.0092982, 0.0482698), (0.0225333, 0.0087533, 0.0482917), (0.018302, 0.0103097, 0.048101), (0.0181227, 0.0092307, 0.048108), (0.0181007, 0.0079952, 0.0481089), (0.018208, 0.0066435, 0.0481047), (0.0184167, 0.0052161, 0.0480965), (0.0186987, 0.0037535, 0.0480854), (0.019026, 0.0022959, 0.0480722), (0.0193707, 0.0008839, 0.0480581), (0.0197047, -0.0004421, 0.0480442), (0.02, -0.0016417, 0.0480317), (0.020277, -0.0027601, 0.0480198), (0.020576, -0.0038644, 0.0480067), (0.020899, -0.0049469, 0.0479924), (0.021248, -0.0059999, 0.0479768), (0.021625, -0.0070156, 0.0479595), (0.022032, -0.0079865, 0.0479406), (0.022471, -0.0089047, 0.0479197), (0.022944, -0.0097626, 0.0478968), (0.023453, -0.0105525, 0.0478716), (0.024, -0.0112667, 0.0478439), (0.0245743, -0.0119, 0.0478142), (0.025168, -0.0124576, 0.0477827), (0.025787, -0.0129472, 0.047749), (0.0264373, -0.0133765, 0.0477128), (0.027125, -0.0137531, 0.0476735), (0.027856, -0.0140849, 0.0476306), (0.0286363, -0.0143794, 0.0475836), (0.029472, -0.0146444, 0.0475318), (0.030369, -0.0148876, 0.0474746), (0.0313333, -0.0151167, 0.0474111), (0.032402, -0.0153339, 0.0473385), (0.0335893, -0.0155325, 0.0472549), (0.0348673, -0.0157067, 0.0471616), (0.036208, -0.0158507, 0.0470599), (0.0375833, -0.0159589, 0.0469517), (0.0389653, -0.0160253, 0.0468388), (0.040326, -0.0160442, 0.0467237), (0.0416373, -0.0160099, 0.0466091), (0.0428713, -0.0159165, 0.0464979), (0.044, -0.0157583, 0.0463933), (0.0450497, -0.0155604, 0.0462936), (0.046064, -0.0153425, 0.046195), (0.047041, -0.0150913, 0.046098), (0.0479787, -0.0147933, 0.0460029), (0.048875, -0.0144349, 0.0459103), (0.049728, -0.0140027, 0.0458206), (0.0505357, -0.0134833, 0.0457342), (0.051296, -0.0128631, 0.0456516), (0.052007, -0.0121287, 0.0455733), (0.0526667, -0.0112667, 0.0454996), (0.0532677, -0.0102217, 0.0454317), (0.053808, -0.0089772, 0.04537), (0.0542937, -0.0075774, 0.045314), (0.0547307, -0.0060666, 0.0452632), (0.055125, -0.0044891, 0.045217), (0.0554827, -0.0028891, 0.0451748), (0.0558097, -0.0013109, 0.045136), (0.056112, 0.0002012, 0.0450999), (0.0563957, 0.0016029, 0.0450658), (0.0566667, 0.00285, 0.0450331), (0.05698, 0.0039851, 0.0449952), (0.05736, 0.0050779, 0.0449488), (0.0577667, 0.0061244, 0.0448989), (0.05816, 0.0071209, 0.0448502), (0.0585, 0.0080635, 0.0448079), (0.0587467, 0.0089484, 0.0447771), (0.05886, 0.0097717, 0.0447629), (0.0588, 0.0105295, 0.0447704), (0.0585267, 0.011218, 0.0448046), (0.058, 0.0118333, 0.0448701), (0.0571783, 0.0123643, 0.044971), (0.05608, 0.0128087, 0.0451037), (0.054755, 0.013176, 0.0452603), (0.0532533, 0.013476, 0.0454334), (0.051625, 0.0137182, 0.0456155), (0.04992, 0.0139123, 0.0458002), (0.0481883, 0.0140679, 0.0459814), (0.04648, 0.0141947, 0.0461539), (0.044845, 0.0143021, 0.0463132), (0.0433333, 0.0144, 0.0464554), (0.0418913, 0.0144744, 0.0465865), (0.0404373, 0.0145078, 0.0467141), (0.0389793, 0.014504, 0.0468377), (0.0375253, 0.0144667, 0.0469563), (0.0360833, 0.0144, 0.0470695), (0.0346613, 0.0143076, 0.0471768), (0.0332673, 0.0141934, 0.0472778), (0.0319093, 0.0140612, 0.0473722), (0.0305953, 0.0139149, 0.0474599), (0.0293333, 0.0137583, 0.0475405), (0.0280777, 0.0136258, 0.0476174), (0.0267947, 0.0135325, 0.0476925), (0.0255103, 0.0134532, 0.0477642), (0.0242507, 0.0133631, 0.047831), (0.0230417, 0.013237, 0.047892), (0.0219093, 0.0130499, 0.0479463), (0.0208797, 0.0127769, 0.0479933), (0.0199787, 0.0123929, 0.0480326), (0.0192323, 0.0118728, 0.0480638), (0.0186667, 0.0111917, 0.0480867), (0.0143624, 0.0125716, 0.04778), (0.0141472, 0.0112769, 0.0477865), (0.0141208, 0.0097942, 0.0477873), (0.0142496, 0.0081722, 0.0477834), (0.0145, 0.0064594, 0.0477757), (0.0148384, 0.0047042, 0.0477651), (0.0152312, 0.0029551, 0.0477525), (0.0156448, 0.0012607, 0.0477389), (0.0160456, -0.0003305, 0.0477254), (0.0164, -0.00177, 0.0477131), (0.0167324, -0.0031121, 0.0477014), (0.0170912, -0.0044373, 0.0476884), (0.0174788, -0.0057363, 0.0476741), (0.0178976, -0.0069998, 0.0476583), (0.01835, -0.0082188, 0.0476408), (0.0188384, -0.0093838, 0.0476215), (0.0193652, -0.0104856, 0.0476), (0.0199328, -0.0115151, 0.0475762), (0.0205436, -0.012463, 0.0475498), (0.0212, -0.01332, 0.0475206), (0.0218892, -0.01408, 0.0474889), (0.0226016, -0.0147491, 0.0474551), (0.0233444, -0.0153366, 0.0474187), (0.0241248, -0.0158518, 0.0473792), (0.02495, -0.0163038, 0.047336), (0.0258272, -0.0167018, 0.0472885), (0.0267636, -0.0170553, 0.047236), (0.0277664, -0.0173733, 0.0471776), (0.0288428, -0.0176651, 0.0471126), (0.03, -0.01794, 0.04704), (0.0312824, -0.0182006, 0.0469562), (0.0327072, -0.018439, 0.0468589), (0.0342408, -0.018648, 0.0467494), (0.0358496, -0.0188209, 0.0466291), (0.0375, -0.0189506, 0.0465), (0.0391584, -0.0190303, 0.0463644), (0.0407912, -0.019053, 0.0462251), (0.0423648, -0.0190118, 0.0460856), (0.0438456, -0.0188998, 0.0459494), (0.0452, -0.01871, 0.0458208), (0.0464596, -0.0184725, 0.0456976), (0.0476768, -0.018211, 0.0455754), (0.0488492, -0.0179096, 0.0454547), (0.0499744, -0.0175519, 0.0453361), (0.05105, -0.0171219, 0.0452202), (0.0520736, -0.0166033, 0.0451076), (0.0530428, -0.01598, 0.0449989), (0.0539552, -0.0152358, 0.0448948), (0.0548084, -0.0143545, 0.0447958), (0.0556, -0.01332, 0.0447025), (0.0563212, -0.0120661, 0.0446165), (0.0569696, -0.0105726, 0.0445381), (0.0575524, -0.0088929, 0.0444669), (0.0580768, -0.0070799, 0.0444022), (0.05855, -0.0051869, 0.0443434), (0.0589792, -0.0032669, 0.0442896), (0.0593716, -0.0013731, 0.04424), (0.0597344, 0.0004414, 0.0441939), (0.0600748, 0.0021235, 0.0441504), (0.0604, 0.00362, 0.0441086), (0.060776, 0.0049821, 0.04406), (0.061232, 0.0062934, 0.0440007), (0.06172, 0.0075493, 0.0439367), (0.062192, 0.0087451, 0.0438743), (0.0626, 0.0098762, 0.04382), (0.062896, 0.0109381, 0.0437804), (0.063032, 0.011926, 0.0437621), (0.06296, 0.0128354, 0.0437718), (0.062632, 0.0136616, 0.0438157), (0.062, 0.0144, 0.0438997), (0.061014, 0.0150372, 0.0440291), (0.059696, 0.0155704, 0.0441988), (0.058106, 0.0160112, 0.0443986), (0.056304, 0.0163712, 0.0446185), (0.05435, 0.0166619, 0.0448491), (0.052304, 0.0168948, 0.0450819), (0.050226, 0.0170815, 0.0453092), (0.048176, 0.0172336, 0.0455243), (0.046214, 0.0173626, 0.0457219), (0.0444, 0.01748, 0.0458972), (0.0426696, 0.0175693, 0.0460579), (0.0409248, 0.0176094, 0.0462135), (0.0391752, 0.0176047, 0.046363), (0.0374304, 0.0175601, 0.0465056), (0.0357, 0.01748, 0.0466405), (0.0339936, 0.0173691, 0.0467674), (0.0323208, 0.0172321, 0.0468857), (0.0306912, 0.0170734, 0.0469953), (0.0291144, 0.0168979, 0.0470958), (0.0276, 0.01671, 0.0471875), (0.0260932, 0.016551, 0.0472738), (0.0245536, 0.016439, 0.0473569), (0.0230124, 0.0163439, 0.0474351), (0.0215008, 0.0162357, 0.0475069), (0.02005, 0.0160844, 0.0475712), (0.0186912, 0.0158599, 0.0476273), (0.0174556, 0.0155323, 0.047675), (0.0163744, 0.0150714, 0.047714), (0.0154788, 0.0144474, 0.0477444), (0.0148, 0.01363, 0.0477664), (0.038, -0.001, 0.0479597)]
  int[] faceVertexCounts = [3, 3, 3, 3, 3, 3, 3, 3, 3, 3, 3, 3, 3, 3, 3, 3, 3, 3, 3, 3, 3, 3, 3, 3, 3, 3, 3, 3, 3, 3, 3, 3, 3, 3, 3, 3, 3, 3, 3, 3, 3, 3, 3, 3, 3, 3, 3, 3, 3, 3, 3, 3, 3, 3, 3, 3, 3, 3, 3, 3, 3, 3, 3, 3, 3, 3, 3, 3, 3, 3, 3, 3, 3, 3, 3, 3, 3, 3, 3, 3, 3, 3, 3, 3, 3, 3, 3, 3, 3, 3, 3, 3, 3, 3, 3, 3, 3, 3, 3, 3, 3, 3, 3, 3, 3, 3, 3, 3, 3, 3, 3, 3, 3, 3, 3, 3, 3, 3, 3, 3, 3, 3, 3, 3, 3, 3, 3, 3, 3, 3, 3, 3, 3, 3, 3, 3, 3, 3, 3, 3, 3, 3, 3, 3, 3, 3, 3, 3, 3, 3, 3, 3, 3, 3, 3, 3, 3, 3, 3, 3, 3, 3, 3, 3, 3, 3, 3, 3, 3, 3, 3, 3, 3, 3, 3, 3, 3, 3, 3, 3, 3, 3, 3, 3, 3, 3, 3, 3, 3, 3, 3, 3, 3, 3, 3, 3, 3, 3, 3, 3, 3, 3, 3, 3, 3, 3, 3, 3, 3, 3, 3, 3, 3, 3, 3, 3, 3, 3, 3, 3, 3, 3, 3, 3, 3, 3, 3, 3, 3, 3, 3, 3, 3, 3, 3, 3, 3, 3, 3, 3, 3, 3, 3, 3, 3, 3, 3, 3, 3, 3, 3, 3, 3, 3, 3, 3, 3, 3, 3, 3, 3, 3, 3, 3, 3, 3, 3, 3, 3, 3, 3, 3, 3, 3, 3, 3, 3, 3, 3, 3, 3, 3, 3, 3, 3, 3, 3, 3, 3, 3, 3, 3, 3, 3, 3, 3, 3, 3, 3, 3, 3, 3, 3, 3, 3, 3, 3, 3, 3, 3, 3, 3, 3, 3, 3, 3, 3, 3, 3, 3, 3, 3, 3, 3, 3, 3, 3, 3, 3, 3, 3, 3, 3, 3, 3, 3, 3, 3, 3, 3, 3, 3, 3, 3, 3, 3, 3, 3, 3, 3, 3, 3, 3, 3, 3, 3, 3, 3, 3, 3, 3, 3, 3, 3, 3, 3, 3, 3, 3, 3, 3, 3, 3, 3, 3, 3, 3, 3, 3, 3, 3, 3, 3, 3, 3, 3, 3, 3, 3, 3, 3, 3, 3, 3, 3, 3, 3, 3, 3, 3, 3, 3, 3, 3, 3, 3, 3, 3, 3, 3, 3, 3, 3, 3, 3, 3, 3, 3, 3, 3, 3, 3, 3, 3, 3, 3, 3, 3, 3, 3, 3, 3, 3, 3, 3, 3, 3, 3, 3, 3, 3, 3, 3, 3, 3, 3, 3, 3, 3, 3, 3, 3, 3, 3, 3, 3, 3, 3, 3, 3, 3, 3, 3, 3, 3, 3, 3, 3, 3, 3, 3, 3, 3, 3, 3, 3, 3, 3, 3, 3, 3, 3, 3, 3, 3, 3, 3, 3, 3, 3, 3, 3, 3, 3, 3, 3, 3, 3, 3, 3, 3, 3, 3, 3, 3, 3, 3, 3, 3, 3, 3, 3, 3, 3, 3, 3, 3, 3, 3, 3, 3, 3, 3, 3, 3, 3, 3, 3, 3, 3, 3, 3, 3, 3, 3, 3, 3, 3, 3, 3, 3, 3, 3, 3, 3, 3, 3, 3, 3, 3, 3, 3, 3, 3, 3, 3, 3, 3, 3, 3, 3, 3, 3, 3, 3, 3, 3, 3, 3, 3, 3, 3, 3, 3, 3, 3, 3, 3, 3, 3, 3, 3, 3, 3, 3, 3, 3, 3, 3, 3, 3, 3, 3, 3, 3, 3, 3, 3, 3, 3, 3, 3, 3, 3, 3, 3, 3, 3, 3, 3, 3, 3, 3, 3, 3, 3, 3, 3, 3, 3, 3, 3, 3, 3, 3, 3, 3, 3, 3, 3, 3, 3, 3, 3, 3, 3, 3, 3, 3, 3, 3, 3, 3, 3, 3, 3, 3, 3, 3, 3, 3, 3, 3, 3, 3, 3, 3, 3, 3, 3, 3, 3, 3, 3, 3, 3, 3, 3, 3, 3, 3, 3, 3, 3, 3, 3, 3, 3, 3, 3, 3, 3, 3, 3, 3, 3, 3, 3, 3, 3, 3, 3, 3, 3, 3, 3, 3, 3, 3, 3, 3, 3, 3, 3, 3, 3, 3, 3, 3, 3, 3, 3, 3, 3, 3, 3, 3, 3, 3, 3, 3, 3, 3, 3, 3, 3, 3, 3, 3, 3, 3, 3, 3, 3, 3, 3, 3, 3, 3, 3, 3, 3, 3, 3, 3, 3, 3, 3, 3, 3, 3, 3, 3, 3, 3, 3, 3, 3, 3, 3, 3, 3, 3, 3, 3, 3, 3, 3, 3, 3, 3, 3, 3, 3, 3, 3, 3, 3, 3, 3, 3, 3, 3, 3, 3, 3, 3, 3, 3, 3, 3, 3, 3, 3, 3, 3, 3, 3, 3, 3, 3, 3, 3, 3, 3, 3, 3, 3, 3, 3, 3, 3, 3, 3, 3, 3, 3, 3, 3, 3, 3, 3, 3, 3, 3, 3, 3, 3, 3, 3, 3, 3, 3, 3, 3, 3, 3, 3, 3, 3, 3, 3, 3, 3, 3, 3, 3, 3, 3, 3, 3, 3, 3, 3, 3, 3, 3, 3, 3, 3, 3, 3, 3, 3, 3, 3, 3, 3, 3, 3, 3, 3, 3, 3, 3, 3, 3, 3, 3, 3, 3, 3, 3, 3, 3, 3, 3, 3, 3, 3, 3, 3, 3, 3, 3, 3, 3, 3, 3, 3, 3, 3, 3, 3, 3, 3, 3, 3, 3, 3, 3, 3, 3, 3, 3, 3, 3, 3, 3, 3, 3, 3, 3, 3, 3, 3, 3, 3, 3, 3, 3, 3, 3, 3, 3, 3, 3, 3, 3, 3, 3, 3, 3, 3, 3, 3, 3, 3, 3, 3, 3, 3, 3, 3, 3, 3, 3, 3, 3, 3, 3, 3, 3, 3, 3, 3, 3, 3, 3, 3, 3, 3, 3, 3, 3, 3, 3, 3, 3, 3, 3, 3, 3, 3, 3, 3, 3, 3, 3, 3, 3, 3, 3, 3, 3, 3, 3, 3, 3, 3, 3, 3, 3, 3, 3, 3, 3, 3, 3, 3, 3, 3, 3, 3, 3, 3, 3, 3, 3, 3, 3, 3, 3, 3, 3, 3, 3, 3, 3, 3, 3, 3, 3, 3, 3, 3, 3, 3, 3, 3, 3, 3, 3, 3, 3, 3, 3, 3, 3, 3, 3, 3, 3, 3, 3, 3, 3, 3, 3, 3, 3, 3, 3, 3, 3, 3, 3, 3, 3, 3, 3, 3, 3, 3, 3, 3, 3, 3, 3, 3, 3, 3, 3, 3, 3, 3, 3, 3, 3, 3, 3, 3, 3, 3, 3, 3, 3, 3, 3, 3]
  int[] faceVertexIndices = [600, 0, 1, 600, 1, 2, 600, 2, 3, 600, 3, 4, 600, 4, 5, 600, 5, 6, 600, 6, 7, 600, 7, 8, 600, 8, 9, 600, 9, 10, 600, 10, 11, 600, 11, 12, 600, 12, 13, 600, 13, 14, 600, 14, 15, 600, 15, 16, 600, 16, 17, 600, 17, 18, 600, 18, 19, 600, 19, 20, 600, 20, 21, 600, 21, 22, 600, 22, 23, 600, 23, 24, 600, 24, 25, 600, 25, 26, 600, 26, 27, 600, 27, 28, 600, 28, 29, 600, 29, 30, 600, 30, 31, 600, 31, 32, 600, 32, 33, 600, 33, 34, 600, 34, 35, 600, 35, 36, 600, 36, 37, 600, 37, 38, 600, 38, 39, 600, 39, 40, 600, 40, 41, 600, 41, 42, 600, 42, 43, 600, 43, 44, 600, 44, 45, 600, 45, 46, 600, 46, 47, 600, 47, 48, 600, 48, 49, 600, 49, 50, 600, 50, 51, 600, 51, 52, 600, 52, 53, 600, 53, 54, 600, 54, 55, 600, 55, 56, 600, 56, 57, 600, 57, 58, 600, 58, 59, 600, 59, 60, 600, 60, 61, 600, 61, 62, 600, 62, 63, 600, 63, 64, 600, 64, 65, 600, 65, 66, 600, 66, 67, 600, 67, 68, 600, 68, 69, 600, 69, 70, 600, 70, 71, 600, 71, 72, 600, 72, 73, 600, 73, 74, 600, 74, 75, 600, 75, 76, 600, 76, 77, 600, 77, 78, 600, 78, 79, 600, 79, 80, 600, 80, 81, 600, 81, 82, 600, 82, 83, 600, 83, 84, 600, 84, 85, 600, 85, 86, 600, 86, 87, 600, 87, 88, 600, 88, 89, 600, 89, 90, 600, 90, 91, 600, 91, 92, 600, 92, 93, 600, 93, 94, 600, 94, 95, 600, 95, 96, 600, 96, 97, 600, 97, 98, 600, 98, 99, 600, 99, 0, 0, 100, 101, 0, 101, 1, 1, 101, 102, 1, 102, 2, 2, 102, 103, 2, 103, 3, 3, 103, 104, 3, 104, 4, 4, 104, 105, 4, 105, 5, 5, 105, 106, 5, 106, 6, 6, 106, 107, 6, 107, 7, 7, 107, 108, 7, 108, 8, 8, 108, 109, 8, 109, 9, 9, 109, 110, 9, 110, 10, 10, 110, 111, 10, 111, 11, 11, 111, 112, 11, 112, 12, 12, 112, 113, 12, 113, 13, 13, 113, 114, 13, 114, 14, 14, 114, 115, 14, 115, 15, 15, 115, 116, 15, 116, 16, 16, 116, 117, 16, 117, 17, 17, 117, 118, 17, 118, 18, 18, 118, 119, 18, 119, 19, 19, 119, 120, 19, 120, 20, 20, 120, 121, 20, 121, 21, 21, 121, 122, 21, 122, 22, 22, 122, 123, 22, 123, 23, 23, 123, 124, 23, 124, 24, 24, 124, 125, 24, 125, 25, 25, 125, 126, 25, 126, 26, 26, 126, 127, 26, 127, 27, 27, 127, 128, 27, 128, 28, 28, 128, 129, 28, 129, 29, 29, 129, 130, 29, 130, 30, 30, 130, 131, 30, 131, 31, 31, 131, 132, 31, 132, 32, 32, 132, 133, 32, 133, 33, 33, 133, 134, 33, 134, 34, 34, 134, 135, 34, 135, 35, 35, 135, 136, 35, 136, 36, 36, 136, 137, 36, 137, 37, 37, 137, 138, 37, 138, 38, 38, 138, 139, 38, 139, 39, 39, 139, 140, 39, 140, 40, 40, 140, 141, 40, 141, 41, 41, 141, 142, 41, 142, 42, 42, 142, 143, 42, 143, 43, 43, 143, 144, 43, 144, 44, 44, 144, 145, 44, 145, 45, 45, 145, 146, 45, 146, 46, 46, 146, 147, 46, 147, 47, 47, 147, 148, 47, 148, 48, 48, 148, 149, 48, 149, 49, 49, 149, 150, 49, 150, 50, 50, 150, 151, 50, 151, 51, 51, 151, 152, 51, 152, 52, 52, 152, 153, 52, 153, 53, 53, 153, 154, 53, 154, 54, 54, 154, 155, 54, 155, 55, 55, 155, 156, 55, 156, 56, 56, 156, 157, 56, 157, 57, 57, 157, 158, 57, 158, 58, 58, 158, 159, 58, 159, 59, 59, 159, 160, 59, 160, 60, 60, 160, 161, 60, 161, 61, 61, 161, 162, 61, 162, 62, 62, 162, 163, 62, 163, 63, 63, 163, 164, 63, 164, 64, 64, 164, 165, 64, 165, 65, 65, 165, 166, 65, 166, 66, 66, 166, 167, 66, 167, 67, 67, 167, 168, 67, 168, 68, 68, 168, 169, 68, 169, 69, 69, 169, 170, 69, 170, 70, 70, 170, 171, 70, 171, 71, 71, 171, 172, 71, 172, 72, 72, 172, 173, 72, 173, 73, 73, 173, 174, 73, 174, 74, 74, 174, 175, 74, 175, 75, 75, 175, 176, 75, 176, 76, 76, 176, 177, 76, 177, 77, 77, 177, 178, 77, 178, 78, 78, 178, 179, 78, 179, 79, 79, 179, 180, 79, 180, 80, 80, 180, 181, 80, 181, 81, 81, 181, 182, 81, 182, 82, 82, 182, 183, 82, 183, 83, 83, 183, 184, 83, 184, 84, 84, 184, 185, 84, 185, 85, 85, 185, 186, 85, 186, 86, 86, 186, 187, 86, 187, 87, 87, 187, 188, 87, 188, 88, 88, 188, 189, 88, 189, 89, 89, 189, 190, 89, 190, 90, 90, 190, 191, 90, 191, 91, 91, 191, 192, 91, 192, 92, 92, 192, 193, 92, 193, 93, 93, 193, 194, 93, 194, 94, 94, 194, 195, 94, 195, 95, 95, 195, 196, 95, 196, 96, 96, 196, 197, 96, 197, 97, 97, 197, 198, 97, 198, 98, 98, 198, 199, 98, 199, 99, 99, 199, 100, 99, 100, 0, 100, 200, 201, 100, 201, 101, 101, 201, 202, 101, 202, 102, 102, 202, 203, 102, 203, 103, 103, 203, 204, 103, 204, 104, 104, 204, 205, 104, 205, 105, 105, 205, 206, 105, 206, 106, 106, 206, 207, 106, 207, 107, 107, 207, 208, 107, 208, 108, 108, 208, 209, 108, 209, 109, 109, 209, 210, 109, 210, 110, 110, 210, 211, 110, 211, 111, 111, 211, 212, 111, 212, 112, 112, 212, 213, 112, 213, 113, 113, 213, 214, 113, 214, 114, 114, 214, 215, 114, 215, 115, 115, 215, 216, 115, 216, 116, 116, 216, 217, 116, 217, 117, 117, 217, 218, 117, 218, 118, 118, 218, 219, 118, 219, 119, 119, 219, 220, 119, 220, 120, 120, 220, 221, 120, 221, 121, 121, 221, 222, 121, 222, 122, 122, 222, 223, 122, 223, 123, 123, 223, 224, 123, 224, 124, 124, 224, 225, 124, 225, 125, 125, 225, 226, 125, 226, 126, 126, 226, 227, 126, 227, 127, 127, 227, 228, 127, 228, 128, 128, 228, 229, 128, 229, 129, 129, 229, 230, 129, 230, 130, 130, 230, 231, 130, 231, 131, 131, 231, 232, 131, 232, 132, 132, 232, 233, 132, 233, 133, 133, 233, 234, 133, 234, 134, 134, 234, 235, 134, 235, 135, 135, 235, 236, 135, 236, 136, 136, 236, 237, 136, 237, 137, 137, 237, 238, 137, 238, 138, 138, 238, 239, 138, 239, 139, 139, 239, 240, 139, 240, 140, 140, 240, 241, 140, 241, 141, 141, 241, 242, 141, 242, 142, 142, 242, 243, 142, 243, 143, 143, 243, 244, 143, 244, 144, 144, 244, 245, 144, 245, 145, 145, 245, 246, 145, 246, 146, 146, 246, 247, 146, 247, 147, 147, 247, 248, 147, 248, 148, 148, 248, 249, 148, 249, 149, 149, 249, 250, 149, 250, 150, 150, 250, 251, 150, 251, 151, 151, 251, 252, 151, 252, 152, 152, 252, 253, 152, 253, 153, 153, 253, 254, 153, 254, 154, 154, 254, 255, 154, 255, 155, 155, 255, 256, 155, 256, 156, 156, 256, 257, 156, 257, 157, 157, 257, 258, 157, 258, 158, 158, 258, 259, 158, 259, 159, 159, 259, 260, 159, 260, 160, 160, 260, 261, 160, 261, 161, 161, 261, 262, 161, 262, 162, 162, 262, 263, 162, 263, 163, 163, 263, 264, 163, 264, 164, 164, 264, 265, 164, 265, 165, 165, 265, 266, 165, 266, 166, 166, 266, 267, 166, 267, 167, 167, 267, 268, 167, 268, 168, 168, 268, 269, 168, 269, 169, 169, 269, 270, 169, 270, 170, 170, 270, 271, 170, 271, 171, 171, 271, 272, 171, 272, 172, 172, 272, 273, 172, 273, 173, 173, 273, 274, 173, 274, 174, 174, 274, 275, 174, 275, 175, 175, 275, 276, 175, 276, 176, 176, 276, 277, 176, 277, 177, 177, 277, 278, 177, 278, 178, 178, 278, 279, 178, 279, 179, 179, 279, 280, 179, 280, 180, 180, 280, 281, 180, 281, 181, 181, 281, 282, 181, 282, 182, 182, 282, 283, 182, 283, 183, 183, 283, 284, 183, 284, 184, 184, 284, 285, 184, 285, 185, 185, 285, 286, 185, 286, 186, 186, 286, 287, 186, 287, 187, 187, 287, 288, 187, 288, 188, 188, 288, 289, 188, 289, 189, 189, 289, 290, 189, 290, 190, 190, 290, 291, 190, 291, 191, 191, 291, 292, 191, 292, 192, 192, 292, 293, 192, 293, 193, 193, 293, 294, 193, 294, 194, 194, 294, 295, 194, 295, 195, 195, 295, 296, 195, 296, 196, 196, 296, 297, 196, 297, 197, 197, 297, 298, 197, 298, 198, 198, 298, 299, 198, 299, 199, 199, 299, 200, 199, 200, 100, 200, 300, 301, 200, 301, 201, 201, 301, 302, 201, 302, 202, 202, 302, 303, 202, 303, 203, 203, 303, 304, 203, 304, 204, 204, 304, 305, 204, 305, 205, 205, 305, 306, 205, 306, 206, 206, 306, 307, 206, 307, 207, 207, 307, 308, 207, 308, 208, 208, 308, 309, 208, 309, 209, 209, 309, 310, 209, 310, 210, 210, 310, 311, 210, 311, 211, 211, 311, 312, 211, 312, 212, 212, 312, 313, 212, 313, 213, 213, 313, 314, 213, 314, 214, 214, 314, 315, 214, 315, 215, 215, 315, 316, 215, 316, 216, 216, 316, 317, 216, 317, 217, 217, 317, 318, 217, 318, 218, 218, 318, 319, 218, 319, 219, 219, 319, 320, 219, 320, 220, 220, 320, 321, 220, 321, 221, 221, 321, 322, 221, 322, 222, 222, 322, 323, 222, 323, 223, 223, 323, 324, 223, 324, 224, 224, 324, 325, 224, 325, 225, 225, 325, 326, 225, 326, 226, 226, 326, 327, 226, 327, 227, 227, 327, 328, 227, 328, 228, 228, 328, 329, 228, 329, 229, 229, 329, 330, 229, 330, 230, 230, 330, 331, 230, 331, 231, 231, 331, 332, 231, 332, 232, 232, 332, 333, 232, 333, 233, 233, 333, 334, 233, 334, 234, 234, 334, 335, 234, 335, 235, 235, 335, 336, 235, 336, 236, 236, 336, 337, 236, 337, 237, 237, 337, 338, 237, 338, 238, 238, 338, 339, 238, 339, 239, 239, 339, 340, 239, 340, 240, 240, 340, 341, 240, 341, 241, 241, 341, 342, 241, 342, 242, 242, 342, 343, 242, 343, 243, 243, 343, 344, 243, 344, 244, 244, 344, 345, 244, 345, 245, 245, 345, 346, 245, 346, 246, 246, 346, 347, 246, 347, 247, 247, 347, 348, 247, 348, 248, 248, 348, 349, 248, 349, 249, 249, 349, 350, 249, 350, 250, 250, 350, 351, 250, 351, 251, 251, 351, 352, 251, 352, 252, 252, 352, 353, 252, 353, 253, 253, 353, 354, 253, 354, 254, 254, 354, 355, 254, 355, 255, 255, 355, 356, 255, 356, 256, 256, 356, 357, 256, 357, 257, 257, 357, 358, 257, 358, 258, 258, 358, 359, 258, 359, 259, 259, 359, 360, 259, 360, 260, 260, 360, 361, 260, 361, 261, 261, 361, 362, 261, 362, 262, 262, 362, 363, 262, 363, 263, 263, 363, 364, 263, 364, 264, 264, 364, 365, 264, 365, 265, 265, 365, 366, 265, 366, 266, 266, 366, 367, 266, 367, 267, 267, 367, 368, 267, 368, 268, 268, 368, 369, 268, 369, 269, 269, 369, 370, 269, 370, 270, 270, 370, 371, 270, 371, 271, 271, 371, 372, 271, 372, 272, 272, 372, 373, 272, 373, 273, 273, 373, 374, 273, 374, 274, 274, 374, 375, 274, 375, 275, 275, 375, 376, 275, 376, 276, 276, 376, 377, 276, 377, 277, 277, 377, 378, 277, 378, 278, 278, 378, 379, 278, 379, 279, 279, 379, 380, 279, 380, 280, 280, 380, 381, 280, 381, 281, 281, 381, 382, 281, 382, 282, 282, 382, 383, 282, 383, 283, 283, 383, 384, 283, 384, 284, 284, 384, 385, 284, 385, 285, 285, 385, 386, 285, 386, 286, 286, 386, 387, 286, 387, 287, 287, 387, 388, 287, 388, 288, 288, 388, 389, 288, 389, 289, 289, 389, 390, 289, 390, 290, 290, 390, 391, 290, 391, 291, 291, 391, 392, 291, 392, 292, 292, 392, 393, 292, 393, 293, 293, 393, 394, 293, 394, 294, 294, 394, 395, 294, 395, 295, 295, 395, 396, 295, 396, 296, 296, 396, 397, 296, 397, 297, 297, 397, 398, 297, 398, 298, 298, 398, 399, 298, 399, 299, 299, 399, 300, 299, 300, 200, 300, 400, 401, 300, 401, 301, 301, 401, 402, 301, 402, 302, 302, 402, 403, 302, 403, 303, 303, 403, 404, 303, 404, 304, 304, 404, 405, 304, 405, 305, 305, 405, 406, 305, 406, 306, 306, 406, 407, 306, 407, 307, 307, 407, 408, 307, 408, 308, 308, 408, 409, 308, 409, 309, 309, 409, 410, 309, 410, 310, 310, 410, 411, 310, 411, 311, 311, 411, 412, 311, 412, 312, 312, 412, 413, 312, 413, 313, 313, 413, 414, 313, 414, 314, 314, 414, 415, 314, 415, 315, 315, 415, 416, 315, 416, 316, 316, 416, 417, 316, 417, 317, 317, 417, 418, 317, 418, 318, 318, 418, 419, 318, 419, 319, 319, 419, 420, 319, 420, 320, 320, 420, 421, 320, 421, 321, 321, 421, 422, 321, 422, 322, 322, 422, 423, 322, 423, 323, 323, 423, 424, 323, 424, 324, 324, 424, 425, 324, 425, 325, 325, 425, 426, 325, 426, 326, 326, 426, 427, 326, 427, 327, 327, 427, 428, 327, 428, 328, 328, 428, 429, 328, 429, 329, 329, 429, 430, 329, 430, 330, 330, 430, 431, 330, 431, 331, 331, 431, 432, 331, 432, 332, 332, 432, 433, 332, 433, 333, 333, 433, 434, 333, 434, 334, 334, 434, 435, 334, 435, 335, 335, 435, 436, 335, 436, 336, 336, 436, 437, 336, 437, 337, 337, 437, 438, 337, 438, 338, 338, 438, 439, 338, 439, 339, 339, 439, 440, 339, 440, 340, 340, 440, 441, 340, 441, 341, 341, 441, 442, 341, 442, 342, 342, 442, 443, 342, 443, 343, 343, 443, 444, 343, 444, 344, 344, 444, 445, 344, 445, 345, 345, 445, 446, 345, 446, 346, 346, 446, 447, 346, 447, 347, 347, 447, 448, 347, 448, 348, 348, 448, 449, 348, 449, 349, 349, 449, 450, 349, 450, 350, 350, 450, 451, 350, 451, 351, 351, 451, 452, 351, 452, 352, 352, 452, 453, 352, 453, 353, 353, 453, 454, 353, 454, 354, 354, 454, 455, 354, 455, 355, 355, 455, 456, 355, 456, 356, 356, 456, 457, 356, 457, 357, 357, 457, 458, 357, 458, 358, 358, 458, 459, 358, 459, 359, 359, 459, 460, 359, 460, 360, 360, 460, 461, 360, 461, 361, 361, 461, 462, 361, 462, 362, 362, 462, 463, 362, 463, 363, 363, 463, 464, 363, 464, 364, 364, 464, 465, 364, 465, 365, 365, 465, 466, 365, 466, 366, 366, 466, 467, 366, 467, 367, 367, 467, 468, 367, 468, 368, 368, 468, 469, 368, 469, 369, 369, 469, 470, 369, 470, 370, 370, 470, 471, 370, 471, 371, 371, 471, 472, 371, 472, 372, 372, 472, 473, 372, 473, 373, 373, 473, 474, 373, 474, 374, 374, 474, 475, 374, 475, 375, 375, 475, 476, 375, 476, 376, 376, 476, 477, 376, 477, 377, 377, 477, 478, 377, 478, 378, 378, 478, 479, 378, 479, 379, 379, 479, 480, 379, 480, 380, 380, 480, 481, 380, 481, 381, 381, 481, 482, 381, 482, 382, 382, 482, 483, 382, 483, 383, 383, 483, 484, 383, 484, 384, 384, 484, 485, 384, 485, 385, 385, 485, 486, 385, 486, 386, 386, 486, 487, 386, 487, 387, 387, 487, 488, 387, 488, 388, 388, 488, 489, 388, 489, 389, 389, 489, 490, 389, 490, 390, 390, 490, 491, 390, 491, 391, 391, 491, 492, 391, 492, 392, 392, 492, 493, 392, 493, 393, 393, 493, 494, 393, 494, 394, 394, 494, 495, 394, 495, 395, 395, 495, 496, 395, 496, 396, 396, 496, 497, 396, 497, 397, 397, 497, 498, 397, 498, 398, 398, 498, 499, 398, 499, 399, 399, 499, 400, 399, 400, 300, 400, 500, 501, 400, 501, 401, 401, 501, 502, 401, 502, 402, 402, 502, 503, 402, 503, 403, 403, 503, 504, 403, 504, 404, 404, 504, 505, 404, 505, 405, 405, 505, 506, 405, 506, 406, 406, 506, 507, 406, 507, 407, 407, 507, 508, 407, 508, 408, 408, 508, 509, 408, 509, 409, 409, 509, 510, 409, 510, 410, 410, 510, 511, 410, 511, 411, 411, 511, 512, 411, 512, 412, 412, 512, 513, 412, 513, 413, 413, 513, 514, 413, 514, 414, 414, 514, 515, 414, 515, 415, 415, 515, 516, 415, 516, 416, 416, 516, 517, 416, 517, 417, 417, 517, 518, 417, 518, 418, 418, 518, 519, 418, 519, 419, 419, 519, 520, 419, 520, 420, 420, 520, 521, 420, 521, 421, 421, 521, 522, 421, 522, 422, 422, 522, 523, 422, 523, 423, 423, 523, 524, 423, 524, 424, 424, 524, 525, 424, 525, 425, 425, 525, 526, 425, 526, 426, 426, 526, 527, 426, 527, 427, 427, 527, 528, 427, 528, 428, 428, 528, 529, 428, 529, 429, 429, 529, 530, 429, 530, 430, 430, 530, 531, 430, 531, 431, 431, 531, 532, 431, 532, 432, 432, 532, 533, 432, 533, 433, 433, 533, 534, 433, 534, 434, 434, 534, 535, 434, 535, 435, 435, 535, 536, 435, 536, 436, 436, 536, 537, 436, 537, 437, 437, 537, 538, 437, 538, 438, 438, 538, 539, 438, 539, 439, 439, 539, 540, 439, 540, 440, 440, 540, 541, 440, 541, 441, 441, 541, 542, 441, 542, 442, 442, 542, 543, 442, 543, 443, 443, 543, 544, 443, 544, 444, 444, 544, 545, 444, 545, 445, 445, 545, 546, 445, 546, 446, 446, 546, 547, 446, 547, 447, 447, 547, 548, 447, 548, 448, 448, 548, 549, 448, 549, 449, 449, 549, 550, 449, 550, 450, 450, 550, 551, 450, 551, 451, 451, 551, 552, 451, 552, 452, 452, 552, 553, 452, 553, 453, 453, 553, 554, 453, 554, 454, 454, 554, 555, 454, 555, 455, 455, 555, 556, 455, 556, 456, 456, 556, 557, 456, 557, 457, 457, 557, 558, 457, 558, 458, 458, 558, 559, 458, 559, 459, 459, 559, 560, 459, 560, 460, 460, 560, 561, 460, 561, 461, 461, 561, 562, 461, 562, 462, 462, 562, 563, 462, 563, 463, 463, 563, 564, 463, 564, 464, 464, 564, 565, 464, 565, 465, 465, 565, 566, 465, 566, 466, 466, 566, 567, 466, 567, 467, 467, 567, 568, 467, 568, 468, 468, 568, 569, 468, 569, 469, 469, 569, 570, 469, 570, 470, 470, 570, 571, 470, 571, 471, 471, 571, 572, 471, 572, 472, 472, 572, 573, 472, 573, 473, 473, 573, 574, 473, 574, 474, 474, 574, 575, 474, 575, 475, 475, 575, 576, 475, 576, 476, 476, 576, 577, 476, 577, 477, 477, 577, 578, 477, 578, 478, 478, 578, 579, 478, 579, 479, 479, 579, 580, 479, 580, 480, 480, 580, 581, 480, 581, 481, 481, 581, 582, 481, 582, 482, 482, 582, 583, 482, 583, 483, 483, 583, 584, 483, 584, 484, 484, 584, 585, 484, 585, 485, 485, 585, 586, 485, 586, 486, 486, 586, 587, 486, 587, 487, 487, 587, 588, 487, 588, 488, 488, 588, 589, 488, 589, 489, 489, 589, 590, 489, 590, 490, 490, 590, 591, 490, 591, 491, 491, 591, 592, 491, 592, 492, 492, 592, 593, 492, 593, 493, 493, 593, 594, 493, 594, 494, 494, 594, 595, 494, 595, 495, 495, 595, 596, 495, 596, 496, 496, 596, 597, 496, 597, 497, 497, 597, 598, 497, 598, 498, 498, 598, 599, 498, 599, 499, 499, 599, 500, 499, 500, 400]
  normal3f[] normals = [(0.049104, 0.0047595, 0.9987823), (0.0472371, 0.0013152, 0.9988828), (0.0460736, -0.0012201, 0.9989373), (0.0453985, -0.0030858, 0.9989642), (0.0450632, -0.0044433, 0.9989743), (0.0449619, -0.0053987, 0.9989741), (0.0450168, -0.0060154, 0.9989681), (0.0451672, -0.0063182, 0.9989595), (0.0453628, -0.0062861, 0.9989508), (0.0454362, -0.006282, 0.9989475), (0.0454961, -0.0067178, 0.9989419), (0.0457306, -0.0073689, 0.9989266), (0.0460408, -0.0081274, 0.9989065), (0.0464466, -0.0090067, 0.9988802), (0.0469721, -0.0100231, 0.9988459), (0.0476462, -0.0111958, 0.9988015), (0.0485044, -0.0125472, 0.9987442), (0.0495894, -0.0141034, 0.9986701), (0.0509534, -0.015894, 0.9985745), (0.0525193, -0.0177461, 0.9984622), (0.0541672, -0.0195326, 0.9983408), (0.0559662, -0.0213474, 0.9982044), (0.0579345, -0.0231737, 0.9980514), (0.0600019, -0.0249281, 0.9978869), (0.0620833, -0.0265301, 0.9977183), (0.0640932, -0.0279167, 0.9975534), (0.0659597, -0.0290512, 0.9973993), (0.0676343, -0.0299263, 0.9972613), (0.0690948, -0.0305598, 0.9971419), (0.0705739, -0.0311345, 0.9970205), (0.0722135, -0.031624, 0.9968877), (0.0738625, -0.0319545, 0.9967564), (0.075498, -0.032179, 0.9966266), (0.0771647, -0.0323088, 0.9964947), (0.0788967, -0.0323415, 0.996358), (0.0807281, -0.0322637, 0.9962139), (0.0827006, -0.03205, 0.9960589), (0.0848737, -0.0316585, 0.9958886), (0.0873387, -0.0310214, 0.9956955), (0.089508, -0.0303961, 0.9955222), (0.0910188, -0.0299604, 0.9953984), (0.0925557, -0.0293577, 0.9952746), (0.0944398, -0.0284433, 0.9951242), (0.0966294, -0.0271845, 0.9949491), (0.0990532, -0.0255764, 0.9947534), (0.1016135, -0.0236474, 0.9945429), (0.1041965, -0.0214588, 0.9943252), (0.1066865, -0.0190971, 0.9941093), (0.1089817, -0.0166615, 0.9939041), (0.1112888, -0.0139097, 0.9936908), (0.1132086, -0.0112512, 0.9935075), (0.1144586, -0.0092212, 0.9933852), (0.1152436, -0.007764, 0.9933069), (0.1157325, -0.0067115, 0.9932577), (0.1160298, -0.005965, 0.9932278), (0.1162048, -0.0054692, 0.9932102), (0.1163073, -0.0052015, 0.9931997), (0.1163776, -0.0051728, 0.9931916), (0.1164564, -0.0054426, 0.9931809), (0.1168316, -0.0066409, 0.9931295), (0.11752, -0.0085574, 0.9930336), (0.118104, -0.0100225, 0.9929507), (0.1184408, -0.0105188, 0.9929054), (0.1183419, -0.0098279, 0.9929243), (0.1176254, -0.0077859, 0.9930275), (0.1161655, -0.004376, 0.9932202), (0.1139455, 0.0001966, 0.993487), (0.1110822, 0.0055069, 0.993796), (0.1077957, 0.0110144, 0.994112), (0.104266, 0.0163112, 0.9944157), (0.1009465, 0.0206507, 0.9946775), (0.0981157, 0.0237986, 0.9948904), (0.0957018, 0.0260281, 0.9950697), (0.0935914, 0.0276146, 0.9952277), (0.0917205, 0.0287356, 0.9953701), (0.0900582, 0.0295083, 0.9954993), (0.0885979, 0.0300125, 0.9956152), (0.0873543, 0.0303036, 0.9957163), (0.0863657, 0.0304201, 0.995799), (0.0852521, 0.0306462, 0.995888), (0.0837044, 0.0309885, 0.9960087), (0.082073, 0.0311831, 0.9961384), (0.0805184, 0.0312734, 0.9962624), (0.0790408, 0.0312741, 0.9963807), (0.0776401, 0.0311989, 0.9964932), (0.0763161, 0.0310604, 0.9965998), (0.0750685, 0.0308703, 0.9967004), (0.0738975, 0.030639, 0.9967951), (0.0728033, 0.0303767, 0.9968836), (0.0723515, 0.0304769, 0.9969134), (0.0724608, 0.0309386, 0.9968913), (0.0722587, 0.0311715, 0.9968987), (0.0714462, 0.0309271, 0.9969649), (0.0700355, 0.0300919, 0.9970905), (0.068038, 0.0285521, 0.9972741), (0.065485, 0.026215, 0.9975091), (0.0624485, 0.0230381, 0.9977823), (0.0590554, 0.0190577, 0.9980728), (0.0554892, 0.0144086, 0.9983553), (0.0519332, 0.0092998, 0.9986073), (0.0247836, 0.009571, 0.999647), (0.0211208, 0.0029734, 0.9997725), (0.0188217, -0.0018897, 0.9998211), (0.0174749, -0.0054689, 0.9998323), (0.0167925, -0.0080724, 0.9998264), (0.0165684, -0.0099056, 0.9998137), (0.0166491, -0.0110955, 0.9997998), (0.0169154, -0.0116983, 0.9997885), (0.0172669, -0.0116877, 0.9997826), (0.0174529, -0.0116305, 0.99978), (0.0176219, -0.0123251, 0.9997688), (0.0180575, -0.0134969, 0.9997458), (0.0186302, -0.014861, 0.999716), (0.0193754, -0.0164407, 0.9996771), (0.0203357, -0.0182641, 0.9996264), (0.0215626, -0.0203648, 0.9995601), (0.0231183, -0.0227814, 0.9994731), (0.0250781, -0.0255592, 0.9993587), (0.0275331, -0.0287491, 0.9992074), (0.0303694, -0.0320835, 0.9990237), (0.0333667, -0.0353006, 0.9988196), (0.0366137, -0.038524, 0.9985867), (0.0401652, -0.0417685, 0.9983197), (0.0438946, -0.0448834, 0.9980274), (0.0476474, -0.0477233, 0.9977235), (0.051267, -0.0501729, 0.9974239), (0.0546209, -0.052165, 0.9971436), (0.0576185, -0.0536858, 0.9968941), (0.0602177, -0.0547681, 0.9966816), (0.0627861, -0.055701, 0.9964714), (0.0656095, -0.0564985, 0.9962446), (0.0684599, -0.0570498, 0.9960214), (0.0712655, -0.0574172, 0.9958034), (0.0741118, -0.05763, 0.9955834), (0.0770645, -0.0576903, 0.9953557), (0.0801875, -0.0575782, 0.9951154), (0.0835584, -0.0572504, 0.994857), (0.0872849, -0.0566329, 0.9945723), (0.0915296, -0.0556047, 0.9942487), (0.0954191, -0.0545273, 0.9939426), (0.0981527, -0.053764, 0.993718), (0.1007677, -0.0528072, 0.9935076), (0.1040212, -0.0513008, 0.9932511), (0.1078458, -0.0491777, 0.9929506), (0.1121214, -0.0464192, 0.9926097), (0.1166781, -0.0430661, 0.9922356), (0.1213131, -0.0392197, 0.9918392), (0.1258165, -0.0350303, 0.9914349), (0.1299997, -0.0306742, 0.9910394), (0.1341647, -0.0257773, 0.9906237), (0.1377362, -0.0209269, 0.9902479), (0.1401507, -0.0171406, 0.9899818), (0.1416852, -0.0144241, 0.9898067), (0.1426589, -0.0124604, 0.9896935), (0.1432696, -0.0110637, 0.9896219), (0.1436477, -0.0101295, 0.9895771), (0.143887, -0.0096136, 0.9895474), (0.1440642, -0.0095322, 0.9895224), (0.1442564, -0.0099871, 0.98949), (0.1449032, -0.0120045, 0.989373), (0.1461047, -0.015488, 0.9891479), (0.1472225, -0.0183677, 0.9889328), (0.1479212, -0.0194972, 0.9888069), (0.1478508, -0.0184592, 0.9888374), (0.1466634, -0.0149194, 0.9890739), (0.1441027, -0.008803, 0.9895236), (0.1401084, -0.0004497, 0.9901361), (0.134875, 0.009368, 0.9908183), (0.1288095, 0.0196231, 0.9914752), (0.1222891, 0.0294796, 0.9920566), (0.1161225, 0.0376123, 0.9925225), (0.1108901, 0.0434589, 0.992882), (0.106502, 0.0474804, 0.9931782), (0.1027297, 0.0502394, 0.9934398), (0.0994373, 0.0521053, 0.9936786), (0.0965513, 0.0533264, 0.9938985), (0.0940443, 0.0540723, 0.9940985), (0.0919285, 0.05446, 0.9942752), (0.090259, 0.0545688, 0.9944222), (0.0884476, 0.0548297, 0.9945706), (0.0858823, 0.0553199, 0.9947683), (0.0830884, 0.0556364, 0.9949879), (0.0804336, 0.0557883, 0.9951975), (0.0779156, 0.0558029, 0.995397), (0.0755318, 0.0557044, 0.9955862), (0.0732799, 0.0555144, 0.9957651), (0.071158, 0.0552521, 0.9959336), (0.0691648, 0.0549341, 0.9960916), (0.0672998, 0.0545757, 0.996239), (0.0664475, 0.0547811, 0.996285), (0.0666908, 0.0556843, 0.9962186), (0.0665471, 0.0563361, 0.9961916), (0.0652975, 0.0561659, 0.9962839), (0.0629529, 0.0549567, 0.9965022), (0.0595169, 0.0524813, 0.9968468), (0.0550259, 0.0485411, 0.9973043), (0.0495887, 0.0430205, 0.9978428), (0.0434191, 0.0359473, 0.99841), (0.0368454, 0.0275367, 0.9989415), (0.03022, 0.0181546, 0.9993784), (-0.0010832, 0.0145519, 0.9998935), (-0.0066125, 0.0046903, 0.9999671), (-0.010094, -0.0025802, 0.9999457), (-0.0121455, -0.0079323, 0.9998948), (-0.0131991, -0.0118265, 0.9998429), (-0.0135656, -0.0145719, 0.9998018), (-0.013476, -0.0163606, 0.9997753), (-0.0131108, -0.0172803, 0.9997647), (-0.0126229, -0.0172986, 0.9997707), (-0.0123093, -0.0171884, 0.9997765), (-0.0119988, -0.0181515, 0.9997632), (-0.0113611, -0.0198689, 0.999738), (-0.0105224, -0.0218679, 0.9997055), (-0.0094305, -0.0241826, 0.9996631), (-0.0080233, -0.026854, 0.9996072), (-0.0062257, -0.0299303, 0.9995326), (-0.0039468, -0.0334681, 0.999432), (-0.0010764, -0.0375328, 0.9992948), (0.0025182, -0.0421982, 0.9991061), (0.006682, -0.047099, 0.9988679), (0.0110974, -0.0518288, 0.9985943), (0.0158748, -0.0565397, 0.9982741), (0.0211021, -0.0612818, 0.9978974), (0.0265929, -0.0658341, 0.9974762), (0.0321192, -0.0699829, 0.997031), (0.0374494, -0.0735586, 0.9965875), (0.0423869, -0.0764625, 0.9961711), (0.0467968, -0.0786744, 0.9958014), (0.0506161, -0.0802422, 0.9954894), (0.0543592, -0.0815548, 0.9951854), (0.0584542, -0.0826904, 0.9948595), (0.0625946, -0.0835019, 0.9945398), (0.0666628, -0.0840423, 0.9942298), (0.0707862, -0.0843588, 0.993918), (0.0750619, -0.0844575, 0.9935958), (0.0795846, -0.0843115, 0.9932562), (0.084468, -0.0838588, 0.9928912), (0.0898695, -0.0829924, 0.9924897), (0.0960254, -0.0815366, 0.9920337), (0.1017519, -0.0799488, 0.991592), (0.1057891, -0.0787987, 0.9912615), (0.1095566, -0.0774383, 0.9909595), (0.1142631, -0.0752761, 0.9905945), (0.1198133, -0.0722111, 0.9901668), (0.1260334, -0.0682119, 0.9896781), (0.1326766, -0.0633347, 0.9891338), (0.1394465, -0.057725, 0.9885456), (0.1460349, -0.0516011, 0.9879328), (0.152164, -0.0452216, 0.9873202), (0.1582215, -0.0380728, 0.9866694), (0.1634801, -0.0309349, 0.9860615), (0.1670966, -0.0253229, 0.9856153), (0.1694039, -0.0212985, 0.9853165), (0.1708787, -0.0183894, 0.9851204), (0.171815, -0.0163184, 0.9849941), (0.172407, -0.0149296, 0.9849126), (0.1727946, -0.014156, 0.9848562), (0.173092, -0.0140189, 0.9848059), (0.1734157, -0.0146636, 0.9847395), (0.1743224, -0.0175192, 0.9845328), (0.176002, -0.0226003, 0.9841303), (0.1776409, -0.0269197, 0.9837271), (0.1786871, -0.0286859, 0.9834877), (0.1786323, -0.0272834, 0.9835376), (0.1769649, -0.0222083, 0.9839666), (0.1732964, -0.0133276, 0.9847795), (0.1675153, -0.001113, 0.9858688), (0.1598845, 0.0133154, 0.9870459), (0.1509913, 0.0284403, 0.9881259), (0.1414106, 0.0429932, 0.989017), (0.1323193, 0.0550642, 0.9896765), (0.1246026, 0.0637472, 0.9901568), (0.1181542, 0.0696884, 0.9905469), (0.1126314, 0.0737388, 0.9908969), (0.1078273, 0.076459, 0.9912251), (0.1036277, 0.0782259, 0.9915352), (0.0999869, 0.079298, 0.9918238), (0.0969175, 0.0798533, 0.9920839), (0.0944952, 0.0800125, 0.9923047), (0.0919066, 0.0803326, 0.992522), (0.088227, 0.0809806, 0.9928032), (0.0841698, 0.0814466, 0.9931173), (0.0803162, 0.081678, 0.9934173), (0.0766618, 0.0817146, 0.993703), (0.0732023, 0.081592, 0.9939739), (0.0699337, 0.0813414, 0.9942298), (0.0668524, 0.0809905, 0.9944704), (0.0639564, 0.0805632, 0.9946955), (0.0612448, 0.0800809, 0.9949051), (0.0599425, 0.0803556, 0.9949623), (0.0602976, 0.0816737, 0.9948335), (0.0601808, 0.0827207, 0.994754), (0.0584383, 0.0825811, 0.9948695), (0.0550831, 0.0809334, 0.9951963), (0.0501147, 0.0774366, 0.995737), (0.0435773, 0.0717862, 0.9964676), (0.0356208, 0.0637944, 0.9973271), (0.0265513, 0.0534822, 0.9982158), (0.0168488, 0.0411503, 0.9990109), (0.0070499, 0.027327, 0.9996017), (-0.0273232, 0.0195643, 0.9994352), (-0.0347258, 0.0064178, 0.9993763), (-0.0393912, -0.0032737, 0.9992185), (-0.0421471, -0.0104072, 0.9990572), (-0.0435723, -0.0155984, 0.9989285), (-0.0440822, -0.0192608, 0.9988422), (-0.0439858, -0.0216521, 0.9987975), (-0.043525, -0.0228918, 0.99879), (-0.0429051, -0.0229406, 0.9988157), (-0.0424629, -0.0227782, 0.9988384), (-0.0420068, -0.0240116, 0.9988288), (-0.0411675, -0.0262788, 0.9988066), (-0.0400626, -0.028918, 0.9987786), (-0.0386236, -0.031974, 0.9987421), (-0.0367683, -0.0355006, 0.998693), (-0.0343976, -0.0395614, 0.9986249), (-0.0313913, -0.0442309, 0.998528), (-0.0276044, -0.0495947, 0.9983879), (-0.0228611, -0.0557499, 0.998183), (-0.0173581, -0.0622326, 0.9979107), (-0.0115102, -0.0684895, 0.9975854), (-0.0051851, -0.0747014, 0.9971925), (0.0017379, -0.0809537, 0.9967163), (0.0090114, -0.0869541, 0.9961716), (0.016333, -0.0924202, 0.9955861), (0.023395, -0.0971286, 0.9949968), (0.0299356, -0.1009492, 0.9944411), (0.0357758, -0.1038558, 0.9939487), (0.0408312, -0.1059127, 0.9935368), (0.0457657, -0.107606, 0.9931397), (0.0511493, -0.1090819, 0.9927159), (0.0565968, -0.1101572, 0.9923015), (0.0619454, -0.1108725, 0.9919022), (0.0673641, -0.111293, 0.9915019), (0.0729819, -0.1114283, 0.991089), (0.0789237, -0.111244, 0.9906542), (0.0853394, -0.1106598, 0.9901877), (0.0924359, -0.1095352, 0.9896755), (0.1005235, -0.10764, 0.9890949), (0.1081037, -0.1055261, 0.9885231), (0.1134558, -0.1039745, 0.9880876), (0.1183853, -0.1021977, 0.9876946), (0.1245547, -0.0993649, 0.9872248), (0.1318394, -0.0953413, 0.9866754), (0.1400111, -0.0900834, 0.9860435), (0.1487443, -0.0836633, 0.9853302), (0.1576479, -0.0762716, 0.9845455), (0.1663149, -0.068196, 0.9837117), (0.1743781, -0.059778, 0.9828626), (0.1823088, -0.0503647, 0.9819506), (0.1892335, -0.0409312, 0.9810786), (0.1940358, -0.0334896, 0.9804227), (0.1971035, -0.0281562, 0.9799783), (0.1990705, -0.0243013, 0.9796838), (0.2003265, -0.0215563, 0.979492), (0.2011286, -0.019713, 0.9793665), (0.2016618, -0.0186817, 0.979277), (0.2020775, -0.0184882, 0.979195), (0.2025301, -0.0193213, 0.9790854), (0.2036831, -0.0230092, 0.9787665), (0.2058125, -0.0296745, 0.9781414), (0.2079445, -0.0354189, 0.9774991), (0.2093192, -0.0378124, 0.977116), (0.2092795, -0.0360464, 0.9771912), (0.2071562, -0.0294501, 0.9778645), (0.2024269, -0.0178278, 0.9791351), (0.1949184, -0.0017747, 0.9808179), (0.1849454, 0.0172508, 0.9825974), (0.1732631, 0.0372435, 0.9841711), (0.1606408, 0.0565003, 0.9853945), (0.1486279, 0.0725227, 0.9862303), (0.138421, 0.0840587, 0.9867998), (0.1299025, 0.0919393, 0.987255), (0.1226172, 0.0973033, 0.9876726), (0.1162884, 0.1009007, 0.988077), (0.1107613, 0.1032365, 0.9884706), (0.1059725, 0.1046562, 0.9888463), (0.1019357, 0.1053979, 0.9891918), (0.0987479, 0.1056236, 0.989491), (0.095368, 0.1060128, 0.9897809), (0.0905575, 0.1068258, 0.9901452), (0.0852192, 0.107451, 0.9905513), (0.0801486, 0.1077691, 0.99094), (0.0753399, 0.1078328, 0.9913102), (0.070787, 0.1076889, 0.9916614), (0.0664842, 0.1073787, 0.9919928), (0.0624269, 0.1069381, 0.992304), (0.058612, 0.1063987, 0.9925946), (0.0550383, 0.1057882, 0.9928644), (0.053275, 0.1061233, 0.9929248), (0.0537356, 0.1078439, 0.9927146), (0.0536378, 0.1092741, 0.9925634), (0.0513906, 0.1091542, 0.9926955), (0.04701, 0.1070597, 0.9931406), (0.0404909, 0.1025357, 0.9939049), (0.0318849, 0.0951701, 0.9949503), (0.0213823, 0.0846993, 0.9961771), (0.0093822, 0.0711334, 0.9974227), (-0.0034803, 0.0548565, 0.9984882), (-0.0164779, 0.0365608, 0.9991956), (-0.0536529, 0.0245716, 0.9982573), (-0.0629145, 0.0081426, 0.9979857), (-0.0687494, -0.0039649, 0.9976261), (-0.0721986, -0.0128744, 0.9973072), (-0.073988, -0.019358, 0.9970712), (-0.0746378, -0.0239339, 0.9969234), (-0.0745343, -0.026926, 0.9968549), (-0.0739798, -0.0284852, 0.9968528), (-0.0732314, -0.0285655, 0.9969058), (-0.0726625, -0.0283517, 0.9969535), (-0.0720608, -0.0298549, 0.9969533), (-0.0710216, -0.032671, 0.9969396), (-0.0696527, -0.0359495, 0.9969233), (-0.0678691, -0.0397457, 0.9969022), (-0.0655685, -0.0441266, 0.9968719), (-0.0626277, -0.0491713, 0.9968249), (-0.0588975, -0.0549718, 0.9967493), (-0.054197, -0.0616343, 0.9966263), (-0.0483077, -0.0692787, 0.996427), (-0.0414671, -0.0773427, 0.9961419), (-0.0341872, -0.0851258, 0.9957835), (-0.0263134, -0.0928367, 0.9953336), (-0.0176929, -0.1005957, 0.9947701), (-0.0086341, -0.1080391, 0.9941091), (0.0004855, -0.1148162, 0.9933866), (0.0092814, -0.1206498, 0.9926517), (0.017427, -0.1253799, 0.9919557), (0.0246985, -0.1289753, 0.9913402), (0.0309909, -0.1315168, 0.9908294), (0.0371175, -0.1335867, 0.9903418), (0.0437901, -0.1353988, 0.989823), (0.0505448, -0.1367349, 0.9893173), (0.0571738, -0.1376223, 0.9888333), (0.0638879, -0.1381435, 0.9883495), (0.0708474, -0.1383118, 0.9878515), (0.0782074, -0.1380852, 0.9873277), (0.0861538, -0.1373649, 0.9867666), (0.0949426, -0.1359772, 0.9861522), (0.1049571, -0.1336375, 0.9854568), (0.1143851, -0.1309917, 0.9847625), (0.1210466, -0.1290325, 0.9842247), (0.127133, -0.1268344, 0.983743), (0.1347582, -0.1233273, 0.9831738), (0.1437674, -0.1183425, 0.98251), (0.1538773, -0.1118247, 0.9817418), (0.1646834, -0.1038617, 0.980863), (0.175699, -0.0946892, 0.9798795), (0.1864184, -0.0846648, 0.9788156), (0.1963861, -0.0742137, 0.9777141), (0.2061545, -0.0625449, 0.9765185), (0.2147085, -0.0508286, 0.9753547), (0.2206665, -0.04157, 0.974463), (0.2244735, -0.0349378, 0.9738537), (0.2269179, -0.0301457, 0.9734472), (0.2284836, -0.0267329, 0.9731806), (0.2294891, -0.0244396, 0.9730043), (0.2301629, -0.0231528, 0.9728767), (0.2306924, -0.0229029, 0.9727572), (0.231268, -0.0239212, 0.972596), (0.2326512, -0.0284288, 0.9721447), (0.235198, -0.0366522, 0.9712562), (0.2377881, -0.0437952, 0.9703292), (0.239469, -0.046802, 0.9697753), (0.2394462, -0.0446782, 0.9698811), (0.2369008, -0.0365886, 0.9708446), (0.2311753, -0.0222705, 0.9726572), (0.2220216, -0.00243, 0.9750387), (0.2097867, 0.0211483, 0.9775184), (0.1953779, 0.0459761, 0.9796498), (0.1797549, 0.069912, 0.981224), (0.1648431, 0.0898667, 0.9822173), (0.1521584, 0.1042428, 0.9828435), (0.1415777, 0.1140566, 0.9833346), (0.132536, 0.1207336, 0.9837975), (0.124687, 0.1252124, 0.9842637), (0.1178361, 0.1281239, 0.9847329), (0.1119017, 0.1298997, 0.9851924), (0.106899, 0.1308368, 0.9856238), (0.1029463, 0.1311376, 0.9860046), (0.0987752, 0.1316022, 0.9863693), (0.0928344, 0.1325848, 0.9868146), (0.0862157, 0.1333745, 0.9873085), (0.0799283, 0.1337841, 0.987782), (0.0739648, 0.1338792, 0.9882336), (0.0683175, 0.1337177, 0.9886619), (0.0629792, 0.1333506, 0.9890658), (0.0579443, 0.1328224, 0.9894446), (0.0532089, 0.1321722, 0.9897976), (0.0487713, 0.1314341, 0.9901245), (0.0465449, 0.1318251, 0.9901796), (0.047108, 0.1339363, 0.9898696), (0.0470262, 0.1357381, 0.9896281), (0.0442725, 0.1356333, 0.9897694), (0.0388657, 0.1330962, 0.9903408), (0.030795, 0.1275585, 0.9913529), (0.0201179, 0.1184978, 0.9927505), (0.0070636, 0.1055702, 0.9943868), (-0.0078756, 0.0887687, 0.9960211), (-0.0239065, 0.0685561, 0.9973608), (-0.0401042, 0.0457899, 0.9981457), (-0.0634688, 0.0305895, 0.9975149), (-0.0744263, 0.0118167, 0.9971565), (-0.0814246, -0.002026, 0.9966774), (-0.085667, -0.0122361, 0.9962487), (-0.0879882, -0.0197054, 0.9959266), (-0.0889825, -0.0250356, 0.9957185), (-0.0890889, -0.0286093, 0.9956127), (-0.0886498, -0.0306226, 0.995592), (-0.0879551, -0.0310702, 0.9956398), (-0.0872448, -0.0306563, 0.9957151), (-0.0865031, -0.0317466, 0.9957456), (-0.0854756, -0.0347176, 0.9957352), (-0.0841073, -0.0381824, 0.9957249), (-0.0823084, -0.0421999, 0.9957131), (-0.0799713, -0.0468412, 0.995696), (-0.0769659, -0.0521906, 0.9956668), (-0.0731346, -0.0583468, 0.9956139), (-0.0682861, -0.0654234, 0.9955183), (-0.0621886, -0.0735494, 0.9953507), (-0.0549172, -0.0823889, 0.995086), (-0.0470566, -0.0910062, 0.9947379), (-0.0386439, -0.099369, 0.9943), (-0.0293562, -0.107858, 0.9937328), (-0.0195093, -0.116082, 0.993048), (-0.0095063, -0.1236514, 0.9922802), (0.0002284, -0.1302449, 0.9914818), (0.0093206, -0.1356619, 0.9907113), (0.0175021, -0.1398418, 0.9900192), (0.0246333, -0.1428507, 0.9894377), (0.0312934, -0.1451159, 0.9889197), (0.0385, -0.1471613, 0.9883629), (0.0459877, -0.1488219, 0.9877941), (0.0532997, -0.1499308, 0.9872588), (0.0606785, -0.1505999, 0.9867309), (0.0682997, -0.1508605, 0.9861928), (0.0763256, -0.1506837, 0.9856312), (0.0849447, -0.1499816, 0.985033), (0.094413, -0.1485914, 0.9843814), (0.1051114, -0.1462409, 0.9836489), (0.1159935, -0.1431696, 0.9828774), (0.1239217, -0.1406722, 0.9822702), (0.1302552, -0.1384297, 0.9817692), (0.1382653, -0.1348077, 0.9811777), (0.1478049, -0.1296093, 0.9804872), (0.1585892, -0.1227529, 0.9796842), (0.1701994, -0.1143083, 0.9787573), (0.1821191, -0.1045071, 0.977707), (0.1937996, -0.0937197, 0.9765543), (0.2047359, -0.0824009, 0.9753427), (0.2151467, -0.0701194, 0.9740612), (0.2247653, -0.0571758, 0.972734), (0.2318322, -0.0464909, 0.9716442), (0.2363506, -0.0388667, 0.9708902), (0.239267, -0.0333595, 0.9703806), (0.2411542, -0.0294176, 0.9700409), (0.2423845, -0.0267243, 0.9698121), (0.2432214, -0.0251289, 0.9696452), (0.2438764, -0.024632, 0.9694935), (0.244558, -0.0254317, 0.9693011), (0.2457453, -0.0291512, 0.968896), (0.2480913, -0.0375238, 0.9680096), (0.2509125, -0.0459425, 0.9669189), (0.252922, -0.0501107, 0.9661881), (0.2532987, -0.0489807, 0.9661473), (0.2511673, -0.0416004, 0.9670493), (0.2457716, -0.0275284, 0.9689368), (0.2367295, -0.0072789, 0.9715483), (0.2242592, 0.0174736, 0.9743729), (0.2092058, 0.044183, 0.976873), (0.1926452, 0.0703788, 0.9787414), (0.1762311, 0.093279, 0.9799192), (0.1619912, 0.1102671, 0.9806121), (0.1501095, 0.1219663, 0.9811174), (0.1399414, 0.1300175, 0.9815864), (0.1310906, 0.135498, 0.982067), (0.1233318, 0.139133, 0.9825636), (0.1165657, 0.1414219, 0.9830627), (0.1107971, 0.142715, 0.9835428), (0.1061381, 0.143259, 0.9839774), (0.1017608, 0.1435993, 0.9843901), (0.095597, 0.1444726, 0.9848801), (0.0882021, 0.1454211, 0.9854304), (0.0811697, 0.1459208, 0.9859608), (0.0744935, 0.146046, 0.9864691), (0.0681665, 0.1458631, 0.9869535), (0.0621817, 0.1454317, 0.9874123), (0.0565331, 0.1448045, 0.987844), (0.0512165, 0.1440282, 0.9882473), (0.0462296, 0.1431445, 0.9886215), (0.0428959, 0.1429532, 0.9887994), (0.0430398, 0.1447438, 0.9885327), (0.0434357, 0.1468941, 0.9881981), (0.0409173, 0.1470693, 0.9882795), (0.0355335, 0.1447312, 0.9888328), (0.027282, 0.1392846, 0.9898765), (0.0162111, 0.1301613, 0.9913603), (0.0025302, 0.1169519, 0.9931344), (-0.0132882, 0.0995721, 0.9949416), (-0.0304535, 0.0784149, 0.9964556), (-0.0479722, 0.0542949, 0.9973719), (0.0808821, 1.5e-06, 0.9967237)] (interpolation = "vertex")
  uniform token subdivisionScheme = "none"
  uniform bool doubleSided = true
  rel material:binding = </Wayfarer/Materials/Lens>
 }
 def Mesh "LeftRim" (prepend apiSchemas = ["MaterialBindingAPI"]) {
  point3f[] points = [(-0.0143624, 0.0125716, 0.04778), (-0.0141472, 0.0112769, 0.0477865), (-0.0141208, 0.0097942, 0.0477873), (-0.0142496, 0.0081722, 0.0477834), (-0.0145, 0.0064594, 0.0477757), (-0.0148384, 0.0047042, 0.0477651), (-0.0152312, 0.0029551, 0.0477525), (-0.0156448, 0.0012607, 0.0477389), (-0.0160456, -0.0003305, 0.0477254), (-0.0164, -0.00177, 0.0477131), (-0.0167324, -0.0031121, 0.0477014), (-0.0170912, -0.0044373, 0.0476884), (-0.0174788, -0.0057363, 0.0476741), (-0.0178976, -0.0069998, 0.0476583), (-0.01835, -0.0082188, 0.0476408), (-0.0188384, -0.0093838, 0.0476215), (-0.0193652, -0.0104856, 0.0476), (-0.0199328, -0.0115151, 0.0475762), (-0.0205436, -0.012463, 0.0475498), (-0.0212, -0.01332, 0.0475206), (-0.0218892, -0.01408, 0.0474889), (-0.0226016, -0.0147491, 0.0474551), (-0.0233444, -0.0153366, 0.0474187), (-0.0241248, -0.0158518, 0.0473792), (-0.02495, -0.0163038, 0.047336), (-0.0258272, -0.0167018, 0.0472885), (-0.0267636, -0.0170553, 0.047236), (-0.0277664, -0.0173733, 0.0471776), (-0.0288428, -0.0176651, 0.0471126), (-0.03, -0.01794, 0.04704), (-0.0312824, -0.0182006, 0.0469562), (-0.0327072, -0.018439, 0.0468589), (-0.0342408, -0.018648, 0.0467494), (-0.0358496, -0.0188209, 0.0466291), (-0.0375, -0.0189506, 0.0465), (-0.0391584, -0.0190303, 0.0463644), (-0.0407912, -0.019053, 0.0462251), (-0.0423648, -0.0190118, 0.0460856), (-0.0438456, -0.0188998, 0.0459494), (-0.0452, -0.01871, 0.0458208), (-0.0464596, -0.0184725, 0.0456976), (-0.0476768, -0.018211, 0.0455754), (-0.0488492, -0.0179096, 0.0454547), (-0.0499744, -0.0175519, 0.0453361), (-0.05105, -0.0171219, 0.0452202), (-0.0520736, -0.0166033, 0.0451076), (-0.0530428, -0.01598, 0.0449989), (-0.0539552, -0.0152358, 0.0448948), (-0.0548084, -0.0143545, 0.0447958), (-0.0556, -0.01332, 0.0447025), (-0.0563212, -0.0120661, 0.0446165), (-0.0569696, -0.0105726, 0.0445381), (-0.0575524, -0.0088929, 0.0444669), (-0.0580768, -0.0070799, 0.0444022), (-0.05855, -0.0051869, 0.0443434), (-0.0589792, -0.0032669, 0.0442896), (-0.0593716, -0.0013731, 0.04424), (-0.0597344, 0.0004414, 0.0441939), (-0.0600748, 0.0021235, 0.0441504), (-0.0604, 0.00362, 0.0441086), (-0.060776, 0.0049821, 0.04406), (-0.061232, 0.0062934, 0.0440007), (-0.06172, 0.0075493, 0.0439367), (-0.062192, 0.0087451, 0.0438743), (-0.0626, 0.0098762, 0.04382), (-0.062896, 0.0109381, 0.0437804), (-0.063032, 0.011926, 0.0437621), (-0.06296, 0.0128354, 0.0437718), (-0.062632, 0.0136616, 0.0438157), (-0.062, 0.0144, 0.0438997), (-0.061014, 0.0150372, 0.0440291), (-0.059696, 0.0155704, 0.0441988), (-0.058106, 0.0160112, 0.0443986), (-0.056304, 0.0163712, 0.0446185), (-0.05435, 0.0166619, 0.0448491), (-0.052304, 0.0168948, 0.0450819), (-0.050226, 0.0170815, 0.0453092), (-0.048176, 0.0172336, 0.0455243), (-0.046214, 0.0173626, 0.0457219), (-0.0444, 0.01748, 0.0458972), (-0.0426696, 0.0175693, 0.0460579), (-0.0409248, 0.0176094, 0.0462135), (-0.0391752, 0.0176047, 0.046363), (-0.0374304, 0.0175601, 0.0465056), (-0.0357, 0.01748, 0.0466405), (-0.0339936, 0.0173691, 0.0467674), (-0.0323208, 0.0172321, 0.0468857), (-0.0306912, 0.0170734, 0.0469953), (-0.0291144, 0.0168979, 0.0470958), (-0.0276, 0.01671, 0.0471875), (-0.0260932, 0.016551, 0.0472738), (-0.0245536, 0.016439, 0.0473569), (-0.0230124, 0.0163439, 0.0474351), (-0.0215008, 0.0162357, 0.0475069), (-0.02005, 0.0160844, 0.0475712), (-0.0186912, 0.0158599, 0.0476273), (-0.0174556, 0.0155323, 0.047675), (-0.0163744, 0.0150714, 0.047714), (-0.0154788, 0.0144474, 0.0477444), (-0.0148, 0.01363, 0.0477664), (-0.0142748, 0.0126317, 0.0504206), (-0.0140588, 0.0113312, 0.0504271), (-0.0140323, 0.009842, 0.0504279), (-0.0141616, 0.0082128, 0.050424), (-0.0144129, 0.0064924, 0.0504163), (-0.0147526, 0.0047294, 0.0504058), (-0.0151468, 0.0029726, 0.0503932), (-0.015562, 0.0012707, 0.0503796), (-0.0159643, -0.0003275, 0.0503661), (-0.01632, -0.0017734, 0.0503538), (-0.0166536, -0.0031215, 0.0503421), (-0.0170137, -0.0044525, 0.0503292), (-0.0174028, -0.0057572, 0.0503149), (-0.0178231, -0.0070264, 0.0502991), (-0.0182772, -0.0082507, 0.0502816), (-0.0187674, -0.0094209, 0.0502622), (-0.0192962, -0.0105276, 0.0502408), (-0.0198659, -0.0115617, 0.050217), (-0.0204789, -0.0125137, 0.0501906), (-0.0211378, -0.0133745, 0.0501613), (-0.0218295, -0.0141379, 0.0501296), (-0.0225446, -0.01481, 0.0500958), (-0.0232901, -0.0154001, 0.0500593), (-0.0240734, -0.0159175, 0.0500198), (-0.0249017, -0.0163715, 0.0499765), (-0.0257821, -0.0167713, 0.0499289), (-0.026722, -0.0171263, 0.0498763), (-0.0277285, -0.0174458, 0.0498178), (-0.0288089, -0.0177389, 0.0497526), (-0.0299704, -0.018015, 0.0496798), (-0.0312575, -0.0182768, 0.0495958), (-0.0326876, -0.0185162, 0.0494982), (-0.0342269, -0.0187261, 0.0493883), (-0.0358416, -0.0188998, 0.0492677), (-0.0374981, -0.0190301, 0.0491381), (-0.0391627, -0.0191101, 0.049002), (-0.0408015, -0.0191329, 0.0488622), (-0.042381, -0.0190916, 0.048722), (-0.0438673, -0.018979, 0.0485853), (-0.0452267, -0.0187884, 0.0484561), (-0.0464909, -0.0185498, 0.0483324), (-0.0477126, -0.0182872, 0.0482097), (-0.0488894, -0.0179844, 0.0480884), (-0.0500188, -0.0176252, 0.0479693), (-0.0510983, -0.0171932, 0.0478528), (-0.0521257, -0.0166723, 0.0477397), (-0.0530985, -0.0160463, 0.0476305), (-0.0540143, -0.0152988, 0.0475259), (-0.0548707, -0.0144136, 0.0474264), (-0.0556652, -0.0133745, 0.0473327), (-0.0563891, -0.012115, 0.0472462), (-0.0570399, -0.010615, 0.0471675), (-0.0576248, -0.0089278, 0.0470959), (-0.0581512, -0.0071068, 0.0470309), (-0.0586261, -0.0052054, 0.0469718), (-0.0590569, -0.0032769, 0.0469177), (-0.0594508, -0.0013747, 0.0468679), (-0.0598149, 0.0004478, 0.0468216), (-0.0601566, 0.0021373, 0.0467779), (-0.060483, 0.0036405, 0.0467359), (-0.0608604, 0.0050086, 0.046687), (-0.0613181, 0.0063257, 0.0466274), (-0.0618079, 0.0075872, 0.046563), (-0.0622816, 0.0087883, 0.0465003), (-0.0626911, 0.0099244, 0.0464457), (-0.0629882, 0.0109909, 0.0464059), (-0.0631247, 0.0119832, 0.0463875), (-0.0630525, 0.0128966, 0.0463973), (-0.0627233, 0.0137265, 0.0464414), (-0.0620889, 0.0144682, 0.0465259), (-0.0610993, 0.0151082, 0.0466559), (-0.0597764, 0.0156437, 0.0468265), (-0.0581805, 0.0160865, 0.0470273), (-0.0563718, 0.0164481, 0.0472483), (-0.0544106, 0.0167401, 0.04748), (-0.052357, 0.016974, 0.0477139), (-0.0502713, 0.0171616, 0.0479422), (-0.0482137, 0.0173143, 0.0481584), (-0.0462444, 0.0174439, 0.0483568), (-0.0444237, 0.0175618, 0.0485329), (-0.0426869, 0.0176515, 0.0486943), (-0.0409356, 0.0176917, 0.0488505), (-0.0391796, 0.0176871, 0.0490006), (-0.0374283, 0.0176422, 0.0491437), (-0.0356915, 0.0175618, 0.0492791), (-0.0339788, 0.0174504, 0.0494064), (-0.0322998, 0.0173128, 0.0495251), (-0.0306641, 0.0171534, 0.049635), (-0.0290815, 0.0169771, 0.0497358), (-0.0275615, 0.0167884, 0.0498276), (-0.0260491, 0.0166287, 0.0499141), (-0.0245038, 0.0165162, 0.0499975), (-0.0229569, 0.0164206, 0.0500758), (-0.0214397, 0.016312, 0.0501476), (-0.0199835, 0.01616, 0.050212), (-0.0186197, 0.0159345, 0.0502681), (-0.0173795, 0.0156055, 0.0503157), (-0.0162943, 0.0151426, 0.0503547), (-0.0153954, 0.0145157, 0.0503851), (-0.0147141, 0.0136948, 0.050407), (-0.0139978, 0.0128217, 0.0511221), (-0.0137793, 0.0115031, 0.0511286), (-0.0137525, 0.0099932, 0.0511294), (-0.0138833, 0.0083413, 0.0511255), (-0.0141375, 0.0065968, 0.0511179), (-0.0144811, 0.0048093, 0.0511074), (-0.01488, 0.003028, 0.0510949), (-0.0153, 0.0013024, 0.0510814), (-0.015707, -0.0003181, 0.0510679), (-0.0160668, -0.0017842, 0.0510557), (-0.0164044, -0.003151, 0.0510441), (-0.0167687, -0.0045006, 0.0510312), (-0.0171623, -0.0058236, 0.0510169), (-0.0175875, -0.0071104, 0.0510012), (-0.0180469, -0.0083518, 0.0509837), (-0.0185428, -0.0095383, 0.0509643), (-0.0190778, -0.0106604, 0.0509429), (-0.0196541, -0.0117089, 0.0509191), (-0.0202743, -0.0126742, 0.0508926), (-0.0209409, -0.013547, 0.0508633), (-0.0216407, -0.014321, 0.0508316), (-0.0223641, -0.0150025, 0.0507976), (-0.0231183, -0.0156008, 0.050761), (-0.0239108, -0.0161255, 0.0507213), (-0.0247487, -0.0165858, 0.0506778), (-0.0256394, -0.0169912, 0.0506299), (-0.0265903, -0.0173512, 0.0505769), (-0.0276086, -0.017675, 0.0505181), (-0.0287016, -0.0179722, 0.0504524), (-0.0298766, -0.0182522, 0.050379), (-0.0311788, -0.0185176, 0.0502942), (-0.0326256, -0.0187603, 0.0501957), (-0.0341828, -0.0189733, 0.0500847), (-0.0358164, -0.0191493, 0.0499628), (-0.0374923, -0.0192814, 0.0498317), (-0.0391763, -0.0193626, 0.049694), (-0.0408343, -0.0193857, 0.0495525), (-0.0424321, -0.0193438, 0.0494106), (-0.0439358, -0.0192297, 0.0492721), (-0.0453111, -0.0190364, 0.0491411), (-0.0465901, -0.0187945, 0.0490158), (-0.0478261, -0.0185282, 0.0488913), (-0.0490165, -0.0182212, 0.0487683), (-0.0501591, -0.017857, 0.0486474), (-0.0512513, -0.017419, 0.0485293), (-0.0522907, -0.0168908, 0.0484145), (-0.0532748, -0.016256, 0.0483037), (-0.0542013, -0.0154981, 0.0481975), (-0.0550677, -0.0146006, 0.0480965), (-0.0558715, -0.013547, 0.0480014), (-0.0566038, -0.01227, 0.0479135), (-0.0572622, -0.0107491, 0.0478335), (-0.057854, -0.0090383, 0.0477609), (-0.0583865, -0.007192, 0.0476949), (-0.058867, -0.005264, 0.0476348), (-0.0593028, -0.0033087, 0.0475798), (-0.0597012, -0.0013799, 0.0475292), (-0.0600696, 0.000468, 0.0474822), (-0.0604153, 0.0021811, 0.0474378), (-0.0607455, 0.0037051, 0.0473951), (-0.0611273, 0.0050924, 0.0473455), (-0.0615903, 0.0064279, 0.0472848), (-0.0620859, 0.0077069, 0.0472195), (-0.0625651, 0.0089247, 0.0471557), (-0.0629794, 0.0100767, 0.0471003), (-0.06328, 0.0111581, 0.0470598), (-0.0634181, 0.0121642, 0.0470411), (-0.063345, 0.0130903, 0.047051), (-0.0630119, 0.0139318, 0.0470959), (-0.0623702, 0.0146838, 0.0471817), (-0.061369, 0.0153327, 0.0473139), (-0.0600306, 0.0158758, 0.0474872), (-0.0584161, 0.0163247, 0.0476912), (-0.0565863, 0.0166913, 0.0479156), (-0.0546022, 0.0169874, 0.0481509), (-0.0525246, 0.0172246, 0.0483883), (-0.0504146, 0.0174147, 0.04862), (-0.048333, 0.0175696, 0.0488393), (-0.0463407, 0.017701, 0.0490405), (-0.0444987, 0.0178206, 0.049219), (-0.0427416, 0.0179115, 0.0493825), (-0.0409699, 0.0179523, 0.0495407), (-0.0391933, 0.0179476, 0.0496926), (-0.0374216, 0.0179021, 0.0498374), (-0.0356645, 0.0178206, 0.0499743), (-0.0339318, 0.0177076, 0.050103), (-0.0322332, 0.0175681, 0.0502229), (-0.0305785, 0.0174065, 0.0503337), (-0.0289773, 0.0172277, 0.0504354), (-0.0274396, 0.0170364, 0.050528), (-0.0259095, 0.0168744, 0.050615), (-0.0243462, 0.0167603, 0.0506988), (-0.0227812, 0.0166635, 0.0507775), (-0.0212463, 0.0165533, 0.0508496), (-0.0197731, 0.0163992, 0.0509141), (-0.0183934, 0.0161706, 0.0509702), (-0.0171387, 0.015837, 0.0510178), (-0.0160408, 0.0153676, 0.0510566), (-0.0151314, 0.014732, 0.0510869), (-0.0144422, 0.0138996, 0.0511086), (-0.0134588, 0.0131915, 0.0514942), (-0.0132354, 0.0118376, 0.0515005), (-0.013208, 0.0102872, 0.0515013), (-0.0133417, 0.0085912, 0.0514975), (-0.0136017, 0.0068001, 0.05149), (-0.013953, 0.0049647, 0.0514797), (-0.0143608, 0.0031357, 0.0514674), (-0.0147902, 0.001364, 0.051454), (-0.0152064, -0.0002999, 0.0514407), (-0.0155743, -0.0018052, 0.0514286), (-0.0159194, -0.0032086, 0.0514171), (-0.0162919, -0.0045943, 0.0514043), (-0.0166944, -0.0059526, 0.0513901), (-0.0171292, -0.0072739, 0.0513744), (-0.0175989, -0.0085485, 0.051357), (-0.0181059, -0.0097667, 0.0513377), (-0.0186529, -0.0109189, 0.0513163), (-0.0192422, -0.0119954, 0.0512924), (-0.0198763, -0.0129865, 0.051266), (-0.0205578, -0.0138827, 0.0512366), (-0.0212733, -0.0146774, 0.0512047), (-0.022013, -0.0153771, 0.0511705), (-0.0227842, -0.0159914, 0.0511336), (-0.0235944, -0.0165301, 0.0510936), (-0.0244511, -0.0170027, 0.0510497), (-0.0253619, -0.017419, 0.0510013), (-0.0263341, -0.0177886, 0.0509477), (-0.0273752, -0.0181211, 0.050888), (-0.0284928, -0.0184263, 0.0508214), (-0.0296942, -0.0187137, 0.0507468), (-0.0310256, -0.0189862, 0.0506606), (-0.0325049, -0.0192354, 0.0505604), (-0.0340971, -0.019454, 0.0504473), (-0.0357674, -0.0196348, 0.0503228), (-0.0374809, -0.0197705, 0.0501889), (-0.0392027, -0.0198538, 0.0500481), (-0.0408979, -0.0198776, 0.0499032), (-0.0425316, -0.0198345, 0.0497578), (-0.0440691, -0.0197173, 0.0496158), (-0.0454752, -0.0195189, 0.0494815), (-0.046783, -0.0192705, 0.0493528), (-0.0480467, -0.0189971, 0.049225), (-0.0492639, -0.0186819, 0.0490986), (-0.0504321, -0.0183079, 0.0489744), (-0.0515489, -0.0178582, 0.0488529), (-0.0526116, -0.0173159, 0.0487349), (-0.0536178, -0.0166641, 0.0486208), (-0.0545651, -0.0158859, 0.0485115), (-0.0554509, -0.0149644, 0.0484076), (-0.0562728, -0.0138827, 0.0483096), (-0.0570215, -0.0125715, 0.0482192), (-0.0576947, -0.0110098, 0.0481368), (-0.0582998, -0.0092534, 0.0480619), (-0.0588443, -0.0073576, 0.0479939), (-0.0593355, -0.0053781, 0.047932), (-0.0597812, -0.0033704, 0.0478753), (-0.0601886, -0.0013901, 0.0478232), (-0.0605652, 0.0005073, 0.0477747), (-0.0609186, 0.0022662, 0.0477289), (-0.0612563, 0.003831, 0.0476849), (-0.0616466, 0.0052554, 0.0476337), (-0.0621201, 0.0066266, 0.0475712), (-0.0626267, 0.0079398, 0.0475038), (-0.0631168, 0.0091902, 0.0474381), (-0.0635404, 0.010373, 0.0473808), (-0.0638477, 0.0114833, 0.0473391), (-0.0639889, 0.0125164, 0.0473198), (-0.0639141, 0.0134673, 0.04733), (-0.0635736, 0.0143312, 0.0473763), (-0.0629174, 0.0151034, 0.0474649), (-0.0618937, 0.0157696, 0.0476012), (-0.0605254, 0.0163272, 0.0477798), (-0.0588746, 0.0167882, 0.0479901), (-0.0570037, 0.0171646, 0.0482213), (-0.054975, 0.0174685, 0.0484636), (-0.0528508, 0.0177121, 0.048708), (-0.0506934, 0.0179074, 0.0489462), (-0.048565, 0.0180664, 0.0491716), (-0.046528, 0.0182012, 0.0493782), (-0.0446446, 0.018324, 0.0495614), (-0.0428481, 0.0184174, 0.049729), (-0.0410366, 0.0184593, 0.0498911), (-0.0392201, 0.0184545, 0.0500466), (-0.0374086, 0.0184078, 0.0501947), (-0.0356121, 0.018324, 0.0503346), (-0.0338405, 0.0182081, 0.0504659), (-0.0321037, 0.0180648, 0.050588), (-0.0304118, 0.0178989, 0.0507008), (-0.0287747, 0.0177153, 0.0508042), (-0.0272024, 0.0175189, 0.0508981), (-0.025638, 0.0173526, 0.0509862), (-0.0240396, 0.0172354, 0.0510709), (-0.0224395, 0.017136, 0.0511503), (-0.0208701, 0.0170229, 0.0512228), (-0.0193638, 0.0168647, 0.0512874), (-0.0179531, 0.01663, 0.0513436), (-0.0166703, 0.0162874, 0.051391), (-0.0155477, 0.0158055, 0.0514295), (-0.0146179, 0.0151529, 0.0514594), (-0.0139132, 0.0142982, 0.0514809), (-0.0114077, 0.0145986, 0.0516612), (-0.0111656, 0.0131104, 0.051667), (-0.0111359, 0.0114064, 0.0516677), (-0.0112808, 0.0095421, 0.0516643), (-0.0115625, 0.0075734, 0.0516574), (-0.0119432, 0.0055561, 0.0516479), (-0.0123851, 0.0035458, 0.0516364), (-0.0128504, 0.0015984, 0.0516239), (-0.0133013, -0.0002305, 0.0516113), (-0.0137, -0.001885, 0.0515998), (-0.014074, -0.0034276, 0.0515887), (-0.0144776, -0.0049506, 0.0515764), (-0.0149137, -0.0064436, 0.0515628), (-0.0153848, -0.0078959, 0.0515475), (-0.0158938, -0.0092969, 0.0515305), (-0.0164432, -0.0106359, 0.0515116), (-0.0170359, -0.0119023, 0.0514904), (-0.0176744, -0.0130856, 0.0514668), (-0.0183616, -0.014175, 0.0514404), (-0.0191, -0.01516, 0.0514109), (-0.0198754, -0.0160335, 0.0513786), (-0.0206768, -0.0168026, 0.051344), (-0.0215125, -0.0174778, 0.0513064), (-0.0223904, -0.0180699, 0.0512652), (-0.0233188, -0.0185894, 0.05122), (-0.0243056, -0.0190469, 0.0511699), (-0.0253591, -0.0194531, 0.051114), (-0.0264872, -0.0198186, 0.0510517), (-0.0276982, -0.0201541, 0.0509817), (-0.029, -0.02047, 0.0509029), (-0.0304427, -0.0207696, 0.0508115), (-0.0320456, -0.0210435, 0.0507046), (-0.0337709, -0.0212838, 0.0505835), (-0.0355808, -0.0214824, 0.0504496), (-0.0374375, -0.0216316, 0.050305), (-0.0393032, -0.0217232, 0.0501523), (-0.0411401, -0.0217493, 0.0499947), (-0.0429104, -0.0217019, 0.0498359), (-0.0445763, -0.0215732, 0.0496805), (-0.0461, -0.021355, 0.0495331), (-0.047517, -0.021082, 0.0493916), (-0.0488864, -0.0207815, 0.0492508), (-0.0502053, -0.020435, 0.0491114), (-0.0514712, -0.020024, 0.0489741), (-0.0526812, -0.0195297, 0.0488397), (-0.0538328, -0.0189336, 0.0487088), (-0.0549231, -0.0182172, 0.0485823), (-0.0559496, -0.0173619, 0.048461), (-0.0569094, -0.016349, 0.0483454), (-0.0578, -0.01516, 0.0482364), (-0.0586113, -0.0137188, 0.0481357), (-0.0593408, -0.0120023, 0.0480439), (-0.0599964, -0.0100717, 0.0479605), (-0.0605864, -0.007988, 0.0478846), (-0.0611187, -0.0058122, 0.0478155), (-0.0616016, -0.0036054, 0.0477523), (-0.062043, -0.0014288, 0.047694), (-0.0624512, 0.0006567, 0.0476398), (-0.0628341, 0.00259, 0.0475887), (-0.0632, 0.00431, 0.0475395), (-0.063623, 0.0058756, 0.0474823), (-0.064136, 0.0073827, 0.0474123), (-0.064685, 0.0088262, 0.0473369), (-0.065216, 0.0102006, 0.0472633), (-0.065675, 0.0115006, 0.0471992), (-0.066008, 0.012721, 0.0471525), (-0.066161, 0.0138565, 0.0471309), (-0.06608, 0.0149017, 0.0471423), (-0.065711, 0.0158513, 0.0471942), (-0.065, 0.0167, 0.0472933), (-0.0638907, 0.0174323, 0.0474458), (-0.062408, 0.0180452, 0.0476456), (-0.0606192, 0.0185519, 0.0478803), (-0.058592, 0.0189656, 0.0481381), (-0.0563937, 0.0192997, 0.0484077), (-0.054092, 0.0195674, 0.048679), (-0.0517542, 0.019782, 0.0489429), (-0.049448, 0.0199568, 0.0491919), (-0.0472407, 0.020105, 0.0494195), (-0.0452, 0.02024, 0.0496208), (-0.0432533, 0.0203427, 0.0498044), (-0.0412904, 0.0203887, 0.0499814), (-0.0393221, 0.0203834, 0.0501507), (-0.0373592, 0.020332, 0.0503112), (-0.0354125, 0.02024, 0.0504624), (-0.0334928, 0.0201126, 0.0506034), (-0.0316109, 0.019955, 0.0507341), (-0.0297776, 0.0197727, 0.0508542), (-0.0280037, 0.0195709, 0.0509635), (-0.0263, 0.019355, 0.0510622), (-0.0246049, 0.0191722, 0.0511542), (-0.0228728, 0.0190435, 0.051242), (-0.021139, 0.0189342, 0.0513234), (-0.0194384, 0.0188098, 0.051397), (-0.0178063, 0.0186359, 0.0514618), (-0.0162776, 0.018378, 0.0515174), (-0.0148876, 0.0180014, 0.0515636), (-0.0136712, 0.0174717, 0.0516006), (-0.0126637, 0.0167544, 0.0516289), (-0.0119, 0.015815, 0.0516489), (-0.0093566, 0.0160056, 0.051594), (-0.0090958, 0.0143833, 0.0515991), (-0.0090638, 0.0125255, 0.0515997), (-0.0092199, 0.0104931, 0.0515967), (-0.0095233, 0.0083468, 0.0515906), (-0.0099334, 0.0061475, 0.0515821), (-0.0104094, 0.0039559, 0.0515718), (-0.0109106, 0.0018327, 0.0515604), (-0.0113962, -0.0001611, 0.0515488), (-0.0118257, -0.0019648, 0.0515382), (-0.0122285, -0.0036465, 0.0515279), (-0.0126633, -0.005307, 0.0515163), (-0.0131329, -0.0069347, 0.0515034), (-0.0136404, -0.008518, 0.0514889), (-0.0141886, -0.0100453, 0.0514726), (-0.0147805, -0.0115051, 0.0514543), (-0.0154188, -0.0128858, 0.0514338), (-0.0161066, -0.0141757, 0.0514107), (-0.0168468, -0.0153635, 0.0513846), (-0.0176422, -0.0164373, 0.0513554), (-0.0184774, -0.0173896, 0.0513232), (-0.0193406, -0.018228, 0.0512884), (-0.0202407, -0.0189642, 0.0512504), (-0.0211864, -0.0196097, 0.0512086), (-0.0221864, -0.020176, 0.0511623), (-0.0232493, -0.0206749, 0.0511108), (-0.024384, -0.0211177, 0.0510532), (-0.0255992, -0.0215162, 0.0509884), (-0.0269035, -0.0218819, 0.0509153), (-0.0283058, -0.0222263, 0.0508327), (-0.0298598, -0.0225529, 0.0507363), (-0.0315863, -0.0228515, 0.0506232), (-0.0334447, -0.0231135, 0.0504943), (-0.0353942, -0.0233301, 0.0503511), (-0.0373941, -0.0234926, 0.0501958), (-0.0394037, -0.0235925, 0.0500312), (-0.0413823, -0.023621, 0.0498607), (-0.0432892, -0.0235693, 0.0496885), (-0.0450835, -0.023429, 0.0495193), (-0.0467248, -0.0231911, 0.0493586), (-0.0482511, -0.0228935, 0.049204), (-0.0497261, -0.0225659, 0.0490498), (-0.0511468, -0.0221882, 0.048897), (-0.0525103, -0.02174, 0.0487462), (-0.0538136, -0.0212012, 0.0485984), (-0.055054, -0.0205514, 0.0484544), (-0.0562285, -0.0197703, 0.048315), (-0.0573341, -0.0188378, 0.048181), (-0.058368, -0.0177336, 0.0480534), (-0.0593272, -0.0164373, 0.047933), (-0.0602012, -0.0148661, 0.0478216), (-0.0609869, -0.0129948, 0.04772), (-0.0616931, -0.01089, 0.0476276), (-0.0623285, -0.0086183, 0.0475435), (-0.062902, -0.0062463, 0.0474669), (-0.063422, -0.0038405, 0.0473969), (-0.0638975, -0.0014675, 0.0473323), (-0.0643372, 0.0008062, 0.0472722), (-0.0647497, 0.0029138, 0.0472154), (-0.0651437, 0.004789, 0.0471608), (-0.0655994, 0.0064958, 0.0470972), (-0.0661519, 0.0081389, 0.0470196), (-0.0667433, 0.0097125, 0.0469357), (-0.0673152, 0.0112109, 0.0468539), (-0.0678096, 0.0126283, 0.0467827), (-0.0681683, 0.0139588, 0.0467307), (-0.0683331, 0.0151966, 0.0467067), (-0.0682459, 0.0163361, 0.0467194), (-0.0678484, 0.0173714, 0.0467771), (-0.0670826, 0.0182966, 0.0468873), (-0.0658878, 0.019095, 0.0470568), (-0.0642906, 0.0197632, 0.0472785), (-0.0623639, 0.0203156, 0.0475388), (-0.0601803, 0.0207666, 0.0478243), (-0.0578125, 0.0211308, 0.0481223), (-0.0553332, 0.0214227, 0.0484215), (-0.0528151, 0.0216567, 0.048712), (-0.050331, 0.0218472, 0.0489853), (-0.0479535, 0.0220088, 0.0492345), (-0.0457554, 0.022156, 0.0494543), (-0.0436585, 0.0222679, 0.0496542), (-0.0415442, 0.0223181, 0.0498464), (-0.0394241, 0.0223123, 0.0500295), (-0.0373098, 0.0222563, 0.0502026), (-0.0352129, 0.022156, 0.0503648), (-0.0331451, 0.022017, 0.0505155), (-0.0311181, 0.0218453, 0.0506545), (-0.0291434, 0.0216465, 0.0507814), (-0.0272327, 0.0214266, 0.0508963), (-0.0253976, 0.0211911, 0.0509993), (-0.0235717, 0.0209919, 0.0510947), (-0.021706, 0.0208515, 0.0511848), (-0.0198384, 0.0207324, 0.0512676), (-0.0180067, 0.0205968, 0.0513415), (-0.0162487, 0.0204072, 0.0514058), (-0.0146021, 0.020126, 0.0514599), (-0.0131048, 0.0197154, 0.0515042), (-0.0117947, 0.019138, 0.051539), (-0.0107094, 0.018356, 0.051565), (-0.0098868, 0.0173318, 0.0515831), (-0.0088176, 0.0163754, 0.0512482), (-0.0085519, 0.0147177, 0.0512531), (-0.0085193, 0.0128196, 0.0512537), (-0.0086783, 0.010743, 0.0512508), (-0.0089875, 0.00855, 0.0512449), (-0.0094053, 0.0063029, 0.0512367), (-0.0098902, 0.0040636, 0.0512268), (-0.0104008, 0.0018943, 0.0512157), (-0.0108956, -0.0001428, 0.0512045), (-0.0113332, -0.0019858, 0.0511941), (-0.0117435, -0.0037041, 0.051184), (-0.0121865, -0.0054007, 0.0511727), (-0.012665, -0.0070637, 0.05116), (-0.0131821, -0.0086814, 0.0511458), (-0.0137406, -0.010242, 0.0511297), (-0.0143436, -0.0117335, 0.0511116), (-0.0149939, -0.0131442, 0.0510913), (-0.0156947, -0.0144622, 0.0510684), (-0.0164488, -0.0156757, 0.0510425), (-0.0172591, -0.016773, 0.0510134), (-0.01811, -0.0177459, 0.0509813), (-0.0189895, -0.0186026, 0.0509465), (-0.0199066, -0.0193548, 0.0509084), (-0.02087, -0.0200143, 0.0508665), (-0.0218888, -0.020593, 0.05082), (-0.0229718, -0.0211026, 0.0507682), (-0.0241278, -0.0215551, 0.0507101), (-0.0253658, -0.0219623, 0.0506448), (-0.0266947, -0.0223359, 0.050571), (-0.0281234, -0.0226878, 0.0504874), (-0.0297066, -0.0230215, 0.0503898), (-0.0314656, -0.0233266, 0.050275), (-0.033359, -0.0235943, 0.0501441), (-0.0353452, -0.0238156, 0.0499985), (-0.0373827, -0.0239817, 0.0498405), (-0.0394301, -0.0240837, 0.0496727), (-0.0414459, -0.0241128, 0.0494988), (-0.0433887, -0.0240601, 0.049323), (-0.0452168, -0.0239166, 0.0491502), (-0.0468889, -0.0236736, 0.048986), (-0.048444, -0.0233695, 0.0488278), (-0.0499467, -0.0230348, 0.0486701), (-0.0513942, -0.0226489, 0.0485137), (-0.0527833, -0.022191, 0.0483593), (-0.0541112, -0.0216404, 0.0482079), (-0.0553749, -0.0209764, 0.0480603), (-0.0565715, -0.0201784, 0.0479174), (-0.0576979, -0.0192256, 0.0477801), (-0.0587512, -0.0180974, 0.0476493), (-0.0597285, -0.016773, 0.0475258), (-0.0606189, -0.0151676, 0.0474115), (-0.0614194, -0.0132556, 0.0473073), (-0.0621389, -0.011105, 0.0472124), (-0.0627863, -0.008784, 0.0471262), (-0.0633705, -0.0063603, 0.0470476), (-0.0639004, -0.0039022, 0.0469756), (-0.0643849, -0.0014776, 0.0469093), (-0.0648328, 0.0008454, 0.0468476), (-0.065253, 0.0029989, 0.0467893), (-0.0656545, 0.0049149, 0.0467332), (-0.0661187, 0.0066588, 0.046668), (-0.0666817, 0.0083376, 0.0465882), (-0.0672841, 0.0099454, 0.0465021), (-0.0678669, 0.0114764, 0.0464181), (-0.0683706, 0.0129246, 0.0463449), (-0.068736, 0.014284, 0.0462915), (-0.0689039, 0.0155488, 0.0462668), (-0.068815, 0.016713, 0.0462799), (-0.0684101, 0.0177708, 0.0463392), (-0.0676298, 0.0187162, 0.0464524), (-0.0664125, 0.019532, 0.0466264), (-0.0647854, 0.0202146, 0.0468542), (-0.0628224, 0.020779, 0.0471213), (-0.0605977, 0.0212399, 0.0474142), (-0.0581853, 0.021612, 0.0477199), (-0.0556594, 0.0219102, 0.0480266), (-0.0530939, 0.0221493, 0.0483242), (-0.050563, 0.022344, 0.048604), (-0.0481408, 0.0225091, 0.0488591), (-0.0459013, 0.0226594, 0.0490837), (-0.043765, 0.0227738, 0.049288), (-0.0416109, 0.022825, 0.0494842), (-0.0394509, 0.0228191, 0.049671), (-0.0372968, 0.022762, 0.0498473), (-0.0351605, 0.0226594, 0.0500124), (-0.0330538, 0.0225175, 0.0501657), (-0.0309886, 0.022342, 0.0503068), (-0.0289767, 0.0221389, 0.0504355), (-0.0270301, 0.0219142, 0.0505518), (-0.0251604, 0.0216736, 0.0506559), (-0.0233002, 0.0214701, 0.050752), (-0.0213994, 0.0213266, 0.0508426), (-0.0194967, 0.0212049, 0.0509256), (-0.0176305, 0.0210664, 0.0509995), (-0.0158394, 0.0208727, 0.0510635), (-0.0141618, 0.0205853, 0.0511172), (-0.0126364, 0.0201658, 0.0511608), (-0.0113016, 0.0195758, 0.0511949), (-0.0101959, 0.0187768, 0.0512202), (-0.0093578, 0.0177304, 0.0512377), (-0.0085406, 0.0165654, 0.0505601), (-0.0082724, 0.0148897, 0.0505649), (-0.0082395, 0.0129707, 0.0505655), (-0.0084, 0.0108714, 0.0505627), (-0.0087121, 0.0086545, 0.050557), (-0.0091338, 0.0063828, 0.0505489), (-0.0096234, 0.004119, 0.0505391), (-0.0101388, 0.001926, 0.0505283), (-0.0106383, -0.0001335, 0.0505172), (-0.01108, -0.0019966, 0.050507), (-0.0114943, -0.0037337, 0.050497), (-0.0119415, -0.0054488, 0.0504858), (-0.0124245, -0.00713, 0.0504733), (-0.0129465, -0.0087654, 0.0504591), (-0.0135103, -0.010343, 0.0504432), (-0.014119, -0.0118509, 0.0504253), (-0.0147755, -0.013277, 0.0504051), (-0.0154829, -0.0146095, 0.0503822), (-0.0162442, -0.0158363, 0.0503565), (-0.0170622, -0.0169455, 0.0503274), (-0.0179212, -0.0179291, 0.0502953), (-0.018809, -0.0187951, 0.0502606), (-0.0197348, -0.0195555, 0.0502225), (-0.0207074, -0.0202223, 0.0501805), (-0.0217358, -0.0208073, 0.050134), (-0.0228291, -0.0213225, 0.050082), (-0.0239961, -0.0217799, 0.0500237), (-0.0252459, -0.0221915, 0.0499581), (-0.0265874, -0.0225692, 0.0498839), (-0.0280296, -0.022925, 0.0497999), (-0.0296279, -0.0232624, 0.0497016), (-0.0314036, -0.0235708, 0.049586), (-0.0333149, -0.0238414, 0.049454), (-0.03532, -0.0240651, 0.0493073), (-0.0373769, -0.024233, 0.0491478), (-0.0394437, -0.0243362, 0.0489784), (-0.0414787, -0.0243656, 0.0488027), (-0.0434398, -0.0243123, 0.0486251), (-0.0452853, -0.0241673, 0.0484504), (-0.0469733, -0.0239216, 0.0482843), (-0.0485432, -0.0236142, 0.0481244), (-0.0500602, -0.0232758, 0.0479648), (-0.0515213, -0.0228857, 0.0478065), (-0.0529236, -0.0224227, 0.0476503), (-0.0542642, -0.0218661, 0.047497), (-0.0555399, -0.0211949, 0.0473476), (-0.0567478, -0.0203882, 0.0472029), (-0.0578849, -0.019425, 0.0470639), (-0.0589482, -0.0182844, 0.0469314), (-0.0599348, -0.0169455, 0.0468063), (-0.0608336, -0.0153225, 0.0466905), (-0.0616417, -0.0133896, 0.0465849), (-0.0623681, -0.0112156, 0.0464888), (-0.0630216, -0.0088691, 0.0464014), (-0.0636114, -0.006419, 0.0463218), (-0.0641463, -0.003934, 0.0462489), (-0.0646353, -0.0014828, 0.0461817), (-0.0650875, 0.0008656, 0.0461191), (-0.0655117, 0.0030427, 0.04606), (-0.065917, 0.0049795, 0.0460032), (-0.0663856, 0.0067425, 0.0459371), (-0.0669539, 0.0084397, 0.0458562), (-0.0675621, 0.0100652, 0.045769), (-0.0681504, 0.0116129, 0.0456838), (-0.0686589, 0.0130769, 0.0456096), (-0.0690278, 0.0144512, 0.0455554), (-0.0691973, 0.0157298, 0.0455304), (-0.0691075, 0.0169068, 0.0455437), (-0.0686987, 0.0179761, 0.0456038), (-0.0679111, 0.0189318, 0.0457185), (-0.0666822, 0.0197565, 0.045895), (-0.0650396, 0.0204467, 0.0461258), (-0.063058, 0.0210172, 0.0463965), (-0.0608122, 0.0214831, 0.0466933), (-0.0583769, 0.0218593, 0.0470029), (-0.055827, 0.0221608, 0.0473135), (-0.0532372, 0.0224025, 0.0476148), (-0.0506823, 0.0225993, 0.047898), (-0.0482371, 0.0227662, 0.048156), (-0.0459763, 0.0229182, 0.0483832), (-0.0438197, 0.0230338, 0.0485897), (-0.0416452, 0.0230856, 0.048788), (-0.0394646, 0.0230796, 0.0489766), (-0.0372901, 0.0230218, 0.0491547), (-0.0351335, 0.0229182, 0.0493213), (-0.0330068, 0.0227747, 0.0494758), (-0.030922, 0.0225973, 0.049618), (-0.0288911, 0.022392, 0.0497476), (-0.0269259, 0.0221648, 0.0498646), (-0.0250385, 0.0219216, 0.0499692), (-0.0231606, 0.0217158, 0.0500658), (-0.0212418, 0.0215708, 0.0501566), (-0.019321, 0.0214477, 0.0502397), (-0.0174371, 0.0213077, 0.0503136), (-0.015629, 0.0211119, 0.0503774), (-0.0139355, 0.0208214, 0.0504308), (-0.0123956, 0.0203973, 0.050474), (-0.0110481, 0.0198009, 0.0505077), (-0.0099319, 0.0189931, 0.0505327), (-0.0090859, 0.0179352, 0.0505499), (-0.008453, 0.0166255, 0.0479238), (-0.008184, 0.014944, 0.0479286), (-0.008151, 0.0130185, 0.0479291), (-0.008312, 0.010912, 0.0479263), (-0.008625, 0.0086875, 0.0479207), (-0.009048, 0.006408, 0.0479127), (-0.009539, 0.0041365, 0.0479029), (-0.010056, 0.001936, 0.0478921), (-0.010557, -0.0001305, 0.0478811), (-0.011, -0.002, 0.0478709), (-0.0114155, -0.003743, 0.047861), (-0.011864, -0.005464, 0.0478499), (-0.0123485, -0.007151, 0.0478374), (-0.012872, -0.008792, 0.0478233), (-0.0134375, -0.010375, 0.0478074), (-0.014048, -0.011888, 0.0477895), (-0.0147065, -0.013319, 0.0477693), (-0.015416, -0.014656, 0.0477465), (-0.0161795, -0.015887, 0.0477208), (-0.017, -0.017, 0.0476917), (-0.0178615, -0.017987, 0.0476597), (-0.018752, -0.018856, 0.0476249), (-0.0196805, -0.019619, 0.0475869), (-0.020656, -0.020288, 0.0475449), (-0.0216875, -0.020875, 0.0474983), (-0.022784, -0.021392, 0.0474463), (-0.0239545, -0.021851, 0.0473879), (-0.025208, -0.022264, 0.0473222), (-0.0265535, -0.022643, 0.0472479), (-0.028, -0.023, 0.0471637), (-0.029603, -0.0233385, 0.0470652), (-0.031384, -0.023648, 0.0469494), (-0.033301, -0.0239195, 0.0468171), (-0.035312, -0.024144, 0.0466699), (-0.037375, -0.0243125, 0.04651), (-0.039448, -0.024416, 0.0463401), (-0.041489, -0.0244455, 0.0461639), (-0.043456, -0.024392, 0.0459857), (-0.045307, -0.0242465, 0.0458104), (-0.047, -0.024, 0.0456437), (-0.0485745, -0.0236915, 0.0454832), (-0.050096, -0.023352, 0.0453231), (-0.0515615, -0.0229605, 0.0451642), (-0.052968, -0.022496, 0.0450074), (-0.0543125, -0.0219375, 0.0448535), (-0.055592, -0.021264, 0.0447035), (-0.0568035, -0.0204545, 0.0445583), (-0.057944, -0.019488, 0.0444187), (-0.0590105, -0.0183435, 0.0442856), (-0.06, -0.017, 0.04416), (-0.0609015, -0.0153715, 0.0440437), (-0.061712, -0.013432, 0.0439377), (-0.0624405, -0.0112505, 0.0438413), (-0.063096, -0.008896, 0.0437535), (-0.0636875, -0.0064375, 0.0436735), (-0.064224, -0.003944, 0.0436003), (-0.0647145, -0.0014845, 0.0435328), (-0.065168, 0.000872, 0.04347), (-0.0655935, 0.0030565, 0.0434107), (-0.066, 0.005, 0.0433536), (-0.06647, 0.006769, 0.0432872), (-0.06704, 0.008472, 0.043206), (-0.06765, 0.010103, 0.0431184), (-0.06824, 0.011656, 0.0430329), (-0.06875, 0.013125, 0.0429583), (-0.06912, 0.014504, 0.0429039), (-0.06929, 0.015787, 0.0428788), (-0.0692, 0.016968, 0.0428921), (-0.06879, 0.018041, 0.0429525), (-0.068, 0.019, 0.0430677), (-0.0667675, 0.0198275, 0.0432449), (-0.06512, 0.02052, 0.0434767), (-0.0631325, 0.0210925, 0.0437486), (-0.06088, 0.02156, 0.0440465), (-0.0584375, 0.0219375, 0.0443574), (-0.05588, 0.02224, 0.0446693), (-0.0532825, 0.0224825, 0.0449717), (-0.05072, 0.02268, 0.045256), (-0.0482675, 0.0228475, 0.0455149), (-0.046, 0.023, 0.0457429), (-0.043837, 0.023116, 0.0459502), (-0.041656, 0.023168, 0.0461491), (-0.039469, 0.023162, 0.0463383), (-0.037288, 0.023104, 0.0465169), (-0.035125, 0.023, 0.046684), (-0.032992, 0.022856, 0.046839), (-0.030901, 0.022678, 0.0469815), (-0.028864, 0.022472, 0.0471113), (-0.026893, 0.022244, 0.0472286), (-0.025, 0.022, 0.0473333), (-0.0231165, 0.0217935, 0.04743), (-0.021192, 0.021648, 0.047521), (-0.0192655, 0.0215245, 0.0476041), (-0.017376, 0.021384, 0.0476779), (-0.0155625, 0.0211875, 0.0477417), (-0.013864, 0.020896, 0.047795), (-0.0123195, 0.0204705, 0.0478381), (-0.010968, 0.019872, 0.0478717), (-0.0098485, 0.0190615, 0.0478965), (-0.009, 0.018, 0.0479136), (-0.0085406, 0.0165654, 0.0452843), (-0.0082724, 0.0148897, 0.0452891), (-0.0082395, 0.0129707, 0.0452897), (-0.0084, 0.0108714, 0.0452868), (-0.0087121, 0.0086545, 0.0452811), (-0.0091338, 0.0063828, 0.0452731), (-0.0096234, 0.004119, 0.0452633), (-0.0101388, 0.001926, 0.0452524), (-0.0106383, -0.0001335, 0.0452414), (-0.01108, -0.0019966, 0.0452311), (-0.0114943, -0.0037337, 0.0452211), (-0.0119415, -0.0054488, 0.04521), (-0.0124245, -0.00713, 0.0451974), (-0.0129465, -0.0087654, 0.0451833), (-0.0135103, -0.010343, 0.0451674), (-0.014119, -0.0118509, 0.0451494), (-0.0147755, -0.013277, 0.0451292), (-0.0154829, -0.0146095, 0.0451064), (-0.0162442, -0.0158363, 0.0450806), (-0.0170622, -0.0169455, 0.0450515), (-0.0179212, -0.0179291, 0.0450195), (-0.018809, -0.0187951, 0.0449847), (-0.0197348, -0.0195555, 0.0449466), (-0.0207074, -0.0202223, 0.0449047), (-0.0217358, -0.0208073, 0.0448581), (-0.0228291, -0.0213225, 0.0448062), (-0.0239961, -0.0217799, 0.0447479), (-0.0252459, -0.0221915, 0.0446822), (-0.0265874, -0.0225692, 0.0446081), (-0.0280296, -0.022925, 0.044524), (-0.0296279, -0.0232624, 0.0444257), (-0.0314036, -0.0235708, 0.0443101), (-0.0333149, -0.0238414, 0.0441782), (-0.03532, -0.0240651, 0.0440314), (-0.0373769, -0.024233, 0.0438719), (-0.0394437, -0.0243362, 0.0437025), (-0.0414787, -0.0243656, 0.0435269), (-0.0434398, -0.0243123, 0.0433493), (-0.0452853, -0.0241673, 0.0431746), (-0.0469733, -0.0239216, 0.0430085), (-0.0485432, -0.0236142, 0.0428485), (-0.0500602, -0.0232758, 0.042689), (-0.0515213, -0.0228857, 0.0425307), (-0.0529236, -0.0224227, 0.0423744), (-0.0542642, -0.0218661, 0.0422212), (-0.0555399, -0.0211949, 0.0420718), (-0.0567478, -0.0203882, 0.0419271), (-0.0578849, -0.019425, 0.041788), (-0.0589482, -0.0182844, 0.0416555), (-0.0599348, -0.0169455, 0.0415304), (-0.0608336, -0.0153225, 0.0414146), (-0.0616417, -0.0133896, 0.0413091), (-0.0623681, -0.0112156, 0.041213), (-0.0630216, -0.0088691, 0.0411256), (-0.0636114, -0.006419, 0.0410459), (-0.0641463, -0.003934, 0.040973), (-0.0646353, -0.0014828, 0.0409058), (-0.0650875, 0.0008656, 0.0408433), (-0.0655117, 0.0030427, 0.0407842), (-0.065917, 0.0049795, 0.0407274), (-0.0663856, 0.0067425, 0.0406612), (-0.0669539, 0.0084397, 0.0405804), (-0.0675621, 0.0100652, 0.0404931), (-0.0681504, 0.0116129, 0.040408), (-0.0686589, 0.0130769, 0.0403338), (-0.0690278, 0.0144512, 0.0402796), (-0.0691973, 0.0157298, 0.0402546), (-0.0691075, 0.0169068, 0.0402678), (-0.0686987, 0.0179761, 0.0403279), (-0.0679111, 0.0189318, 0.0404427), (-0.0666822, 0.0197565, 0.0406191), (-0.0650396, 0.0204467, 0.0408499), (-0.063058, 0.0210172, 0.0411207), (-0.0608122, 0.0214831, 0.0414174), (-0.0583769, 0.0218593, 0.041727), (-0.055827, 0.0221608, 0.0420376), (-0.0532372, 0.0224025, 0.0423389), (-0.0506823, 0.0225993, 0.0426221), (-0.0482371, 0.0227662, 0.0428801), (-0.0459763, 0.0229182, 0.0431073), (-0.0438197, 0.0230338, 0.0433139), (-0.0416452, 0.0230856, 0.0435121), (-0.0394646, 0.0230796, 0.0437008), (-0.0372901, 0.0230218, 0.0438788), (-0.0351335, 0.0229182, 0.0440454), (-0.0330068, 0.0227747, 0.0442), (-0.030922, 0.0225973, 0.0443422), (-0.0288911, 0.022392, 0.0444717), (-0.0269259, 0.0221648, 0.0445887), (-0.0250385, 0.0219216, 0.0446934), (-0.0231606, 0.0217158, 0.0447899), (-0.0212418, 0.0215708, 0.0448808), (-0.019321, 0.0214477, 0.0449639), (-0.0174371, 0.0213077, 0.0450378), (-0.015629, 0.0211119, 0.0451015), (-0.0139355, 0.0208214, 0.0451549), (-0.0123956, 0.0203973, 0.0451982), (-0.0110481, 0.0198009, 0.0452319), (-0.0099319, 0.0189931, 0.0452569), (-0.0090859, 0.0179352, 0.045274), (-0.0088176, 0.0163754, 0.044586), (-0.0085519, 0.0147177, 0.0445909), (-0.0085193, 0.0128196, 0.0445915), (-0.0086783, 0.010743, 0.0445886), (-0.0089875, 0.00855, 0.0445827), (-0.0094053, 0.0063029, 0.0445745), (-0.0098902, 0.0040636, 0.0445646), (-0.0104008, 0.0018943, 0.0445535), (-0.0108956, -0.0001428, 0.0445423), (-0.0113332, -0.0019858, 0.0445319), (-0.0117435, -0.0037041, 0.0445218), (-0.0121865, -0.0054007, 0.0445105), (-0.012665, -0.0070637, 0.0444978), (-0.0131821, -0.0086814, 0.0444835), (-0.0137406, -0.010242, 0.0444675), (-0.0143436, -0.0117335, 0.0444494), (-0.0149939, -0.0131442, 0.0444291), (-0.0156947, -0.0144622, 0.0444062), (-0.0164488, -0.0156757, 0.0443803), (-0.0172591, -0.016773, 0.0443512), (-0.01811, -0.0177459, 0.0443191), (-0.0189895, -0.0186026, 0.0442843), (-0.0199066, -0.0193548, 0.0442462), (-0.02087, -0.0200143, 0.0442043), (-0.0218888, -0.020593, 0.0441578), (-0.0229718, -0.0211026, 0.044106), (-0.0241278, -0.0215551, 0.0440479), (-0.0253658, -0.0219623, 0.0439826), (-0.0266947, -0.0223359, 0.0439088), (-0.0281234, -0.0226878, 0.0438252), (-0.0297066, -0.0230215, 0.0437276), (-0.0314656, -0.0233266, 0.0436128), (-0.033359, -0.0235943, 0.0434819), (-0.0353452, -0.0238156, 0.0433363), (-0.0373827, -0.0239817, 0.0431783), (-0.0394301, -0.0240837, 0.0430105), (-0.0414459, -0.0241128, 0.0428366), (-0.0433887, -0.0240601, 0.0426608), (-0.0452168, -0.0239166, 0.042488), (-0.0468889, -0.0236736, 0.0423238), (-0.048444, -0.0233695, 0.0421656), (-0.0499467, -0.0230348, 0.0420079), (-0.0513942, -0.0226489, 0.0418514), (-0.0527833, -0.022191, 0.0416971), (-0.0541112, -0.0216404, 0.0415457), (-0.0553749, -0.0209764, 0.0413981), (-0.0565715, -0.0201784, 0.0412552), (-0.0576979, -0.0192256, 0.0411179), (-0.0587512, -0.0180974, 0.0409871), (-0.0597285, -0.016773, 0.0408636), (-0.0606189, -0.0151676, 0.0407493), (-0.0614194, -0.0132556, 0.0406451), (-0.0621389, -0.011105, 0.0405502), (-0.0627863, -0.008784, 0.040464), (-0.0633705, -0.0063603, 0.0403854), (-0.0639004, -0.0039022, 0.0403134), (-0.0643849, -0.0014776, 0.0402471), (-0.0648328, 0.0008454, 0.0401854), (-0.065253, 0.0029989, 0.0401271), (-0.0656545, 0.0049149, 0.040071), (-0.0661187, 0.0066588, 0.0400058), (-0.0666817, 0.0083376, 0.039926), (-0.0672841, 0.0099454, 0.0398399), (-0.0678669, 0.0114764, 0.0397559), (-0.0683706, 0.0129246, 0.0396827), (-0.068736, 0.014284, 0.0396293), (-0.0689039, 0.0155488, 0.0396046), (-0.068815, 0.016713, 0.0396177), (-0.0684101, 0.0177708, 0.039677), (-0.0676298, 0.0187162, 0.0397902), (-0.0664125, 0.019532, 0.0399642), (-0.0647854, 0.0202146, 0.0401919), (-0.0628224, 0.020779, 0.0404591), (-0.0605977, 0.0212399, 0.040752), (-0.0581853, 0.021612, 0.0410577), (-0.0556594, 0.0219102, 0.0413644), (-0.0530939, 0.0221493, 0.041662), (-0.050563, 0.022344, 0.0419418), (-0.0481408, 0.0225091, 0.0421969), (-0.0459013, 0.0226594, 0.0424215), (-0.043765, 0.0227738, 0.0426258), (-0.0416109, 0.022825, 0.042822), (-0.0394509, 0.0228191, 0.0430088), (-0.0372968, 0.022762, 0.0431851), (-0.0351605, 0.0226594, 0.0433502), (-0.0330538, 0.0225175, 0.0435035), (-0.0309886, 0.022342, 0.0436446), (-0.0289767, 0.0221389, 0.0437733), (-0.0270301, 0.0219142, 0.0438896), (-0.0251604, 0.0216736, 0.0439936), (-0.0233002, 0.0214701, 0.0440898), (-0.0213994, 0.0213266, 0.0441804), (-0.0194967, 0.0212049, 0.0442634), (-0.0176305, 0.0210664, 0.0443373), (-0.0158394, 0.0208727, 0.0444013), (-0.0141618, 0.0205853, 0.044455), (-0.0126364, 0.0201658, 0.0444986), (-0.0113016, 0.0195758, 0.0445327), (-0.0101959, 0.0187768, 0.044558), (-0.0093578, 0.0177304, 0.0445755), (-0.0093566, 0.0160056, 0.0442192), (-0.0090958, 0.0143833, 0.0442244), (-0.0090638, 0.0125255, 0.044225), (-0.0092199, 0.0104931, 0.044222), (-0.0095233, 0.0083468, 0.0442159), (-0.0099334, 0.0061475, 0.0442074), (-0.0104094, 0.0039559, 0.044197), (-0.0109106, 0.0018327, 0.0441856), (-0.0113962, -0.0001611, 0.0441741), (-0.0118257, -0.0019648, 0.0441635), (-0.0122285, -0.0036465, 0.0441531), (-0.0126633, -0.005307, 0.0441416), (-0.0131329, -0.0069347, 0.0441287), (-0.0136404, -0.008518, 0.0441142), (-0.0141886, -0.0100453, 0.0440979), (-0.0147805, -0.0115051, 0.0440796), (-0.0154188, -0.0128858, 0.044059), (-0.0161066, -0.0141757, 0.0440359), (-0.0168468, -0.0153635, 0.0440099), (-0.0176422, -0.0164373, 0.0439806), (-0.0184774, -0.0173896, 0.0439485), (-0.0193406, -0.018228, 0.0439136), (-0.0202407, -0.0189642, 0.0438756), (-0.0211864, -0.0196097, 0.0438338), (-0.0221864, -0.020176, 0.0437876), (-0.0232493, -0.0206749, 0.0437361), (-0.024384, -0.0211177, 0.0436784), (-0.0255992, -0.0215162, 0.0436136), (-0.0269035, -0.0218819, 0.0435406), (-0.0283058, -0.0222263, 0.043458), (-0.0298598, -0.0225529, 0.0433616), (-0.0315863, -0.0228515, 0.0432484), (-0.0334447, -0.0231135, 0.0431195), (-0.0353942, -0.0233301, 0.0429764), (-0.0373941, -0.0234926, 0.0428211), (-0.0394037, -0.0235925, 0.0426565), (-0.0413823, -0.023621, 0.042486), (-0.0432892, -0.0235693, 0.0423137), (-0.0450835, -0.023429, 0.0421446), (-0.0467248, -0.0231911, 0.0419839), (-0.0482511, -0.0228935, 0.0418292), (-0.0497261, -0.0225659, 0.0416751), (-0.0511468, -0.0221882, 0.0415222), (-0.0525103, -0.02174, 0.0413715), (-0.0538136, -0.0212012, 0.0412237), (-0.055054, -0.0205514, 0.0410796), (-0.0562285, -0.0197703, 0.0409402), (-0.0573341, -0.0188378, 0.0408063), (-0.058368, -0.0177336, 0.0406787), (-0.0593272, -0.0164373, 0.0405583), (-0.0602012, -0.0148661, 0.0404468), (-0.0609869, -0.0129948, 0.0403453), (-0.0616931, -0.01089, 0.0402529), (-0.0623285, -0.0086183, 0.0401688), (-0.062902, -0.0062463, 0.0400922), (-0.063422, -0.0038405, 0.0400221), (-0.0638975, -0.0014675, 0.0399575), (-0.0643372, 0.0008062, 0.0398974), (-0.0647497, 0.0029138, 0.0398406), (-0.0651437, 0.004789, 0.039786), (-0.0655994, 0.0064958, 0.0397225), (-0.0661519, 0.0081389, 0.0396448), (-0.0667433, 0.0097125, 0.039561), (-0.0673152, 0.0112109, 0.0394792), (-0.0678096, 0.0126283, 0.0394079), (-0.0681683, 0.0139588, 0.0393559), (-0.0683331, 0.0151966, 0.0393319), (-0.0682459, 0.0163361, 0.0393446), (-0.0678484, 0.0173714, 0.0394023), (-0.0670826, 0.0182966, 0.0395125), (-0.0658878, 0.019095, 0.039682), (-0.0642906, 0.0197632, 0.0399038), (-0.0623639, 0.0203156, 0.0401641), (-0.0601803, 0.0207666, 0.0404495), (-0.0578125, 0.0211308, 0.0407475), (-0.0553332, 0.0214227, 0.0410467), (-0.0528151, 0.0216567, 0.0413372), (-0.050331, 0.0218472, 0.0416105), (-0.0479535, 0.0220088, 0.0418598), (-0.0457554, 0.022156, 0.0420795), (-0.0436585, 0.0222679, 0.0422795), (-0.0415442, 0.0223181, 0.0424716), (-0.0394241, 0.0223123, 0.0426547), (-0.0373098, 0.0222563, 0.0428278), (-0.0352129, 0.022156, 0.04299), (-0.0331451, 0.022017, 0.0431408), (-0.0311181, 0.0218453, 0.0432797), (-0.0291434, 0.0216465, 0.0434067), (-0.0272327, 0.0214266, 0.0435216), (-0.0253976, 0.0211911, 0.0436246), (-0.0235717, 0.0209919, 0.04372), (-0.021706, 0.0208515, 0.0438101), (-0.0198384, 0.0207324, 0.0438928), (-0.0180067, 0.0205968, 0.0439668), (-0.0162487, 0.0204072, 0.044031), (-0.0146021, 0.020126, 0.0440852), (-0.0131048, 0.0197154, 0.0441294), (-0.0117947, 0.019138, 0.0441642), (-0.0107094, 0.018356, 0.0441903), (-0.0098868, 0.0173318, 0.0442084), (-0.0114077, 0.0145986, 0.0440612), (-0.0111656, 0.0131104, 0.044067), (-0.0111359, 0.0114064, 0.0440677), (-0.0112808, 0.0095421, 0.0440643), (-0.0115625, 0.0075734, 0.0440574), (-0.0119432, 0.0055561, 0.0440479), (-0.0123851, 0.0035458, 0.0440364), (-0.0128504, 0.0015984, 0.0440239), (-0.0133013, -0.0002305, 0.0440113), (-0.0137, -0.001885, 0.0439998), (-0.0140739, -0.0034276, 0.0439887), (-0.0144776, -0.0049506, 0.0439764), (-0.0149136, -0.0064436, 0.0439628), (-0.0153848, -0.0078959, 0.0439475), (-0.0158937, -0.0092969, 0.0439305), (-0.0164432, -0.0106359, 0.0439116), (-0.0170358, -0.0119023, 0.0438904), (-0.0176744, -0.0130856, 0.0438668), (-0.0183615, -0.014175, 0.0438404), (-0.0191, -0.01516, 0.0438109), (-0.0198753, -0.0160335, 0.0437786), (-0.0206768, -0.0168026, 0.043744), (-0.0215124, -0.0174778, 0.0437064), (-0.0223904, -0.0180699, 0.0436652), (-0.0233187, -0.0185894, 0.04362), (-0.0243056, -0.0190469, 0.0435699), (-0.025359, -0.0194531, 0.043514), (-0.0264872, -0.0198186, 0.0434517), (-0.0276981, -0.0201541, 0.0433817), (-0.029, -0.02047, 0.0433029), (-0.0304427, -0.0207696, 0.0432115), (-0.0320456, -0.0210435, 0.0431046), (-0.0337709, -0.0212838, 0.0429835), (-0.0355808, -0.0214824, 0.0428496), (-0.0374375, -0.0216316, 0.042705), (-0.0393032, -0.0217232, 0.0425523), (-0.0411401, -0.0217493, 0.0423947), (-0.0429104, -0.0217019, 0.0422359), (-0.0445763, -0.0215732, 0.0420805), (-0.0461, -0.021355, 0.0419331), (-0.0475171, -0.021082, 0.0417916), (-0.0488864, -0.0207815, 0.0416508), (-0.0502054, -0.020435, 0.0415114), (-0.0514712, -0.020024, 0.0413741), (-0.0526813, -0.0195297, 0.0412397), (-0.0538328, -0.0189336, 0.0411088), (-0.0549232, -0.0182172, 0.0409823), (-0.0559496, -0.0173619, 0.040861), (-0.0569095, -0.016349, 0.0407454), (-0.0578, -0.01516, 0.0406364), (-0.0586114, -0.0137188, 0.0405357), (-0.0593408, -0.0120023, 0.0404439), (-0.0599965, -0.0100717, 0.0403605), (-0.0605864, -0.007988, 0.0402846), (-0.0611188, -0.0058122, 0.0402155), (-0.0616016, -0.0036054, 0.0401523), (-0.0620431, -0.0014288, 0.040094), (-0.0624512, 0.0006567, 0.0400398), (-0.0628342, 0.00259, 0.0399887), (-0.0632, 0.00431, 0.0399395), (-0.063623, 0.0058756, 0.0398823), (-0.064136, 0.0073827, 0.0398123), (-0.064685, 0.0088262, 0.0397369), (-0.065216, 0.0102006, 0.0396633), (-0.065675, 0.0115006, 0.0395992), (-0.066008, 0.012721, 0.0395525), (-0.066161, 0.0138565, 0.0395309), (-0.06608, 0.0149017, 0.0395423), (-0.065711, 0.0158513, 0.0395942), (-0.065, 0.0167, 0.0396933), (-0.0638908, 0.0174323, 0.0398458), (-0.062408, 0.0180452, 0.0400456), (-0.0606193, 0.0185519, 0.0402803), (-0.058592, 0.0189656, 0.0405381), (-0.0563938, 0.0192997, 0.0408077), (-0.054092, 0.0195674, 0.041079), (-0.0517543, 0.019782, 0.0413429), (-0.049448, 0.0199568, 0.0415919), (-0.0472408, 0.020105, 0.0418195), (-0.0452, 0.02024, 0.0420208), (-0.0432533, 0.0203427, 0.0422044), (-0.0412904, 0.0203887, 0.0423814), (-0.0393221, 0.0203834, 0.0425507), (-0.0373592, 0.020332, 0.0427112), (-0.0354125, 0.02024, 0.0428624), (-0.0334928, 0.0201126, 0.0430034), (-0.0316109, 0.019955, 0.0431341), (-0.0297776, 0.0197727, 0.0432542), (-0.0280037, 0.0195709, 0.0433635), (-0.0263, 0.019355, 0.0434622), (-0.0246048, 0.0191723, 0.0435542), (-0.0228728, 0.0190435, 0.043642), (-0.0211389, 0.0189342, 0.0437234), (-0.0194384, 0.0188098, 0.043797), (-0.0178062, 0.0186359, 0.0438618), (-0.0162776, 0.018378, 0.0439174), (-0.0148875, 0.0180014, 0.0439636), (-0.0136712, 0.0174717, 0.0440006), (-0.0126636, 0.0167544, 0.0440289), (-0.0119, 0.015815, 0.0440489), (-0.0134588, 0.0131915, 0.0441194), (-0.0132354, 0.0118376, 0.0441258), (-0.013208, 0.0102872, 0.0441265), (-0.0133417, 0.0085912, 0.0441228), (-0.0136017, 0.0068001, 0.0441153), (-0.013953, 0.0049647, 0.044105), (-0.0143608, 0.0031357, 0.0440926), (-0.0147902, 0.001364, 0.0440793), (-0.0152064, -0.0002999, 0.044066), (-0.0155743, -0.0018052, 0.0440539), (-0.0159194, -0.0032086, 0.0440423), (-0.0162919, -0.0045943, 0.0440295), (-0.0166944, -0.0059526, 0.0440153), (-0.0171292, -0.0072739, 0.0439997), (-0.0175989, -0.0085485, 0.0439823), (-0.0181059, -0.0097667, 0.0439629), (-0.0186529, -0.0109189, 0.0439415), (-0.0192422, -0.0119954, 0.0439177), (-0.0198763, -0.0129865, 0.0438912), (-0.0205578, -0.0138827, 0.0438618), (-0.0212733, -0.0146774, 0.0438299), (-0.022013, -0.0153771, 0.0437957), (-0.0227842, -0.0159914, 0.0437589), (-0.0235944, -0.0165301, 0.0437188), (-0.0244511, -0.0170027, 0.0436749), (-0.0253619, -0.017419, 0.0436265), (-0.0263341, -0.0177886, 0.0435729), (-0.0273752, -0.0181211, 0.0435133), (-0.0284928, -0.0184263, 0.0434467), (-0.0296942, -0.0187137, 0.0433721), (-0.0310256, -0.0189862, 0.0432859), (-0.0325049, -0.0192354, 0.0431856), (-0.0340971, -0.019454, 0.0430725), (-0.0357674, -0.0196348, 0.042948), (-0.0374809, -0.0197705, 0.0428142), (-0.0392027, -0.0198538, 0.0426733), (-0.0408979, -0.0198776, 0.0425285), (-0.0425316, -0.0198345, 0.0423831), (-0.0440691, -0.0197173, 0.0422411), (-0.0454752, -0.0195189, 0.0421068), (-0.046783, -0.0192705, 0.0419781), (-0.0480467, -0.0189971, 0.0418502), (-0.0492639, -0.0186819, 0.0417239), (-0.0504321, -0.0183079, 0.0415997), (-0.0515489, -0.0178582, 0.0414782), (-0.0526116, -0.0173159, 0.0413601), (-0.0536178, -0.0166641, 0.0412461), (-0.0545651, -0.0158859, 0.0411368), (-0.0554509, -0.0149644, 0.0410328), (-0.0562728, -0.0138827, 0.0409349), (-0.0570215, -0.0125715, 0.0408444), (-0.0576947, -0.0110098, 0.040762), (-0.0582998, -0.0092534, 0.0406872), (-0.0588443, -0.0073576, 0.0406191), (-0.0593355, -0.0053781, 0.0405572), (-0.0597812, -0.0033704, 0.0405006), (-0.0601886, -0.0013901, 0.0404485), (-0.0605652, 0.0005073, 0.0403999), (-0.0609186, 0.0022662, 0.0403541), (-0.0612563, 0.003831, 0.0403101), (-0.0616466, 0.0052554, 0.040259), (-0.0621201, 0.0066266, 0.0401965), (-0.0626267, 0.0079398, 0.040129), (-0.0631168, 0.0091902, 0.0400633), (-0.0635404, 0.010373, 0.0400061), (-0.0638477, 0.0114833, 0.0399643), (-0.0639889, 0.0125164, 0.0399451), (-0.0639141, 0.0134673, 0.0399553), (-0.0635736, 0.0143312, 0.0400016), (-0.0629174, 0.0151034, 0.0400901), (-0.0618937, 0.0157696, 0.0402264), (-0.0605254, 0.0163272, 0.0404051), (-0.0588746, 0.0167882, 0.0406153), (-0.0570037, 0.0171646, 0.0408466), (-0.054975, 0.0174685, 0.0410889), (-0.0528508, 0.0177121, 0.0413332), (-0.0506934, 0.0179074, 0.0415715), (-0.048565, 0.0180664, 0.0417968), (-0.046528, 0.0182012, 0.0420034), (-0.0446446, 0.018324, 0.0421866), (-0.0428481, 0.0184174, 0.0423543), (-0.0410366, 0.0184593, 0.0425164), (-0.0392201, 0.0184545, 0.0426719), (-0.0374086, 0.0184078, 0.0428199), (-0.0356121, 0.018324, 0.0429599), (-0.0338405, 0.0182081, 0.0430911), (-0.0321037, 0.0180648, 0.0432133), (-0.0304118, 0.0178989, 0.0433261), (-0.0287747, 0.0177153, 0.0434294), (-0.0272024, 0.0175189, 0.0435233), (-0.025638, 0.0173526, 0.0436115), (-0.0240396, 0.0172354, 0.0436962), (-0.0224395, 0.017136, 0.0437755), (-0.0208701, 0.0170229, 0.043848), (-0.0193638, 0.0168647, 0.0439127), (-0.0179531, 0.01663, 0.0439688), (-0.0166703, 0.0162874, 0.0440162), (-0.0155477, 0.0158055, 0.0440548), (-0.0146179, 0.0151529, 0.0440847), (-0.0139132, 0.0142982, 0.0441061), (-0.0139978, 0.0128217, 0.0444599), (-0.0137793, 0.0115031, 0.0444664), (-0.0137525, 0.0099932, 0.0444672), (-0.0138833, 0.0083413, 0.0444633), (-0.0141375, 0.0065968, 0.0444557), (-0.0144811, 0.0048093, 0.0444452), (-0.01488, 0.003028, 0.0444327), (-0.0153, 0.0013024, 0.0444192), (-0.015707, -0.0003181, 0.0444057), (-0.0160668, -0.0017842, 0.0443935), (-0.0164044, -0.003151, 0.0443819), (-0.0167687, -0.0045006, 0.044369), (-0.0171623, -0.0058236, 0.0443547), (-0.0175875, -0.0071104, 0.044339), (-0.0180469, -0.0083518, 0.0443215), (-0.0185428, -0.0095383, 0.0443021), (-0.0190778, -0.0106604, 0.0442807), (-0.0196541, -0.0117089, 0.0442569), (-0.0202743, -0.0126742, 0.0442304), (-0.0209409, -0.013547, 0.0442011), (-0.0216407, -0.014321, 0.0441694), (-0.0223641, -0.0150025, 0.0441354), (-0.0231183, -0.0156008, 0.0440988), (-0.0239108, -0.0161255, 0.0440591), (-0.0247487, -0.0165858, 0.0440156), (-0.0256394, -0.0169912, 0.0439677), (-0.0265903, -0.0173512, 0.0439147), (-0.0276086, -0.017675, 0.0438559), (-0.0287016, -0.0179722, 0.0437902), (-0.0298766, -0.0182522, 0.0437168), (-0.0311788, -0.0185176, 0.043632), (-0.0326256, -0.0187603, 0.0435335), (-0.0341828, -0.0189733, 0.0434225), (-0.0358164, -0.0191493, 0.0433006), (-0.0374923, -0.0192814, 0.0431695), (-0.0391763, -0.0193626, 0.0430318), (-0.0408343, -0.0193857, 0.0428903), (-0.0424321, -0.0193438, 0.0427484), (-0.0439358, -0.0192297, 0.0426099), (-0.0453111, -0.0190364, 0.0424789), (-0.0465901, -0.0187945, 0.0423536), (-0.0478261, -0.0185282, 0.0422291), (-0.0490165, -0.0182212, 0.0421061), (-0.0501591, -0.017857, 0.0419852), (-0.0512513, -0.017419, 0.0418671), (-0.0522907, -0.0168908, 0.0417523), (-0.0532748, -0.016256, 0.0416415), (-0.0542013, -0.0154981, 0.0415353), (-0.0550677, -0.0146006, 0.0414343), (-0.0558715, -0.013547, 0.0413392), (-0.0566038, -0.01227, 0.0412513), (-0.0572622, -0.0107491, 0.0411713), (-0.057854, -0.0090383, 0.0410987), (-0.0583865, -0.007192, 0.0410327), (-0.058867, -0.005264, 0.0409726), (-0.0593028, -0.0033087, 0.0409176), (-0.0597012, -0.0013799, 0.040867), (-0.0600696, 0.000468, 0.04082), (-0.0604153, 0.0021811, 0.0407756), (-0.0607455, 0.0037051, 0.0407329), (-0.0611273, 0.0050924, 0.0406832), (-0.0615903, 0.0064279, 0.0406226), (-0.0620859, 0.0077069, 0.0405573), (-0.0625651, 0.0089247, 0.0404935), (-0.0629794, 0.0100767, 0.0404381), (-0.06328, 0.0111581, 0.0403976), (-0.0634181, 0.0121642, 0.0403789), (-0.063345, 0.0130903, 0.0403888), (-0.0630119, 0.0139318, 0.0404337), (-0.0623702, 0.0146838, 0.0405195), (-0.061369, 0.0153327, 0.0406517), (-0.0600306, 0.0158758, 0.040825), (-0.0584161, 0.0163247, 0.041029), (-0.0565863, 0.0166913, 0.0412534), (-0.0546022, 0.0169874, 0.0414887), (-0.0525246, 0.0172246, 0.0417261), (-0.0504146, 0.0174147, 0.0419578), (-0.048333, 0.0175696, 0.0421771), (-0.0463407, 0.017701, 0.0423783), (-0.0444987, 0.0178206, 0.0425568), (-0.0427416, 0.0179115, 0.0427203), (-0.0409699, 0.0179523, 0.0428785), (-0.0391933, 0.0179476, 0.0430304), (-0.0374216, 0.0179021, 0.0431752), (-0.0356645, 0.0178206, 0.0433121), (-0.0339318, 0.0177076, 0.0434408), (-0.0322332, 0.0175681, 0.0435607), (-0.0305785, 0.0174065, 0.0436715), (-0.0289773, 0.0172277, 0.0437732), (-0.0274396, 0.0170364, 0.0438658), (-0.0259095, 0.0168744, 0.0439528), (-0.0243462, 0.0167603, 0.0440366), (-0.0227812, 0.0166635, 0.0441153), (-0.0212463, 0.0165533, 0.0441874), (-0.0197731, 0.0163992, 0.0442519), (-0.0183934, 0.0161706, 0.044308), (-0.0171387, 0.015837, 0.0443556), (-0.0160408, 0.0153676, 0.0443944), (-0.0151314, 0.014732, 0.0444247), (-0.0144422, 0.0138996, 0.0444464), (-0.0142748, 0.0126317, 0.0451447), (-0.0140588, 0.0113312, 0.0451512), (-0.0140323, 0.009842, 0.045152), (-0.0141616, 0.0082128, 0.0451482), (-0.0144129, 0.0064924, 0.0451405), (-0.0147526, 0.0047294, 0.0451299), (-0.0151468, 0.0029726, 0.0451174), (-0.015562, 0.0012707, 0.0451038), (-0.0159643, -0.0003275, 0.0450902), (-0.01632, -0.0017734, 0.045078), (-0.0166536, -0.0031215, 0.0450662), (-0.0170137, -0.0044525, 0.0450533), (-0.0174028, -0.0057572, 0.045039), (-0.0178231, -0.0070264, 0.0450232), (-0.0182772, -0.0082507, 0.0450057), (-0.0187674, -0.0094209, 0.0449864), (-0.0192962, -0.0105276, 0.0449649), (-0.0198659, -0.0115617, 0.0449411), (-0.0204789, -0.0125137, 0.0449147), (-0.0211378, -0.0133745, 0.0448855), (-0.0218295, -0.0141379, 0.0448538), (-0.0225446, -0.01481, 0.0448199), (-0.0232901, -0.0154001, 0.0447835), (-0.0240734, -0.0159175, 0.0447439), (-0.0249017, -0.0163715, 0.0447006), (-0.0257821, -0.0167713, 0.044653), (-0.026722, -0.0171263, 0.0446004), (-0.0277285, -0.0174458, 0.0445419), (-0.0288089, -0.0177389, 0.0444768), (-0.0299704, -0.018015, 0.044404), (-0.0312575, -0.0182768, 0.0443199), (-0.0326876, -0.0185162, 0.0442224), (-0.0342269, -0.0187261, 0.0441125), (-0.0358416, -0.0188998, 0.0439918), (-0.0374981, -0.0190301, 0.0438622), (-0.0391627, -0.0191101, 0.0437261), (-0.0408015, -0.0191329, 0.0435863), (-0.042381, -0.0190916, 0.0434462), (-0.0438673, -0.018979, 0.0433094), (-0.0452267, -0.0187884, 0.0431803), (-0.0464909, -0.0185498, 0.0430566), (-0.0477126, -0.0182872, 0.0429338), (-0.0488894, -0.0179844, 0.0428126), (-0.0500188, -0.0176252, 0.0426934), (-0.0510983, -0.0171932, 0.042577), (-0.0521257, -0.0166723, 0.0424638), (-0.0530985, -0.0160463, 0.0423547), (-0.0540143, -0.0152988, 0.04225), (-0.0548707, -0.0144136, 0.0421506), (-0.0556652, -0.0133745, 0.0420569), (-0.0563891, -0.012115, 0.0419704), (-0.0570399, -0.010615, 0.0418916), (-0.0576248, -0.0089278, 0.0418201), (-0.0581512, -0.0071068, 0.0417551), (-0.0586261, -0.0052054, 0.0416959), (-0.0590569, -0.0032769, 0.0416418), (-0.0594508, -0.0013747, 0.0415921), (-0.0598149, 0.0004478, 0.0415457), (-0.0601566, 0.0021373, 0.041502), (-0.060483, 0.0036405, 0.04146), (-0.0608604, 0.0050086, 0.0414112), (-0.0613181, 0.0063257, 0.0413515), (-0.0618079, 0.0075872, 0.0412872), (-0.0622816, 0.0087883, 0.0412245), (-0.0626911, 0.0099244, 0.0411699), (-0.0629882, 0.0109909, 0.0411301), (-0.0631247, 0.0119832, 0.0411117), (-0.0630525, 0.0128966, 0.0411214), (-0.0627233, 0.0137265, 0.0411656), (-0.0620889, 0.0144682, 0.04125), (-0.0610993, 0.0151082, 0.0413801), (-0.0597764, 0.0156437, 0.0415506), (-0.0581805, 0.0160865, 0.0417514), (-0.0563718, 0.0164481, 0.0419724), (-0.0544106, 0.0167401, 0.0422042), (-0.052357, 0.016974, 0.0424381), (-0.0502713, 0.0171616, 0.0426664), (-0.0482137, 0.0173143, 0.0428825), (-0.0462444, 0.0174439, 0.043081), (-0.0444237, 0.0175618, 0.043257), (-0.0426869, 0.0176515, 0.0434184), (-0.0409356, 0.0176917, 0.0435746), (-0.0391796, 0.0176871, 0.0437247), (-0.0374283, 0.0176422, 0.0438678), (-0.0356915, 0.0175618, 0.0440033), (-0.0339788, 0.0174504, 0.0441305), (-0.0322998, 0.0173128, 0.0442492), (-0.0306641, 0.0171534, 0.0443591), (-0.0290815, 0.0169771, 0.04446), (-0.0275615, 0.0167884, 0.0445518), (-0.0260491, 0.0166287, 0.0446383), (-0.0245038, 0.0165162, 0.0447216), (-0.0229569, 0.0164206, 0.0447999), (-0.0214397, 0.016312, 0.0448718), (-0.0199835, 0.01616, 0.0449361), (-0.0186197, 0.0159345, 0.0449923), (-0.0173795, 0.0156055, 0.0450399), (-0.0162943, 0.0151426, 0.0450789), (-0.0153954, 0.0145157, 0.0451093), (-0.0147141, 0.0136948, 0.0451311)]
  int[] faceVertexCounts = [3, 3, 3, 3, 3, 3, 3, 3, 3, 3, 3, 3, 3, 3, 3, 3, 3, 3, 3, 3, 3, 3, 3, 3, 3, 3, 3, 3, 3, 3, 3, 3, 3, 3, 3, 3, 3, 3, 3, 3, 3, 3, 3, 3, 3, 3, 3, 3, 3, 3, 3, 3, 3, 3, 3, 3, 3, 3, 3, 3, 3, 3, 3, 3, 3, 3, 3, 3, 3, 3, 3, 3, 3, 3, 3, 3, 3, 3, 3, 3, 3, 3, 3, 3, 3, 3, 3, 3, 3, 3, 3, 3, 3, 3, 3, 3, 3, 3, 3, 3, 3, 3, 3, 3, 3, 3, 3, 3, 3, 3, 3, 3, 3, 3, 3, 3, 3, 3, 3, 3, 3, 3, 3, 3, 3, 3, 3, 3, 3, 3, 3, 3, 3, 3, 3, 3, 3, 3, 3, 3, 3, 3, 3, 3, 3, 3, 3, 3, 3, 3, 3, 3, 3, 3, 3, 3, 3, 3, 3, 3, 3, 3, 3, 3, 3, 3, 3, 3, 3, 3, 3, 3, 3, 3, 3, 3, 3, 3, 3, 3, 3, 3, 3, 3, 3, 3, 3, 3, 3, 3, 3, 3, 3, 3, 3, 3, 3, 3, 3, 3, 3, 3, 3, 3, 3, 3, 3, 3, 3, 3, 3, 3, 3, 3, 3, 3, 3, 3, 3, 3, 3, 3, 3, 3, 3, 3, 3, 3, 3, 3, 3, 3, 3, 3, 3, 3, 3, 3, 3, 3, 3, 3, 3, 3, 3, 3, 3, 3, 3, 3, 3, 3, 3, 3, 3, 3, 3, 3, 3, 3, 3, 3, 3, 3, 3, 3, 3, 3, 3, 3, 3, 3, 3, 3, 3, 3, 3, 3, 3, 3, 3, 3, 3, 3, 3, 3, 3, 3, 3, 3, 3, 3, 3, 3, 3, 3, 3, 3, 3, 3, 3, 3, 3, 3, 3, 3, 3, 3, 3, 3, 3, 3, 3, 3, 3, 3, 3, 3, 3, 3, 3, 3, 3, 3, 3, 3, 3, 3, 3, 3, 3, 3, 3, 3, 3, 3, 3, 3, 3, 3, 3, 3, 3, 3, 3, 3, 3, 3, 3, 3, 3, 3, 3, 3, 3, 3, 3, 3, 3, 3, 3, 3, 3, 3, 3, 3, 3, 3, 3, 3, 3, 3, 3, 3, 3, 3, 3, 3, 3, 3, 3, 3, 3, 3, 3, 3, 3, 3, 3, 3, 3, 3, 3, 3, 3, 3, 3, 3, 3, 3, 3, 3, 3, 3, 3, 3, 3, 3, 3, 3, 3, 3, 3, 3, 3, 3, 3, 3, 3, 3, 3, 3, 3, 3, 3, 3, 3, 3, 3, 3, 3, 3, 3, 3, 3, 3, 3, 3, 3, 3, 3, 3, 3, 3, 3, 3, 3, 3, 3, 3, 3, 3, 3, 3, 3, 3, 3, 3, 3, 3, 3, 3, 3, 3, 3, 3, 3, 3, 3, 3, 3, 3, 3, 3, 3, 3, 3, 3, 3, 3, 3, 3, 3, 3, 3, 3, 3, 3, 3, 3, 3, 3, 3, 3, 3, 3, 3, 3, 3, 3, 3, 3, 3, 3, 3, 3, 3, 3, 3, 3, 3, 3, 3, 3, 3, 3, 3, 3, 3, 3, 3, 3, 3, 3, 3, 3, 3, 3, 3, 3, 3, 3, 3, 3, 3, 3, 3, 3, 3, 3, 3, 3, 3, 3, 3, 3, 3, 3, 3, 3, 3, 3, 3, 3, 3, 3, 3, 3, 3, 3, 3, 3, 3, 3, 3, 3, 3, 3, 3, 3, 3, 3, 3, 3, 3, 3, 3, 3, 3, 3, 3, 3, 3, 3, 3, 3, 3, 3, 3, 3, 3, 3, 3, 3, 3, 3, 3, 3, 3, 3, 3, 3, 3, 3, 3, 3, 3, 3, 3, 3, 3, 3, 3, 3, 3, 3, 3, 3, 3, 3, 3, 3, 3, 3, 3, 3, 3, 3, 3, 3, 3, 3, 3, 3, 3, 3, 3, 3, 3, 3, 3, 3, 3, 3, 3, 3, 3, 3, 3, 3, 3, 3, 3, 3, 3, 3, 3, 3, 3, 3, 3, 3, 3, 3, 3, 3, 3, 3, 3, 3, 3, 3, 3, 3, 3, 3, 3, 3, 3, 3, 3, 3, 3, 3, 3, 3, 3, 3, 3, 3, 3, 3, 3, 3, 3, 3, 3, 3, 3, 3, 3, 3, 3, 3, 3, 3, 3, 3, 3, 3, 3, 3, 3, 3, 3, 3, 3, 3, 3, 3, 3, 3, 3, 3, 3, 3, 3, 3, 3, 3, 3, 3, 3, 3, 3, 3, 3, 3, 3, 3, 3, 3, 3, 3, 3, 3, 3, 3, 3, 3, 3, 3, 3, 3, 3, 3, 3, 3, 3, 3, 3, 3, 3, 3, 3, 3, 3, 3, 3, 3, 3, 3, 3, 3, 3, 3, 3, 3, 3, 3, 3, 3, 3, 3, 3, 3, 3, 3, 3, 3, 3, 3, 3, 3, 3, 3, 3, 3, 3, 3, 3, 3, 3, 3, 3, 3, 3, 3, 3, 3, 3, 3, 3, 3, 3, 3, 3, 3, 3, 3, 3, 3, 3, 3, 3, 3, 3, 3, 3, 3, 3, 3, 3, 3, 3, 3, 3, 3, 3, 3, 3, 3, 3, 3, 3, 3, 3, 3, 3, 3, 3, 3, 3, 3, 3, 3, 3, 3, 3, 3, 3, 3, 3, 3, 3, 3, 3, 3, 3, 3, 3, 3, 3, 3, 3, 3, 3, 3, 3, 3, 3, 3, 3, 3, 3, 3, 3, 3, 3, 3, 3, 3, 3, 3, 3, 3, 3, 3, 3, 3, 3, 3, 3, 3, 3, 3, 3, 3, 3, 3, 3, 3, 3, 3, 3, 3, 3, 3, 3, 3, 3, 3, 3, 3, 3, 3, 3, 3, 3, 3, 3, 3, 3, 3, 3, 3, 3, 3, 3, 3, 3, 3, 3, 3, 3, 3, 3, 3, 3, 3, 3, 3, 3, 3, 3, 3, 3, 3, 3, 3, 3, 3, 3, 3, 3, 3, 3, 3, 3, 3, 3, 3, 3, 3, 3, 3, 3, 3, 3, 3, 3, 3, 3, 3, 3, 3, 3, 3, 3, 3, 3, 3, 3, 3, 3, 3, 3, 3, 3, 3, 3, 3, 3, 3, 3, 3, 3, 3, 3, 3, 3, 3, 3, 3, 3, 3, 3, 3, 3, 3, 3, 3, 3, 3, 3, 3, 3, 3, 3, 3, 3, 3, 3, 3, 3, 3, 3, 3, 3, 3, 3, 3, 3, 3, 3, 3, 3, 3, 3, 3, 3, 3, 3, 3, 3, 3, 3, 3, 3, 3, 3, 3, 3, 3, 3, 3, 3, 3, 3, 3, 3, 3, 3, 3, 3, 3, 3, 3, 3, 3, 3, 3, 3, 3, 3, 3, 3, 3, 3, 3, 3, 3, 3, 3, 3, 3, 3, 3, 3, 3, 3, 3, 3, 3, 3, 3, 3, 3, 3, 3, 3, 3, 3, 3, 3, 3, 3, 3, 3, 3, 3, 3, 3, 3, 3, 3, 3, 3, 3, 3, 3, 3, 3, 3, 3, 3, 3, 3, 3, 3, 3, 3, 3, 3, 3, 3, 3, 3, 3, 3, 3, 3, 3, 3, 3, 3, 3, 3, 3, 3, 3, 3, 3, 3, 3, 3, 3, 3, 3, 3, 3, 3, 3, 3, 3, 3, 3, 3, 3, 3, 3, 3, 3, 3, 3, 3, 3, 3, 3, 3, 3, 3, 3, 3, 3, 3, 3, 3, 3, 3, 3, 3, 3, 3, 3, 3, 3, 3, 3, 3, 3, 3, 3, 3, 3, 3, 3, 3, 3, 3, 3, 3, 3, 3, 3, 3, 3, 3, 3, 3, 3, 3, 3, 3, 3, 3, 3, 3, 3, 3, 3, 3, 3, 3, 3, 3, 3, 3, 3, 3, 3, 3, 3, 3, 3, 3, 3, 3, 3, 3, 3, 3, 3, 3, 3, 3, 3, 3, 3, 3, 3, 3, 3, 3, 3, 3, 3, 3, 3, 3, 3, 3, 3, 3, 3, 3, 3, 3, 3, 3, 3, 3, 3, 3, 3, 3, 3, 3, 3, 3, 3, 3, 3, 3, 3, 3, 3, 3, 3, 3, 3, 3, 3, 3, 3, 3, 3, 3, 3, 3, 3, 3, 3, 3, 3, 3, 3, 3, 3, 3, 3, 3, 3, 3, 3, 3, 3, 3, 3, 3, 3, 3, 3, 3, 3, 3, 3, 3, 3, 3, 3, 3, 3, 3, 3, 3, 3, 3, 3, 3, 3, 3, 3, 3, 3, 3, 3, 3, 3, 3, 3, 3, 3, 3, 3, 3, 3, 3, 3, 3, 3, 3, 3, 3, 3, 3, 3, 3, 3, 3, 3, 3, 3, 3, 3, 3, 3, 3, 3, 3, 3, 3, 3, 3, 3, 3, 3, 3, 3, 3, 3, 3, 3, 3, 3, 3, 3, 3, 3, 3, 3, 3, 3, 3, 3, 3, 3, 3, 3, 3, 3, 3, 3, 3, 3, 3, 3, 3, 3, 3, 3, 3, 3, 3, 3, 3, 3, 3, 3, 3, 3, 3, 3, 3, 3, 3, 3, 3, 3, 3, 3, 3, 3, 3, 3, 3, 3, 3, 3, 3, 3, 3, 3, 3, 3, 3, 3, 3, 3, 3, 3, 3, 3, 3, 3, 3, 3, 3, 3, 3, 3, 3, 3, 3, 3, 3, 3, 3, 3, 3, 3, 3, 3, 3, 3, 3, 3, 3, 3, 3, 3, 3, 3, 3, 3, 3, 3, 3, 3, 3, 3, 3, 3, 3, 3, 3, 3, 3, 3, 3, 3, 3, 3, 3, 3, 3, 3, 3, 3, 3, 3, 3, 3, 3, 3, 3, 3, 3, 3, 3, 3, 3, 3, 3, 3, 3, 3, 3, 3, 3, 3, 3, 3, 3, 3, 3, 3, 3, 3, 3, 3, 3, 3, 3, 3, 3, 3, 3, 3, 3, 3, 3, 3, 3, 3, 3, 3, 3, 3, 3, 3, 3, 3, 3, 3, 3, 3, 3, 3, 3, 3, 3, 3, 3, 3, 3, 3, 3, 3, 3, 3, 3, 3, 3, 3, 3, 3, 3, 3, 3, 3, 3, 3, 3, 3, 3, 3, 3, 3, 3, 3, 3, 3, 3, 3, 3, 3, 3, 3, 3, 3, 3, 3, 3, 3, 3, 3, 3, 3, 3, 3, 3, 3, 3, 3, 3, 3, 3, 3, 3, 3, 3, 3, 3, 3, 3, 3, 3, 3, 3, 3, 3, 3, 3, 3, 3, 3, 3, 3, 3, 3, 3, 3, 3, 3, 3, 3, 3, 3, 3, 3, 3, 3, 3, 3, 3, 3, 3, 3, 3, 3, 3, 3, 3, 3, 3, 3, 3, 3, 3, 3, 3, 3, 3, 3, 3, 3, 3, 3, 3, 3, 3, 3, 3, 3, 3, 3, 3, 3, 3, 3, 3, 3, 3, 3, 3, 3, 3, 3, 3, 3, 3, 3, 3, 3, 3, 3, 3, 3, 3, 3, 3, 3, 3, 3, 3, 3, 3, 3, 3, 3, 3, 3, 3, 3, 3, 3, 3, 3, 3, 3, 3, 3, 3, 3, 3, 3, 3, 3, 3, 3, 3, 3, 3, 3, 3, 3, 3, 3, 3, 3, 3, 3, 3, 3, 3, 3, 3, 3, 3, 3, 3, 3, 3, 3, 3, 3, 3, 3, 3, 3, 3, 3, 3, 3, 3, 3, 3, 3, 3, 3, 3, 3, 3, 3, 3, 3, 3, 3, 3, 3, 3, 3, 3, 3, 3, 3, 3, 3, 3, 3, 3, 3, 3, 3, 3, 3, 3, 3, 3, 3, 3, 3, 3, 3, 3, 3, 3, 3, 3, 3, 3, 3, 3, 3, 3, 3, 3, 3, 3, 3, 3, 3, 3, 3, 3, 3, 3, 3, 3, 3, 3, 3, 3, 3, 3, 3, 3, 3, 3, 3, 3, 3, 3, 3, 3, 3, 3, 3, 3, 3, 3, 3, 3, 3, 3, 3, 3, 3, 3, 3, 3, 3, 3, 3, 3, 3, 3, 3, 3, 3, 3, 3, 3, 3, 3, 3, 3, 3, 3, 3, 3, 3, 3, 3, 3, 3, 3, 3, 3, 3, 3, 3, 3, 3, 3, 3, 3, 3, 3, 3, 3, 3, 3, 3, 3, 3, 3, 3, 3, 3, 3, 3, 3, 3, 3, 3, 3, 3, 3, 3, 3, 3, 3, 3, 3, 3, 3, 3, 3, 3, 3, 3, 3, 3, 3, 3, 3, 3, 3, 3, 3, 3, 3, 3, 3, 3, 3, 3, 3, 3, 3, 3, 3, 3, 3, 3, 3, 3, 3, 3, 3, 3, 3, 3, 3, 3, 3, 3, 3, 3, 3, 3, 3, 3, 3, 3, 3, 3, 3, 3, 3, 3, 3, 3, 3, 3, 3, 3, 3, 3, 3, 3, 3, 3, 3, 3, 3, 3, 3, 3, 3, 3, 3, 3, 3, 3, 3, 3, 3, 3, 3, 3, 3, 3, 3, 3, 3, 3, 3, 3, 3, 3, 3, 3, 3, 3, 3, 3, 3, 3, 3, 3, 3, 3, 3, 3, 3, 3, 3, 3, 3, 3, 3, 3, 3, 3, 3, 3, 3, 3, 3, 3, 3, 3, 3, 3, 3, 3, 3, 3, 3, 3, 3, 3, 3, 3, 3, 3, 3, 3, 3, 3, 3, 3, 3, 3, 3, 3, 3, 3, 3, 3, 3, 3, 3, 3, 3, 3, 3, 3, 3, 3, 3, 3, 3, 3, 3, 3, 3, 3, 3, 3, 3, 3, 3, 3, 3, 3, 3, 3, 3, 3, 3, 3, 3, 3, 3, 3, 3, 3, 3, 3, 3, 3, 3, 3, 3, 3, 3, 3, 3, 3, 3, 3, 3, 3, 3, 3, 3, 3, 3, 3, 3, 3, 3, 3, 3, 3, 3, 3, 3, 3, 3, 3, 3, 3, 3, 3, 3, 3, 3, 3, 3, 3, 3, 3, 3, 3, 3, 3, 3, 3, 3, 3, 3, 3, 3, 3, 3, 3, 3, 3, 3, 3, 3, 3, 3, 3, 3, 3, 3, 3, 3, 3, 3, 3, 3, 3, 3, 3, 3, 3, 3, 3, 3, 3, 3, 3, 3, 3, 3, 3, 3, 3, 3, 3, 3, 3, 3, 3, 3, 3, 3, 3, 3, 3, 3, 3, 3, 3, 3, 3, 3, 3, 3, 3, 3, 3, 3, 3, 3, 3, 3, 3, 3, 3, 3, 3, 3, 3, 3, 3, 3, 3, 3, 3, 3, 3, 3, 3, 3, 3, 3, 3, 3, 3, 3, 3, 3, 3, 3, 3, 3, 3, 3, 3, 3, 3, 3, 3, 3, 3, 3, 3, 3, 3, 3, 3, 3, 3, 3, 3, 3, 3, 3, 3, 3, 3, 3, 3, 3, 3, 3, 3, 3, 3, 3, 3, 3, 3, 3, 3, 3, 3, 3, 3, 3, 3, 3, 3, 3, 3, 3, 3, 3, 3, 3, 3, 3, 3, 3, 3, 3, 3, 3, 3, 3, 3, 3, 3, 3, 3, 3, 3, 3, 3, 3, 3, 3, 3, 3, 3, 3, 3, 3, 3, 3, 3, 3, 3, 3, 3, 3, 3, 3, 3, 3, 3, 3, 3, 3, 3, 3, 3, 3, 3, 3, 3, 3, 3, 3, 3, 3, 3, 3, 3, 3, 3, 3, 3, 3, 3, 3, 3, 3, 3, 3, 3, 3, 3, 3, 3, 3, 3, 3, 3, 3, 3, 3, 3, 3, 3, 3, 3, 3, 3, 3, 3, 3, 3, 3, 3, 3, 3, 3, 3, 3, 3, 3, 3, 3, 3, 3, 3, 3, 3, 3, 3, 3, 3, 3, 3, 3, 3, 3, 3, 3, 3, 3, 3, 3, 3, 3, 3, 3, 3, 3, 3, 3, 3, 3, 3, 3, 3, 3, 3, 3, 3, 3, 3, 3, 3, 3, 3, 3, 3, 3, 3, 3, 3, 3, 3, 3, 3, 3, 3, 3, 3, 3, 3, 3, 3, 3, 3, 3, 3, 3, 3, 3, 3, 3, 3, 3, 3, 3, 3, 3, 3, 3, 3, 3, 3, 3, 3, 3, 3, 3, 3, 3, 3, 3, 3, 3, 3, 3, 3, 3, 3, 3, 3, 3, 3, 3, 3, 3, 3, 3, 3, 3, 3, 3, 3, 3, 3, 3, 3, 3, 3, 3, 3, 3, 3, 3, 3, 3, 3, 3, 3, 3, 3, 3, 3, 3, 3, 3, 3, 3, 3, 3, 3, 3, 3, 3, 3, 3, 3, 3, 3, 3, 3, 3, 3, 3, 3, 3, 3, 3, 3, 3, 3, 3, 3, 3, 3, 3, 3, 3, 3, 3, 3, 3, 3, 3, 3, 3, 3, 3, 3, 3, 3, 3, 3, 3, 3, 3, 3, 3, 3, 3, 3, 3, 3, 3, 3, 3, 3, 3, 3, 3, 3, 3, 3, 3, 3, 3, 3, 3, 3, 3, 3, 3, 3, 3, 3, 3, 3, 3, 3, 3, 3, 3, 3, 3, 3, 3, 3, 3, 3, 3, 3, 3, 3, 3, 3, 3, 3, 3, 3, 3, 3, 3, 3, 3, 3, 3, 3, 3, 3, 3, 3, 3, 3, 3, 3, 3, 3, 3, 3, 3, 3, 3, 3, 3, 3, 3, 3, 3, 3, 3, 3, 3, 3, 3, 3, 3, 3, 3, 3, 3, 3, 3, 3, 3, 3, 3, 3, 3, 3, 3, 3, 3, 3, 3, 3, 3, 3, 3, 3, 3, 3, 3, 3, 3, 3, 3, 3, 3, 3, 3, 3, 3, 3, 3, 3, 3, 3, 3, 3, 3, 3, 3, 3, 3, 3, 3, 3, 3, 3, 3, 3, 3, 3, 3, 3, 3, 3, 3, 3, 3, 3, 3, 3, 3, 3, 3, 3, 3, 3, 3, 3, 3, 3, 3, 3, 3, 3, 3, 3, 3, 3, 3, 3, 3, 3, 3, 3, 3, 3, 3, 3, 3, 3, 3, 3, 3, 3, 3, 3, 3, 3, 3, 3, 3, 3, 3, 3, 3, 3, 3, 3, 3, 3, 3, 3, 3, 3, 3, 3, 3, 3, 3, 3, 3, 3, 3, 3, 3, 3, 3, 3, 3, 3, 3, 3, 3, 3, 3, 3, 3, 3, 3, 3, 3, 3, 3, 3, 3, 3, 3, 3, 3, 3, 3, 3, 3, 3, 3, 3, 3, 3, 3, 3, 3, 3, 3, 3, 3, 3, 3, 3, 3, 3, 3, 3, 3, 3, 3, 3, 3, 3, 3, 3, 3, 3, 3, 3, 3, 3, 3, 3, 3, 3, 3, 3, 3, 3, 3, 3, 3, 3, 3, 3, 3, 3, 3, 3, 3, 3, 3, 3, 3, 3, 3, 3, 3, 3, 3, 3, 3, 3, 3, 3, 3, 3, 3, 3, 3, 3, 3, 3, 3, 3, 3, 3, 3, 3, 3, 3, 3, 3, 3, 3, 3, 3, 3, 3, 3, 3, 3, 3, 3, 3, 3, 3, 3, 3, 3, 3, 3, 3, 3, 3, 3, 3, 3, 3, 3, 3, 3, 3, 3, 3, 3, 3, 3, 3, 3, 3, 3, 3, 3, 3, 3, 3, 3, 3, 3, 3, 3, 3, 3, 3, 3, 3, 3, 3, 3, 3, 3, 3, 3, 3, 3, 3, 3, 3, 3, 3, 3, 3, 3, 3, 3, 3, 3, 3, 3, 3, 3, 3, 3, 3, 3, 3, 3, 3, 3, 3, 3, 3, 3, 3, 3, 3, 3, 3, 3, 3, 3, 3, 3, 3, 3, 3, 3, 3, 3, 3, 3, 3, 3, 3, 3, 3, 3, 3, 3, 3, 3, 3, 3, 3, 3, 3, 3, 3, 3, 3, 3, 3, 3, 3, 3, 3, 3, 3, 3, 3, 3, 3, 3, 3, 3, 3, 3, 3, 3, 3, 3, 3, 3, 3, 3, 3, 3, 3, 3, 3, 3, 3, 3, 3, 3, 3, 3, 3, 3, 3, 3, 3, 3, 3, 3, 3, 3, 3, 3, 3, 3, 3, 3, 3, 3, 3, 3, 3, 3, 3, 3, 3, 3, 3, 3, 3, 3, 3, 3, 3, 3]
  int[] faceVertexIndices = [100, 101, 1, 100, 1, 0, 101, 102, 2, 101, 2, 1, 102, 103, 3, 102, 3, 2, 103, 104, 4, 103, 4, 3, 104, 105, 5, 104, 5, 4, 105, 106, 6, 105, 6, 5, 106, 107, 7, 106, 7, 6, 107, 108, 8, 107, 8, 7, 108, 109, 9, 108, 9, 8, 109, 110, 10, 109, 10, 9, 110, 111, 11, 110, 11, 10, 111, 112, 12, 111, 12, 11, 112, 113, 13, 112, 13, 12, 113, 114, 14, 113, 14, 13, 114, 115, 15, 114, 15, 14, 115, 116, 16, 115, 16, 15, 116, 117, 17, 116, 17, 16, 117, 118, 18, 117, 18, 17, 118, 119, 19, 118, 19, 18, 119, 120, 20, 119, 20, 19, 120, 121, 21, 120, 21, 20, 121, 122, 22, 121, 22, 21, 122, 123, 23, 122, 23, 22, 123, 124, 24, 123, 24, 23, 124, 125, 25, 124, 25, 24, 125, 126, 26, 125, 26, 25, 126, 127, 27, 126, 27, 26, 127, 128, 28, 127, 28, 27, 128, 129, 29, 128, 29, 28, 129, 130, 30, 129, 30, 29, 130, 131, 31, 130, 31, 30, 131, 132, 32, 131, 32, 31, 132, 133, 33, 132, 33, 32, 133, 134, 34, 133, 34, 33, 134, 135, 35, 134, 35, 34, 135, 136, 36, 135, 36, 35, 136, 137, 37, 136, 37, 36, 137, 138, 38, 137, 38, 37, 138, 139, 39, 138, 39, 38, 139, 140, 40, 139, 40, 39, 140, 141, 41, 140, 41, 40, 141, 142, 42, 141, 42, 41, 142, 143, 43, 142, 43, 42, 143, 144, 44, 143, 44, 43, 144, 145, 45, 144, 45, 44, 145, 146, 46, 145, 46, 45, 146, 147, 47, 146, 47, 46, 147, 148, 48, 147, 48, 47, 148, 149, 49, 148, 49, 48, 149, 150, 50, 149, 50, 49, 150, 151, 51, 150, 51, 50, 151, 152, 52, 151, 52, 51, 152, 153, 53, 152, 53, 52, 153, 154, 54, 153, 54, 53, 154, 155, 55, 154, 55, 54, 155, 156, 56, 155, 56, 55, 156, 157, 57, 156, 57, 56, 157, 158, 58, 157, 58, 57, 158, 159, 59, 158, 59, 58, 159, 160, 60, 159, 60, 59, 160, 161, 61, 160, 61, 60, 161, 162, 62, 161, 62, 61, 162, 163, 63, 162, 63, 62, 163, 164, 64, 163, 64, 63, 164, 165, 65, 164, 65, 64, 165, 166, 66, 165, 66, 65, 166, 167, 67, 166, 67, 66, 167, 168, 68, 167, 68, 67, 168, 169, 69, 168, 69, 68, 169, 170, 70, 169, 70, 69, 170, 171, 71, 170, 71, 70, 171, 172, 72, 171, 72, 71, 172, 173, 73, 172, 73, 72, 173, 174, 74, 173, 74, 73, 174, 175, 75, 174, 75, 74, 175, 176, 76, 175, 76, 75, 176, 177, 77, 176, 77, 76, 177, 178, 78, 177, 78, 77, 178, 179, 79, 178, 79, 78, 179, 180, 80, 179, 80, 79, 180, 181, 81, 180, 81, 80, 181, 182, 82, 181, 82, 81, 182, 183, 83, 182, 83, 82, 183, 184, 84, 183, 84, 83, 184, 185, 85, 184, 85, 84, 185, 186, 86, 185, 86, 85, 186, 187, 87, 186, 87, 86, 187, 188, 88, 187, 88, 87, 188, 189, 89, 188, 89, 88, 189, 190, 90, 189, 90, 89, 190, 191, 91, 190, 91, 90, 191, 192, 92, 191, 92, 91, 192, 193, 93, 192, 93, 92, 193, 194, 94, 193, 94, 93, 194, 195, 95, 194, 95, 94, 195, 196, 96, 195, 96, 95, 196, 197, 97, 196, 97, 96, 197, 198, 98, 197, 98, 97, 198, 199, 99, 198, 99, 98, 199, 100, 0, 199, 0, 99, 200, 201, 101, 200, 101, 100, 201, 202, 102, 201, 102, 101, 202, 203, 103, 202, 103, 102, 203, 204, 104, 203, 104, 103, 204, 205, 105, 204, 105, 104, 205, 206, 106, 205, 106, 105, 206, 207, 107, 206, 107, 106, 207, 208, 108, 207, 108, 107, 208, 209, 109, 208, 109, 108, 209, 210, 110, 209, 110, 109, 210, 211, 111, 210, 111, 110, 211, 212, 112, 211, 112, 111, 212, 213, 113, 212, 113, 112, 213, 214, 114, 213, 114, 113, 214, 215, 115, 214, 115, 114, 215, 216, 116, 215, 116, 115, 216, 217, 117, 216, 117, 116, 217, 218, 118, 217, 118, 117, 218, 219, 119, 218, 119, 118, 219, 220, 120, 219, 120, 119, 220, 221, 121, 220, 121, 120, 221, 222, 122, 221, 122, 121, 222, 223, 123, 222, 123, 122, 223, 224, 124, 223, 124, 123, 224, 225, 125, 224, 125, 124, 225, 226, 126, 225, 126, 125, 226, 227, 127, 226, 127, 126, 227, 228, 128, 227, 128, 127, 228, 229, 129, 228, 129, 128, 229, 230, 130, 229, 130, 129, 230, 231, 131, 230, 131, 130, 231, 232, 132, 231, 132, 131, 232, 233, 133, 232, 133, 132, 233, 234, 134, 233, 134, 133, 234, 235, 135, 234, 135, 134, 235, 236, 136, 235, 136, 135, 236, 237, 137, 236, 137, 136, 237, 238, 138, 237, 138, 137, 238, 239, 139, 238, 139, 138, 239, 240, 140, 239, 140, 139, 240, 241, 141, 240, 141, 140, 241, 242, 142, 241, 142, 141, 242, 243, 143, 242, 143, 142, 243, 244, 144, 243, 144, 143, 244, 245, 145, 244, 145, 144, 245, 246, 146, 245, 146, 145, 246, 247, 147, 246, 147, 146, 247, 248, 148, 247, 148, 147, 248, 249, 149, 248, 149, 148, 249, 250, 150, 249, 150, 149, 250, 251, 151, 250, 151, 150, 251, 252, 152, 251, 152, 151, 252, 253, 153, 252, 153, 152, 253, 254, 154, 253, 154, 153, 254, 255, 155, 254, 155, 154, 255, 256, 156, 255, 156, 155, 256, 257, 157, 256, 157, 156, 257, 258, 158, 257, 158, 157, 258, 259, 159, 258, 159, 158, 259, 260, 160, 259, 160, 159, 260, 261, 161, 260, 161, 160, 261, 262, 162, 261, 162, 161, 262, 263, 163, 262, 163, 162, 263, 264, 164, 263, 164, 163, 264, 265, 165, 264, 165, 164, 265, 266, 166, 265, 166, 165, 266, 267, 167, 266, 167, 166, 267, 268, 168, 267, 168, 167, 268, 269, 169, 268, 169, 168, 269, 270, 170, 269, 170, 169, 270, 271, 171, 270, 171, 170, 271, 272, 172, 271, 172, 171, 272, 273, 173, 272, 173, 172, 273, 274, 174, 273, 174, 173, 274, 275, 175, 274, 175, 174, 275, 276, 176, 275, 176, 175, 276, 277, 177, 276, 177, 176, 277, 278, 178, 277, 178, 177, 278, 279, 179, 278, 179, 178, 279, 280, 180, 279, 180, 179, 280, 281, 181, 280, 181, 180, 281, 282, 182, 281, 182, 181, 282, 283, 183, 282, 183, 182, 283, 284, 184, 283, 184, 183, 284, 285, 185, 284, 185, 184, 285, 286, 186, 285, 186, 185, 286, 287, 187, 286, 187, 186, 287, 288, 188, 287, 188, 187, 288, 289, 189, 288, 189, 188, 289, 290, 190, 289, 190, 189, 290, 291, 191, 290, 191, 190, 291, 292, 192, 291, 192, 191, 292, 293, 193, 292, 193, 192, 293, 294, 194, 293, 194, 193, 294, 295, 195, 294, 195, 194, 295, 296, 196, 295, 196, 195, 296, 297, 197, 296, 197, 196, 297, 298, 198, 297, 198, 197, 298, 299, 199, 298, 199, 198, 299, 200, 100, 299, 100, 199, 300, 301, 201, 300, 201, 200, 301, 302, 202, 301, 202, 201, 302, 303, 203, 302, 203, 202, 303, 304, 204, 303, 204, 203, 304, 305, 205, 304, 205, 204, 305, 306, 206, 305, 206, 205, 306, 307, 207, 306, 207, 206, 307, 308, 208, 307, 208, 207, 308, 309, 209, 308, 209, 208, 309, 310, 210, 309, 210, 209, 310, 311, 211, 310, 211, 210, 311, 312, 212, 311, 212, 211, 312, 313, 213, 312, 213, 212, 313, 314, 214, 313, 214, 213, 314, 315, 215, 314, 215, 214, 315, 316, 216, 315, 216, 215, 316, 317, 217, 316, 217, 216, 317, 318, 218, 317, 218, 217, 318, 319, 219, 318, 219, 218, 319, 320, 220, 319, 220, 219, 320, 321, 221, 320, 221, 220, 321, 322, 222, 321, 222, 221, 322, 323, 223, 322, 223, 222, 323, 324, 224, 323, 224, 223, 324, 325, 225, 324, 225, 224, 325, 326, 226, 325, 226, 225, 326, 327, 227, 326, 227, 226, 327, 328, 228, 327, 228, 227, 328, 329, 229, 328, 229, 228, 329, 330, 230, 329, 230, 229, 330, 331, 231, 330, 231, 230, 331, 332, 232, 331, 232, 231, 332, 333, 233, 332, 233, 232, 333, 334, 234, 333, 234, 233, 334, 335, 235, 334, 235, 234, 335, 336, 236, 335, 236, 235, 336, 337, 237, 336, 237, 236, 337, 338, 238, 337, 238, 237, 338, 339, 239, 338, 239, 238, 339, 340, 240, 339, 240, 239, 340, 341, 241, 340, 241, 240, 341, 342, 242, 341, 242, 241, 342, 343, 243, 342, 243, 242, 343, 344, 244, 343, 244, 243, 344, 345, 245, 344, 245, 244, 345, 346, 246, 345, 246, 245, 346, 347, 247, 346, 247, 246, 347, 348, 248, 347, 248, 247, 348, 349, 249, 348, 249, 248, 349, 350, 250, 349, 250, 249, 350, 351, 251, 350, 251, 250, 351, 352, 252, 351, 252, 251, 352, 353, 253, 352, 253, 252, 353, 354, 254, 353, 254, 253, 354, 355, 255, 354, 255, 254, 355, 356, 256, 355, 256, 255, 356, 357, 257, 356, 257, 256, 357, 358, 258, 357, 258, 257, 358, 359, 259, 358, 259, 258, 359, 360, 260, 359, 260, 259, 360, 361, 261, 360, 261, 260, 361, 362, 262, 361, 262, 261, 362, 363, 263, 362, 263, 262, 363, 364, 264, 363, 264, 263, 364, 365, 265, 364, 265, 264, 365, 366, 266, 365, 266, 265, 366, 367, 267, 366, 267, 266, 367, 368, 268, 367, 268, 267, 368, 369, 269, 368, 269, 268, 369, 370, 270, 369, 270, 269, 370, 371, 271, 370, 271, 270, 371, 372, 272, 371, 272, 271, 372, 373, 273, 372, 273, 272, 373, 374, 274, 373, 274, 273, 374, 375, 275, 374, 275, 274, 375, 376, 276, 375, 276, 275, 376, 377, 277, 376, 277, 276, 377, 378, 278, 377, 278, 277, 378, 379, 279, 378, 279, 278, 379, 380, 280, 379, 280, 279, 380, 381, 281, 380, 281, 280, 381, 382, 282, 381, 282, 281, 382, 383, 283, 382, 283, 282, 383, 384, 284, 383, 284, 283, 384, 385, 285, 384, 285, 284, 385, 386, 286, 385, 286, 285, 386, 387, 287, 386, 287, 286, 387, 388, 288, 387, 288, 287, 388, 389, 289, 388, 289, 288, 389, 390, 290, 389, 290, 289, 390, 391, 291, 390, 291, 290, 391, 392, 292, 391, 292, 291, 392, 393, 293, 392, 293, 292, 393, 394, 294, 393, 294, 293, 394, 395, 295, 394, 295, 294, 395, 396, 296, 395, 296, 295, 396, 397, 297, 396, 297, 296, 397, 398, 298, 397, 298, 297, 398, 399, 299, 398, 299, 298, 399, 300, 200, 399, 200, 299, 400, 401, 301, 400, 301, 300, 401, 402, 302, 401, 302, 301, 402, 403, 303, 402, 303, 302, 403, 404, 304, 403, 304, 303, 404, 405, 305, 404, 305, 304, 405, 406, 306, 405, 306, 305, 406, 407, 307, 406, 307, 306, 407, 408, 308, 407, 308, 307, 408, 409, 309, 408, 309, 308, 409, 410, 310, 409, 310, 309, 410, 411, 311, 410, 311, 310, 411, 412, 312, 411, 312, 311, 412, 413, 313, 412, 313, 312, 413, 414, 314, 413, 314, 313, 414, 415, 315, 414, 315, 314, 415, 416, 316, 415, 316, 315, 416, 417, 317, 416, 317, 316, 417, 418, 318, 417, 318, 317, 418, 419, 319, 418, 319, 318, 419, 420, 320, 419, 320, 319, 420, 421, 321, 420, 321, 320, 421, 422, 322, 421, 322, 321, 422, 423, 323, 422, 323, 322, 423, 424, 324, 423, 324, 323, 424, 425, 325, 424, 325, 324, 425, 426, 326, 425, 326, 325, 426, 427, 327, 426, 327, 326, 427, 428, 328, 427, 328, 327, 428, 429, 329, 428, 329, 328, 429, 430, 330, 429, 330, 329, 430, 431, 331, 430, 331, 330, 431, 432, 332, 431, 332, 331, 432, 433, 333, 432, 333, 332, 433, 434, 334, 433, 334, 333, 434, 435, 335, 434, 335, 334, 435, 436, 336, 435, 336, 335, 436, 437, 337, 436, 337, 336, 437, 438, 338, 437, 338, 337, 438, 439, 339, 438, 339, 338, 439, 440, 340, 439, 340, 339, 440, 441, 341, 440, 341, 340, 441, 442, 342, 441, 342, 341, 442, 443, 343, 442, 343, 342, 443, 444, 344, 443, 344, 343, 444, 445, 345, 444, 345, 344, 445, 446, 346, 445, 346, 345, 446, 447, 347, 446, 347, 346, 447, 448, 348, 447, 348, 347, 448, 449, 349, 448, 349, 348, 449, 450, 350, 449, 350, 349, 450, 451, 351, 450, 351, 350, 451, 452, 352, 451, 352, 351, 452, 453, 353, 452, 353, 352, 453, 454, 354, 453, 354, 353, 454, 455, 355, 454, 355, 354, 455, 456, 356, 455, 356, 355, 456, 457, 357, 456, 357, 356, 457, 458, 358, 457, 358, 357, 458, 459, 359, 458, 359, 358, 459, 460, 360, 459, 360, 359, 460, 461, 361, 460, 361, 360, 461, 462, 362, 461, 362, 361, 462, 463, 363, 462, 363, 362, 463, 464, 364, 463, 364, 363, 464, 465, 365, 464, 365, 364, 465, 466, 366, 465, 366, 365, 466, 467, 367, 466, 367, 366, 467, 468, 368, 467, 368, 367, 468, 469, 369, 468, 369, 368, 469, 470, 370, 469, 370, 369, 470, 471, 371, 470, 371, 370, 471, 472, 372, 471, 372, 371, 472, 473, 373, 472, 373, 372, 473, 474, 374, 473, 374, 373, 474, 475, 375, 474, 375, 374, 475, 476, 376, 475, 376, 375, 476, 477, 377, 476, 377, 376, 477, 478, 378, 477, 378, 377, 478, 479, 379, 478, 379, 378, 479, 480, 380, 479, 380, 379, 480, 481, 381, 480, 381, 380, 481, 482, 382, 481, 382, 381, 482, 483, 383, 482, 383, 382, 483, 484, 384, 483, 384, 383, 484, 485, 385, 484, 385, 384, 485, 486, 386, 485, 386, 385, 486, 487, 387, 486, 387, 386, 487, 488, 388, 487, 388, 387, 488, 489, 389, 488, 389, 388, 489, 490, 390, 489, 390, 389, 490, 491, 391, 490, 391, 390, 491, 492, 392, 491, 392, 391, 492, 493, 393, 492, 393, 392, 493, 494, 394, 493, 394, 393, 494, 495, 395, 494, 395, 394, 495, 496, 396, 495, 396, 395, 496, 497, 397, 496, 397, 396, 497, 498, 398, 497, 398, 397, 498, 499, 399, 498, 399, 398, 499, 400, 300, 499, 300, 399, 500, 501, 401, 500, 401, 400, 501, 502, 402, 501, 402, 401, 502, 503, 403, 502, 403, 402, 503, 504, 404, 503, 404, 403, 504, 505, 405, 504, 405, 404, 505, 506, 406, 505, 406, 405, 506, 507, 407, 506, 407, 406, 507, 508, 408, 507, 408, 407, 508, 509, 409, 508, 409, 408, 509, 510, 410, 509, 410, 409, 510, 511, 411, 510, 411, 410, 511, 512, 412, 511, 412, 411, 512, 513, 413, 512, 413, 412, 513, 514, 414, 513, 414, 413, 514, 515, 415, 514, 415, 414, 515, 516, 416, 515, 416, 415, 516, 517, 417, 516, 417, 416, 517, 518, 418, 517, 418, 417, 518, 519, 419, 518, 419, 418, 519, 520, 420, 519, 420, 419, 520, 521, 421, 520, 421, 420, 521, 522, 422, 521, 422, 421, 522, 523, 423, 522, 423, 422, 523, 524, 424, 523, 424, 423, 524, 525, 425, 524, 425, 424, 525, 526, 426, 525, 426, 425, 526, 527, 427, 526, 427, 426, 527, 528, 428, 527, 428, 427, 528, 529, 429, 528, 429, 428, 529, 530, 430, 529, 430, 429, 530, 531, 431, 530, 431, 430, 531, 532, 432, 531, 432, 431, 532, 533, 433, 532, 433, 432, 533, 534, 434, 533, 434, 433, 534, 535, 435, 534, 435, 434, 535, 536, 436, 535, 436, 435, 536, 537, 437, 536, 437, 436, 537, 538, 438, 537, 438, 437, 538, 539, 439, 538, 439, 438, 539, 540, 440, 539, 440, 439, 540, 541, 441, 540, 441, 440, 541, 542, 442, 541, 442, 441, 542, 543, 443, 542, 443, 442, 543, 544, 444, 543, 444, 443, 544, 545, 445, 544, 445, 444, 545, 546, 446, 545, 446, 445, 546, 547, 447, 546, 447, 446, 547, 548, 448, 547, 448, 447, 548, 549, 449, 548, 449, 448, 549, 550, 450, 549, 450, 449, 550, 551, 451, 550, 451, 450, 551, 552, 452, 551, 452, 451, 552, 553, 453, 552, 453, 452, 553, 554, 454, 553, 454, 453, 554, 555, 455, 554, 455, 454, 555, 556, 456, 555, 456, 455, 556, 557, 457, 556, 457, 456, 557, 558, 458, 557, 458, 457, 558, 559, 459, 558, 459, 458, 559, 560, 460, 559, 460, 459, 560, 561, 461, 560, 461, 460, 561, 562, 462, 561, 462, 461, 562, 563, 463, 562, 463, 462, 563, 564, 464, 563, 464, 463, 564, 565, 465, 564, 465, 464, 565, 566, 466, 565, 466, 465, 566, 567, 467, 566, 467, 466, 567, 568, 468, 567, 468, 467, 568, 569, 469, 568, 469, 468, 569, 570, 470, 569, 470, 469, 570, 571, 471, 570, 471, 470, 571, 572, 472, 571, 472, 471, 572, 573, 473, 572, 473, 472, 573, 574, 474, 573, 474, 473, 574, 575, 475, 574, 475, 474, 575, 576, 476, 575, 476, 475, 576, 577, 477, 576, 477, 476, 577, 578, 478, 577, 478, 477, 578, 579, 479, 578, 479, 478, 579, 580, 480, 579, 480, 479, 580, 581, 481, 580, 481, 480, 581, 582, 482, 581, 482, 481, 582, 583, 483, 582, 483, 482, 583, 584, 484, 583, 484, 483, 584, 585, 485, 584, 485, 484, 585, 586, 486, 585, 486, 485, 586, 587, 487, 586, 487, 486, 587, 588, 488, 587, 488, 487, 588, 589, 489, 588, 489, 488, 589, 590, 490, 589, 490, 489, 590, 591, 491, 590, 491, 490, 591, 592, 492, 591, 492, 491, 592, 593, 493, 592, 493, 492, 593, 594, 494, 593, 494, 493, 594, 595, 495, 594, 495, 494, 595, 596, 496, 595, 496, 495, 596, 597, 497, 596, 497, 496, 597, 598, 498, 597, 498, 497, 598, 599, 499, 598, 499, 498, 599, 500, 400, 599, 400, 499, 600, 601, 501, 600, 501, 500, 601, 602, 502, 601, 502, 501, 602, 603, 503, 602, 503, 502, 603, 604, 504, 603, 504, 503, 604, 605, 505, 604, 505, 504, 605, 606, 506, 605, 506, 505, 606, 607, 507, 606, 507, 506, 607, 608, 508, 607, 508, 507, 608, 609, 509, 608, 509, 508, 609, 610, 510, 609, 510, 509, 610, 611, 511, 610, 511, 510, 611, 612, 512, 611, 512, 511, 612, 613, 513, 612, 513, 512, 613, 614, 514, 613, 514, 513, 614, 615, 515, 614, 515, 514, 615, 616, 516, 615, 516, 515, 616, 617, 517, 616, 517, 516, 617, 618, 518, 617, 518, 517, 618, 619, 519, 618, 519, 518, 619, 620, 520, 619, 520, 519, 620, 621, 521, 620, 521, 520, 621, 622, 522, 621, 522, 521, 622, 623, 523, 622, 523, 522, 623, 624, 524, 623, 524, 523, 624, 625, 525, 624, 525, 524, 625, 626, 526, 625, 526, 525, 626, 627, 527, 626, 527, 526, 627, 628, 528, 627, 528, 527, 628, 629, 529, 628, 529, 528, 629, 630, 530, 629, 530, 529, 630, 631, 531, 630, 531, 530, 631, 632, 532, 631, 532, 531, 632, 633, 533, 632, 533, 532, 633, 634, 534, 633, 534, 533, 634, 635, 535, 634, 535, 534, 635, 636, 536, 635, 536, 535, 636, 637, 537, 636, 537, 536, 637, 638, 538, 637, 538, 537, 638, 639, 539, 638, 539, 538, 639, 640, 540, 639, 540, 539, 640, 641, 541, 640, 541, 540, 641, 642, 542, 641, 542, 541, 642, 643, 543, 642, 543, 542, 643, 644, 544, 643, 544, 543, 644, 645, 545, 644, 545, 544, 645, 646, 546, 645, 546, 545, 646, 647, 547, 646, 547, 546, 647, 648, 548, 647, 548, 547, 648, 649, 549, 648, 549, 548, 649, 650, 550, 649, 550, 549, 650, 651, 551, 650, 551, 550, 651, 652, 552, 651, 552, 551, 652, 653, 553, 652, 553, 552, 653, 654, 554, 653, 554, 553, 654, 655, 555, 654, 555, 554, 655, 656, 556, 655, 556, 555, 656, 657, 557, 656, 557, 556, 657, 658, 558, 657, 558, 557, 658, 659, 559, 658, 559, 558, 659, 660, 560, 659, 560, 559, 660, 661, 561, 660, 561, 560, 661, 662, 562, 661, 562, 561, 662, 663, 563, 662, 563, 562, 663, 664, 564, 663, 564, 563, 664, 665, 565, 664, 565, 564, 665, 666, 566, 665, 566, 565, 666, 667, 567, 666, 567, 566, 667, 668, 568, 667, 568, 567, 668, 669, 569, 668, 569, 568, 669, 670, 570, 669, 570, 569, 670, 671, 571, 670, 571, 570, 671, 672, 572, 671, 572, 571, 672, 673, 573, 672, 573, 572, 673, 674, 574, 673, 574, 573, 674, 675, 575, 674, 575, 574, 675, 676, 576, 675, 576, 575, 676, 677, 577, 676, 577, 576, 677, 678, 578, 677, 578, 577, 678, 679, 579, 678, 579, 578, 679, 680, 580, 679, 580, 579, 680, 681, 581, 680, 581, 580, 681, 682, 582, 681, 582, 581, 682, 683, 583, 682, 583, 582, 683, 684, 584, 683, 584, 583, 684, 685, 585, 684, 585, 584, 685, 686, 586, 685, 586, 585, 686, 687, 587, 686, 587, 586, 687, 688, 588, 687, 588, 587, 688, 689, 589, 688, 589, 588, 689, 690, 590, 689, 590, 589, 690, 691, 591, 690, 591, 590, 691, 692, 592, 691, 592, 591, 692, 693, 593, 692, 593, 592, 693, 694, 594, 693, 594, 593, 694, 695, 595, 694, 595, 594, 695, 696, 596, 695, 596, 595, 696, 697, 597, 696, 597, 596, 697, 698, 598, 697, 598, 597, 698, 699, 599, 698, 599, 598, 699, 600, 500, 699, 500, 599, 700, 701, 601, 700, 601, 600, 701, 702, 602, 701, 602, 601, 702, 703, 603, 702, 603, 602, 703, 704, 604, 703, 604, 603, 704, 705, 605, 704, 605, 604, 705, 706, 606, 705, 606, 605, 706, 707, 607, 706, 607, 606, 707, 708, 608, 707, 608, 607, 708, 709, 609, 708, 609, 608, 709, 710, 610, 709, 610, 609, 710, 711, 611, 710, 611, 610, 711, 712, 612, 711, 612, 611, 712, 713, 613, 712, 613, 612, 713, 714, 614, 713, 614, 613, 714, 715, 615, 714, 615, 614, 715, 716, 616, 715, 616, 615, 716, 717, 617, 716, 617, 616, 717, 718, 618, 717, 618, 617, 718, 719, 619, 718, 619, 618, 719, 720, 620, 719, 620, 619, 720, 721, 621, 720, 621, 620, 721, 722, 622, 721, 622, 621, 722, 723, 623, 722, 623, 622, 723, 724, 624, 723, 624, 623, 724, 725, 625, 724, 625, 624, 725, 726, 626, 725, 626, 625, 726, 727, 627, 726, 627, 626, 727, 728, 628, 727, 628, 627, 728, 729, 629, 728, 629, 628, 729, 730, 630, 729, 630, 629, 730, 731, 631, 730, 631, 630, 731, 732, 632, 731, 632, 631, 732, 733, 633, 732, 633, 632, 733, 734, 634, 733, 634, 633, 734, 735, 635, 734, 635, 634, 735, 736, 636, 735, 636, 635, 736, 737, 637, 736, 637, 636, 737, 738, 638, 737, 638, 637, 738, 739, 639, 738, 639, 638, 739, 740, 640, 739, 640, 639, 740, 741, 641, 740, 641, 640, 741, 742, 642, 741, 642, 641, 742, 743, 643, 742, 643, 642, 743, 744, 644, 743, 644, 643, 744, 745, 645, 744, 645, 644, 745, 746, 646, 745, 646, 645, 746, 747, 647, 746, 647, 646, 747, 748, 648, 747, 648, 647, 748, 749, 649, 748, 649, 648, 749, 750, 650, 749, 650, 649, 750, 751, 651, 750, 651, 650, 751, 752, 652, 751, 652, 651, 752, 753, 653, 752, 653, 652, 753, 754, 654, 753, 654, 653, 754, 755, 655, 754, 655, 654, 755, 756, 656, 755, 656, 655, 756, 757, 657, 756, 657, 656, 757, 758, 658, 757, 658, 657, 758, 759, 659, 758, 659, 658, 759, 760, 660, 759, 660, 659, 760, 761, 661, 760, 661, 660, 761, 762, 662, 761, 662, 661, 762, 763, 663, 762, 663, 662, 763, 764, 664, 763, 664, 663, 764, 765, 665, 764, 665, 664, 765, 766, 666, 765, 666, 665, 766, 767, 667, 766, 667, 666, 767, 768, 668, 767, 668, 667, 768, 769, 669, 768, 669, 668, 769, 770, 670, 769, 670, 669, 770, 771, 671, 770, 671, 670, 771, 772, 672, 771, 672, 671, 772, 773, 673, 772, 673, 672, 773, 774, 674, 773, 674, 673, 774, 775, 675, 774, 675, 674, 775, 776, 676, 775, 676, 675, 776, 777, 677, 776, 677, 676, 777, 778, 678, 777, 678, 677, 778, 779, 679, 778, 679, 678, 779, 780, 680, 779, 680, 679, 780, 781, 681, 780, 681, 680, 781, 782, 682, 781, 682, 681, 782, 783, 683, 782, 683, 682, 783, 784, 684, 783, 684, 683, 784, 785, 685, 784, 685, 684, 785, 786, 686, 785, 686, 685, 786, 787, 687, 786, 687, 686, 787, 788, 688, 787, 688, 687, 788, 789, 689, 788, 689, 688, 789, 790, 690, 789, 690, 689, 790, 791, 691, 790, 691, 690, 791, 792, 692, 791, 692, 691, 792, 793, 693, 792, 693, 692, 793, 794, 694, 793, 694, 693, 794, 795, 695, 794, 695, 694, 795, 796, 696, 795, 696, 695, 796, 797, 697, 796, 697, 696, 797, 798, 698, 797, 698, 697, 798, 799, 699, 798, 699, 698, 799, 700, 600, 799, 600, 699, 800, 801, 701, 800, 701, 700, 801, 802, 702, 801, 702, 701, 802, 803, 703, 802, 703, 702, 803, 804, 704, 803, 704, 703, 804, 805, 705, 804, 705, 704, 805, 806, 706, 805, 706, 705, 806, 807, 707, 806, 707, 706, 807, 808, 708, 807, 708, 707, 808, 809, 709, 808, 709, 708, 809, 810, 710, 809, 710, 709, 810, 811, 711, 810, 711, 710, 811, 812, 712, 811, 712, 711, 812, 813, 713, 812, 713, 712, 813, 814, 714, 813, 714, 713, 814, 815, 715, 814, 715, 714, 815, 816, 716, 815, 716, 715, 816, 817, 717, 816, 717, 716, 817, 818, 718, 817, 718, 717, 818, 819, 719, 818, 719, 718, 819, 820, 720, 819, 720, 719, 820, 821, 721, 820, 721, 720, 821, 822, 722, 821, 722, 721, 822, 823, 723, 822, 723, 722, 823, 824, 724, 823, 724, 723, 824, 825, 725, 824, 725, 724, 825, 826, 726, 825, 726, 725, 826, 827, 727, 826, 727, 726, 827, 828, 728, 827, 728, 727, 828, 829, 729, 828, 729, 728, 829, 830, 730, 829, 730, 729, 830, 831, 731, 830, 731, 730, 831, 832, 732, 831, 732, 731, 832, 833, 733, 832, 733, 732, 833, 834, 734, 833, 734, 733, 834, 835, 735, 834, 735, 734, 835, 836, 736, 835, 736, 735, 836, 837, 737, 836, 737, 736, 837, 838, 738, 837, 738, 737, 838, 839, 739, 838, 739, 738, 839, 840, 740, 839, 740, 739, 840, 841, 741, 840, 741, 740, 841, 842, 742, 841, 742, 741, 842, 843, 743, 842, 743, 742, 843, 844, 744, 843, 744, 743, 844, 845, 745, 844, 745, 744, 845, 846, 746, 845, 746, 745, 846, 847, 747, 846, 747, 746, 847, 848, 748, 847, 748, 747, 848, 849, 749, 848, 749, 748, 849, 850, 750, 849, 750, 749, 850, 851, 751, 850, 751, 750, 851, 852, 752, 851, 752, 751, 852, 853, 753, 852, 753, 752, 853, 854, 754, 853, 754, 753, 854, 855, 755, 854, 755, 754, 855, 856, 756, 855, 756, 755, 856, 857, 757, 856, 757, 756, 857, 858, 758, 857, 758, 757, 858, 859, 759, 858, 759, 758, 859, 860, 760, 859, 760, 759, 860, 861, 761, 860, 761, 760, 861, 862, 762, 861, 762, 761, 862, 863, 763, 862, 763, 762, 863, 864, 764, 863, 764, 763, 864, 865, 765, 864, 765, 764, 865, 866, 766, 865, 766, 765, 866, 867, 767, 866, 767, 766, 867, 868, 768, 867, 768, 767, 868, 869, 769, 868, 769, 768, 869, 870, 770, 869, 770, 769, 870, 871, 771, 870, 771, 770, 871, 872, 772, 871, 772, 771, 872, 873, 773, 872, 773, 772, 873, 874, 774, 873, 774, 773, 874, 875, 775, 874, 775, 774, 875, 876, 776, 875, 776, 775, 876, 877, 777, 876, 777, 776, 877, 878, 778, 877, 778, 777, 878, 879, 779, 878, 779, 778, 879, 880, 780, 879, 780, 779, 880, 881, 781, 880, 781, 780, 881, 882, 782, 881, 782, 781, 882, 883, 783, 882, 783, 782, 883, 884, 784, 883, 784, 783, 884, 885, 785, 884, 785, 784, 885, 886, 786, 885, 786, 785, 886, 887, 787, 886, 787, 786, 887, 888, 788, 887, 788, 787, 888, 889, 789, 888, 789, 788, 889, 890, 790, 889, 790, 789, 890, 891, 791, 890, 791, 790, 891, 892, 792, 891, 792, 791, 892, 893, 793, 892, 793, 792, 893, 894, 794, 893, 794, 793, 894, 895, 795, 894, 795, 794, 895, 896, 796, 895, 796, 795, 896, 897, 797, 896, 797, 796, 897, 898, 798, 897, 798, 797, 898, 899, 799, 898, 799, 798, 899, 800, 700, 899, 700, 799, 900, 901, 801, 900, 801, 800, 901, 902, 802, 901, 802, 801, 902, 903, 803, 902, 803, 802, 903, 904, 804, 903, 804, 803, 904, 905, 805, 904, 805, 804, 905, 906, 806, 905, 806, 805, 906, 907, 807, 906, 807, 806, 907, 908, 808, 907, 808, 807, 908, 909, 809, 908, 809, 808, 909, 910, 810, 909, 810, 809, 910, 911, 811, 910, 811, 810, 911, 912, 812, 911, 812, 811, 912, 913, 813, 912, 813, 812, 913, 914, 814, 913, 814, 813, 914, 915, 815, 914, 815, 814, 915, 916, 816, 915, 816, 815, 916, 917, 817, 916, 817, 816, 917, 918, 818, 917, 818, 817, 918, 919, 819, 918, 819, 818, 919, 920, 820, 919, 820, 819, 920, 921, 821, 920, 821, 820, 921, 922, 822, 921, 822, 821, 922, 923, 823, 922, 823, 822, 923, 924, 824, 923, 824, 823, 924, 925, 825, 924, 825, 824, 925, 926, 826, 925, 826, 825, 926, 927, 827, 926, 827, 826, 927, 928, 828, 927, 828, 827, 928, 929, 829, 928, 829, 828, 929, 930, 830, 929, 830, 829, 930, 931, 831, 930, 831, 830, 931, 932, 832, 931, 832, 831, 932, 933, 833, 932, 833, 832, 933, 934, 834, 933, 834, 833, 934, 935, 835, 934, 835, 834, 935, 936, 836, 935, 836, 835, 936, 937, 837, 936, 837, 836, 937, 938, 838, 937, 838, 837, 938, 939, 839, 938, 839, 838, 939, 940, 840, 939, 840, 839, 940, 941, 841, 940, 841, 840, 941, 942, 842, 941, 842, 841, 942, 943, 843, 942, 843, 842, 943, 944, 844, 943, 844, 843, 944, 945, 845, 944, 845, 844, 945, 946, 846, 945, 846, 845, 946, 947, 847, 946, 847, 846, 947, 948, 848, 947, 848, 847, 948, 949, 849, 948, 849, 848, 949, 950, 850, 949, 850, 849, 950, 951, 851, 950, 851, 850, 951, 952, 852, 951, 852, 851, 952, 953, 853, 952, 853, 852, 953, 954, 854, 953, 854, 853, 954, 955, 855, 954, 855, 854, 955, 956, 856, 955, 856, 855, 956, 957, 857, 956, 857, 856, 957, 958, 858, 957, 858, 857, 958, 959, 859, 958, 859, 858, 959, 960, 860, 959, 860, 859, 960, 961, 861, 960, 861, 860, 961, 962, 862, 961, 862, 861, 962, 963, 863, 962, 863, 862, 963, 964, 864, 963, 864, 863, 964, 965, 865, 964, 865, 864, 965, 966, 866, 965, 866, 865, 966, 967, 867, 966, 867, 866, 967, 968, 868, 967, 868, 867, 968, 969, 869, 968, 869, 868, 969, 970, 870, 969, 870, 869, 970, 971, 871, 970, 871, 870, 971, 972, 872, 971, 872, 871, 972, 973, 873, 972, 873, 872, 973, 974, 874, 973, 874, 873, 974, 975, 875, 974, 875, 874, 975, 976, 876, 975, 876, 875, 976, 977, 877, 976, 877, 876, 977, 978, 878, 977, 878, 877, 978, 979, 879, 978, 879, 878, 979, 980, 880, 979, 880, 879, 980, 981, 881, 980, 881, 880, 981, 982, 882, 981, 882, 881, 982, 983, 883, 982, 883, 882, 983, 984, 884, 983, 884, 883, 984, 985, 885, 984, 885, 884, 985, 986, 886, 985, 886, 885, 986, 987, 887, 986, 887, 886, 987, 988, 888, 987, 888, 887, 988, 989, 889, 988, 889, 888, 989, 990, 890, 989, 890, 889, 990, 991, 891, 990, 891, 890, 991, 992, 892, 991, 892, 891, 992, 993, 893, 992, 893, 892, 993, 994, 894, 993, 894, 893, 994, 995, 895, 994, 895, 894, 995, 996, 896, 995, 896, 895, 996, 997, 897, 996, 897, 896, 997, 998, 898, 997, 898, 897, 998, 999, 899, 998, 899, 898, 999, 900, 800, 999, 800, 899, 1000, 1001, 901, 1000, 901, 900, 1001, 1002, 902, 1001, 902, 901, 1002, 1003, 903, 1002, 903, 902, 1003, 1004, 904, 1003, 904, 903, 1004, 1005, 905, 1004, 905, 904, 1005, 1006, 906, 1005, 906, 905, 1006, 1007, 907, 1006, 907, 906, 1007, 1008, 908, 1007, 908, 907, 1008, 1009, 909, 1008, 909, 908, 1009, 1010, 910, 1009, 910, 909, 1010, 1011, 911, 1010, 911, 910, 1011, 1012, 912, 1011, 912, 911, 1012, 1013, 913, 1012, 913, 912, 1013, 1014, 914, 1013, 914, 913, 1014, 1015, 915, 1014, 915, 914, 1015, 1016, 916, 1015, 916, 915, 1016, 1017, 917, 1016, 917, 916, 1017, 1018, 918, 1017, 918, 917, 1018, 1019, 919, 1018, 919, 918, 1019, 1020, 920, 1019, 920, 919, 1020, 1021, 921, 1020, 921, 920, 1021, 1022, 922, 1021, 922, 921, 1022, 1023, 923, 1022, 923, 922, 1023, 1024, 924, 1023, 924, 923, 1024, 1025, 925, 1024, 925, 924, 1025, 1026, 926, 1025, 926, 925, 1026, 1027, 927, 1026, 927, 926, 1027, 1028, 928, 1027, 928, 927, 1028, 1029, 929, 1028, 929, 928, 1029, 1030, 930, 1029, 930, 929, 1030, 1031, 931, 1030, 931, 930, 1031, 1032, 932, 1031, 932, 931, 1032, 1033, 933, 1032, 933, 932, 1033, 1034, 934, 1033, 934, 933, 1034, 1035, 935, 1034, 935, 934, 1035, 1036, 936, 1035, 936, 935, 1036, 1037, 937, 1036, 937, 936, 1037, 1038, 938, 1037, 938, 937, 1038, 1039, 939, 1038, 939, 938, 1039, 1040, 940, 1039, 940, 939, 1040, 1041, 941, 1040, 941, 940, 1041, 1042, 942, 1041, 942, 941, 1042, 1043, 943, 1042, 943, 942, 1043, 1044, 944, 1043, 944, 943, 1044, 1045, 945, 1044, 945, 944, 1045, 1046, 946, 1045, 946, 945, 1046, 1047, 947, 1046, 947, 946, 1047, 1048, 948, 1047, 948, 947, 1048, 1049, 949, 1048, 949, 948, 1049, 1050, 950, 1049, 950, 949, 1050, 1051, 951, 1050, 951, 950, 1051, 1052, 952, 1051, 952, 951, 1052, 1053, 953, 1052, 953, 952, 1053, 1054, 954, 1053, 954, 953, 1054, 1055, 955, 1054, 955, 954, 1055, 1056, 956, 1055, 956, 955, 1056, 1057, 957, 1056, 957, 956, 1057, 1058, 958, 1057, 958, 957, 1058, 1059, 959, 1058, 959, 958, 1059, 1060, 960, 1059, 960, 959, 1060, 1061, 961, 1060, 961, 960, 1061, 1062, 962, 1061, 962, 961, 1062, 1063, 963, 1062, 963, 962, 1063, 1064, 964, 1063, 964, 963, 1064, 1065, 965, 1064, 965, 964, 1065, 1066, 966, 1065, 966, 965, 1066, 1067, 967, 1066, 967, 966, 1067, 1068, 968, 1067, 968, 967, 1068, 1069, 969, 1068, 969, 968, 1069, 1070, 970, 1069, 970, 969, 1070, 1071, 971, 1070, 971, 970, 1071, 1072, 972, 1071, 972, 971, 1072, 1073, 973, 1072, 973, 972, 1073, 1074, 974, 1073, 974, 973, 1074, 1075, 975, 1074, 975, 974, 1075, 1076, 976, 1075, 976, 975, 1076, 1077, 977, 1076, 977, 976, 1077, 1078, 978, 1077, 978, 977, 1078, 1079, 979, 1078, 979, 978, 1079, 1080, 980, 1079, 980, 979, 1080, 1081, 981, 1080, 981, 980, 1081, 1082, 982, 1081, 982, 981, 1082, 1083, 983, 1082, 983, 982, 1083, 1084, 984, 1083, 984, 983, 1084, 1085, 985, 1084, 985, 984, 1085, 1086, 986, 1085, 986, 985, 1086, 1087, 987, 1086, 987, 986, 1087, 1088, 988, 1087, 988, 987, 1088, 1089, 989, 1088, 989, 988, 1089, 1090, 990, 1089, 990, 989, 1090, 1091, 991, 1090, 991, 990, 1091, 1092, 992, 1091, 992, 991, 1092, 1093, 993, 1092, 993, 992, 1093, 1094, 994, 1093, 994, 993, 1094, 1095, 995, 1094, 995, 994, 1095, 1096, 996, 1095, 996, 995, 1096, 1097, 997, 1096, 997, 996, 1097, 1098, 998, 1097, 998, 997, 1098, 1099, 999, 1098, 999, 998, 1099, 1000, 900, 1099, 900, 999, 1100, 1101, 1001, 1100, 1001, 1000, 1101, 1102, 1002, 1101, 1002, 1001, 1102, 1103, 1003, 1102, 1003, 1002, 1103, 1104, 1004, 1103, 1004, 1003, 1104, 1105, 1005, 1104, 1005, 1004, 1105, 1106, 1006, 1105, 1006, 1005, 1106, 1107, 1007, 1106, 1007, 1006, 1107, 1108, 1008, 1107, 1008, 1007, 1108, 1109, 1009, 1108, 1009, 1008, 1109, 1110, 1010, 1109, 1010, 1009, 1110, 1111, 1011, 1110, 1011, 1010, 1111, 1112, 1012, 1111, 1012, 1011, 1112, 1113, 1013, 1112, 1013, 1012, 1113, 1114, 1014, 1113, 1014, 1013, 1114, 1115, 1015, 1114, 1015, 1014, 1115, 1116, 1016, 1115, 1016, 1015, 1116, 1117, 1017, 1116, 1017, 1016, 1117, 1118, 1018, 1117, 1018, 1017, 1118, 1119, 1019, 1118, 1019, 1018, 1119, 1120, 1020, 1119, 1020, 1019, 1120, 1121, 1021, 1120, 1021, 1020, 1121, 1122, 1022, 1121, 1022, 1021, 1122, 1123, 1023, 1122, 1023, 1022, 1123, 1124, 1024, 1123, 1024, 1023, 1124, 1125, 1025, 1124, 1025, 1024, 1125, 1126, 1026, 1125, 1026, 1025, 1126, 1127, 1027, 1126, 1027, 1026, 1127, 1128, 1028, 1127, 1028, 1027, 1128, 1129, 1029, 1128, 1029, 1028, 1129, 1130, 1030, 1129, 1030, 1029, 1130, 1131, 1031, 1130, 1031, 1030, 1131, 1132, 1032, 1131, 1032, 1031, 1132, 1133, 1033, 1132, 1033, 1032, 1133, 1134, 1034, 1133, 1034, 1033, 1134, 1135, 1035, 1134, 1035, 1034, 1135, 1136, 1036, 1135, 1036, 1035, 1136, 1137, 1037, 1136, 1037, 1036, 1137, 1138, 1038, 1137, 1038, 1037, 1138, 1139, 1039, 1138, 1039, 1038, 1139, 1140, 1040, 1139, 1040, 1039, 1140, 1141, 1041, 1140, 1041, 1040, 1141, 1142, 1042, 1141, 1042, 1041, 1142, 1143, 1043, 1142, 1043, 1042, 1143, 1144, 1044, 1143, 1044, 1043, 1144, 1145, 1045, 1144, 1045, 1044, 1145, 1146, 1046, 1145, 1046, 1045, 1146, 1147, 1047, 1146, 1047, 1046, 1147, 1148, 1048, 1147, 1048, 1047, 1148, 1149, 1049, 1148, 1049, 1048, 1149, 1150, 1050, 1149, 1050, 1049, 1150, 1151, 1051, 1150, 1051, 1050, 1151, 1152, 1052, 1151, 1052, 1051, 1152, 1153, 1053, 1152, 1053, 1052, 1153, 1154, 1054, 1153, 1054, 1053, 1154, 1155, 1055, 1154, 1055, 1054, 1155, 1156, 1056, 1155, 1056, 1055, 1156, 1157, 1057, 1156, 1057, 1056, 1157, 1158, 1058, 1157, 1058, 1057, 1158, 1159, 1059, 1158, 1059, 1058, 1159, 1160, 1060, 1159, 1060, 1059, 1160, 1161, 1061, 1160, 1061, 1060, 1161, 1162, 1062, 1161, 1062, 1061, 1162, 1163, 1063, 1162, 1063, 1062, 1163, 1164, 1064, 1163, 1064, 1063, 1164, 1165, 1065, 1164, 1065, 1064, 1165, 1166, 1066, 1165, 1066, 1065, 1166, 1167, 1067, 1166, 1067, 1066, 1167, 1168, 1068, 1167, 1068, 1067, 1168, 1169, 1069, 1168, 1069, 1068, 1169, 1170, 1070, 1169, 1070, 1069, 1170, 1171, 1071, 1170, 1071, 1070, 1171, 1172, 1072, 1171, 1072, 1071, 1172, 1173, 1073, 1172, 1073, 1072, 1173, 1174, 1074, 1173, 1074, 1073, 1174, 1175, 1075, 1174, 1075, 1074, 1175, 1176, 1076, 1175, 1076, 1075, 1176, 1177, 1077, 1176, 1077, 1076, 1177, 1178, 1078, 1177, 1078, 1077, 1178, 1179, 1079, 1178, 1079, 1078, 1179, 1180, 1080, 1179, 1080, 1079, 1180, 1181, 1081, 1180, 1081, 1080, 1181, 1182, 1082, 1181, 1082, 1081, 1182, 1183, 1083, 1182, 1083, 1082, 1183, 1184, 1084, 1183, 1084, 1083, 1184, 1185, 1085, 1184, 1085, 1084, 1185, 1186, 1086, 1185, 1086, 1085, 1186, 1187, 1087, 1186, 1087, 1086, 1187, 1188, 1088, 1187, 1088, 1087, 1188, 1189, 1089, 1188, 1089, 1088, 1189, 1190, 1090, 1189, 1090, 1089, 1190, 1191, 1091, 1190, 1091, 1090, 1191, 1192, 1092, 1191, 1092, 1091, 1192, 1193, 1093, 1192, 1093, 1092, 1193, 1194, 1094, 1193, 1094, 1093, 1194, 1195, 1095, 1194, 1095, 1094, 1195, 1196, 1096, 1195, 1096, 1095, 1196, 1197, 1097, 1196, 1097, 1096, 1197, 1198, 1098, 1197, 1098, 1097, 1198, 1199, 1099, 1198, 1099, 1098, 1199, 1100, 1000, 1199, 1000, 1099, 1200, 1201, 1101, 1200, 1101, 1100, 1201, 1202, 1102, 1201, 1102, 1101, 1202, 1203, 1103, 1202, 1103, 1102, 1203, 1204, 1104, 1203, 1104, 1103, 1204, 1205, 1105, 1204, 1105, 1104, 1205, 1206, 1106, 1205, 1106, 1105, 1206, 1207, 1107, 1206, 1107, 1106, 1207, 1208, 1108, 1207, 1108, 1107, 1208, 1209, 1109, 1208, 1109, 1108, 1209, 1210, 1110, 1209, 1110, 1109, 1210, 1211, 1111, 1210, 1111, 1110, 1211, 1212, 1112, 1211, 1112, 1111, 1212, 1213, 1113, 1212, 1113, 1112, 1213, 1214, 1114, 1213, 1114, 1113, 1214, 1215, 1115, 1214, 1115, 1114, 1215, 1216, 1116, 1215, 1116, 1115, 1216, 1217, 1117, 1216, 1117, 1116, 1217, 1218, 1118, 1217, 1118, 1117, 1218, 1219, 1119, 1218, 1119, 1118, 1219, 1220, 1120, 1219, 1120, 1119, 1220, 1221, 1121, 1220, 1121, 1120, 1221, 1222, 1122, 1221, 1122, 1121, 1222, 1223, 1123, 1222, 1123, 1122, 1223, 1224, 1124, 1223, 1124, 1123, 1224, 1225, 1125, 1224, 1125, 1124, 1225, 1226, 1126, 1225, 1126, 1125, 1226, 1227, 1127, 1226, 1127, 1126, 1227, 1228, 1128, 1227, 1128, 1127, 1228, 1229, 1129, 1228, 1129, 1128, 1229, 1230, 1130, 1229, 1130, 1129, 1230, 1231, 1131, 1230, 1131, 1130, 1231, 1232, 1132, 1231, 1132, 1131, 1232, 1233, 1133, 1232, 1133, 1132, 1233, 1234, 1134, 1233, 1134, 1133, 1234, 1235, 1135, 1234, 1135, 1134, 1235, 1236, 1136, 1235, 1136, 1135, 1236, 1237, 1137, 1236, 1137, 1136, 1237, 1238, 1138, 1237, 1138, 1137, 1238, 1239, 1139, 1238, 1139, 1138, 1239, 1240, 1140, 1239, 1140, 1139, 1240, 1241, 1141, 1240, 1141, 1140, 1241, 1242, 1142, 1241, 1142, 1141, 1242, 1243, 1143, 1242, 1143, 1142, 1243, 1244, 1144, 1243, 1144, 1143, 1244, 1245, 1145, 1244, 1145, 1144, 1245, 1246, 1146, 1245, 1146, 1145, 1246, 1247, 1147, 1246, 1147, 1146, 1247, 1248, 1148, 1247, 1148, 1147, 1248, 1249, 1149, 1248, 1149, 1148, 1249, 1250, 1150, 1249, 1150, 1149, 1250, 1251, 1151, 1250, 1151, 1150, 1251, 1252, 1152, 1251, 1152, 1151, 1252, 1253, 1153, 1252, 1153, 1152, 1253, 1254, 1154, 1253, 1154, 1153, 1254, 1255, 1155, 1254, 1155, 1154, 1255, 1256, 1156, 1255, 1156, 1155, 1256, 1257, 1157, 1256, 1157, 1156, 1257, 1258, 1158, 1257, 1158, 1157, 1258, 1259, 1159, 1258, 1159, 1158, 1259, 1260, 1160, 1259, 1160, 1159, 1260, 1261, 1161, 1260, 1161, 1160, 1261, 1262, 1162, 1261, 1162, 1161, 1262, 1263, 1163, 1262, 1163, 1162, 1263, 1264, 1164, 1263, 1164, 1163, 1264, 1265, 1165, 1264, 1165, 1164, 1265, 1266, 1166, 1265, 1166, 1165, 1266, 1267, 1167, 1266, 1167, 1166, 1267, 1268, 1168, 1267, 1168, 1167, 1268, 1269, 1169, 1268, 1169, 1168, 1269, 1270, 1170, 1269, 1170, 1169, 1270, 1271, 1171, 1270, 1171, 1170, 1271, 1272, 1172, 1271, 1172, 1171, 1272, 1273, 1173, 1272, 1173, 1172, 1273, 1274, 1174, 1273, 1174, 1173, 1274, 1275, 1175, 1274, 1175, 1174, 1275, 1276, 1176, 1275, 1176, 1175, 1276, 1277, 1177, 1276, 1177, 1176, 1277, 1278, 1178, 1277, 1178, 1177, 1278, 1279, 1179, 1278, 1179, 1178, 1279, 1280, 1180, 1279, 1180, 1179, 1280, 1281, 1181, 1280, 1181, 1180, 1281, 1282, 1182, 1281, 1182, 1181, 1282, 1283, 1183, 1282, 1183, 1182, 1283, 1284, 1184, 1283, 1184, 1183, 1284, 1285, 1185, 1284, 1185, 1184, 1285, 1286, 1186, 1285, 1186, 1185, 1286, 1287, 1187, 1286, 1187, 1186, 1287, 1288, 1188, 1287, 1188, 1187, 1288, 1289, 1189, 1288, 1189, 1188, 1289, 1290, 1190, 1289, 1190, 1189, 1290, 1291, 1191, 1290, 1191, 1190, 1291, 1292, 1192, 1291, 1192, 1191, 1292, 1293, 1193, 1292, 1193, 1192, 1293, 1294, 1194, 1293, 1194, 1193, 1294, 1295, 1195, 1294, 1195, 1194, 1295, 1296, 1196, 1295, 1196, 1195, 1296, 1297, 1197, 1296, 1197, 1196, 1297, 1298, 1198, 1297, 1198, 1197, 1298, 1299, 1199, 1298, 1199, 1198, 1299, 1200, 1100, 1299, 1100, 1199, 1300, 1301, 1201, 1300, 1201, 1200, 1301, 1302, 1202, 1301, 1202, 1201, 1302, 1303, 1203, 1302, 1203, 1202, 1303, 1304, 1204, 1303, 1204, 1203, 1304, 1305, 1205, 1304, 1205, 1204, 1305, 1306, 1206, 1305, 1206, 1205, 1306, 1307, 1207, 1306, 1207, 1206, 1307, 1308, 1208, 1307, 1208, 1207, 1308, 1309, 1209, 1308, 1209, 1208, 1309, 1310, 1210, 1309, 1210, 1209, 1310, 1311, 1211, 1310, 1211, 1210, 1311, 1312, 1212, 1311, 1212, 1211, 1312, 1313, 1213, 1312, 1213, 1212, 1313, 1314, 1214, 1313, 1214, 1213, 1314, 1315, 1215, 1314, 1215, 1214, 1315, 1316, 1216, 1315, 1216, 1215, 1316, 1317, 1217, 1316, 1217, 1216, 1317, 1318, 1218, 1317, 1218, 1217, 1318, 1319, 1219, 1318, 1219, 1218, 1319, 1320, 1220, 1319, 1220, 1219, 1320, 1321, 1221, 1320, 1221, 1220, 1321, 1322, 1222, 1321, 1222, 1221, 1322, 1323, 1223, 1322, 1223, 1222, 1323, 1324, 1224, 1323, 1224, 1223, 1324, 1325, 1225, 1324, 1225, 1224, 1325, 1326, 1226, 1325, 1226, 1225, 1326, 1327, 1227, 1326, 1227, 1226, 1327, 1328, 1228, 1327, 1228, 1227, 1328, 1329, 1229, 1328, 1229, 1228, 1329, 1330, 1230, 1329, 1230, 1229, 1330, 1331, 1231, 1330, 1231, 1230, 1331, 1332, 1232, 1331, 1232, 1231, 1332, 1333, 1233, 1332, 1233, 1232, 1333, 1334, 1234, 1333, 1234, 1233, 1334, 1335, 1235, 1334, 1235, 1234, 1335, 1336, 1236, 1335, 1236, 1235, 1336, 1337, 1237, 1336, 1237, 1236, 1337, 1338, 1238, 1337, 1238, 1237, 1338, 1339, 1239, 1338, 1239, 1238, 1339, 1340, 1240, 1339, 1240, 1239, 1340, 1341, 1241, 1340, 1241, 1240, 1341, 1342, 1242, 1341, 1242, 1241, 1342, 1343, 1243, 1342, 1243, 1242, 1343, 1344, 1244, 1343, 1244, 1243, 1344, 1345, 1245, 1344, 1245, 1244, 1345, 1346, 1246, 1345, 1246, 1245, 1346, 1347, 1247, 1346, 1247, 1246, 1347, 1348, 1248, 1347, 1248, 1247, 1348, 1349, 1249, 1348, 1249, 1248, 1349, 1350, 1250, 1349, 1250, 1249, 1350, 1351, 1251, 1350, 1251, 1250, 1351, 1352, 1252, 1351, 1252, 1251, 1352, 1353, 1253, 1352, 1253, 1252, 1353, 1354, 1254, 1353, 1254, 1253, 1354, 1355, 1255, 1354, 1255, 1254, 1355, 1356, 1256, 1355, 1256, 1255, 1356, 1357, 1257, 1356, 1257, 1256, 1357, 1358, 1258, 1357, 1258, 1257, 1358, 1359, 1259, 1358, 1259, 1258, 1359, 1360, 1260, 1359, 1260, 1259, 1360, 1361, 1261, 1360, 1261, 1260, 1361, 1362, 1262, 1361, 1262, 1261, 1362, 1363, 1263, 1362, 1263, 1262, 1363, 1364, 1264, 1363, 1264, 1263, 1364, 1365, 1265, 1364, 1265, 1264, 1365, 1366, 1266, 1365, 1266, 1265, 1366, 1367, 1267, 1366, 1267, 1266, 1367, 1368, 1268, 1367, 1268, 1267, 1368, 1369, 1269, 1368, 1269, 1268, 1369, 1370, 1270, 1369, 1270, 1269, 1370, 1371, 1271, 1370, 1271, 1270, 1371, 1372, 1272, 1371, 1272, 1271, 1372, 1373, 1273, 1372, 1273, 1272, 1373, 1374, 1274, 1373, 1274, 1273, 1374, 1375, 1275, 1374, 1275, 1274, 1375, 1376, 1276, 1375, 1276, 1275, 1376, 1377, 1277, 1376, 1277, 1276, 1377, 1378, 1278, 1377, 1278, 1277, 1378, 1379, 1279, 1378, 1279, 1278, 1379, 1380, 1280, 1379, 1280, 1279, 1380, 1381, 1281, 1380, 1281, 1280, 1381, 1382, 1282, 1381, 1282, 1281, 1382, 1383, 1283, 1382, 1283, 1282, 1383, 1384, 1284, 1383, 1284, 1283, 1384, 1385, 1285, 1384, 1285, 1284, 1385, 1386, 1286, 1385, 1286, 1285, 1386, 1387, 1287, 1386, 1287, 1286, 1387, 1388, 1288, 1387, 1288, 1287, 1388, 1389, 1289, 1388, 1289, 1288, 1389, 1390, 1290, 1389, 1290, 1289, 1390, 1391, 1291, 1390, 1291, 1290, 1391, 1392, 1292, 1391, 1292, 1291, 1392, 1393, 1293, 1392, 1293, 1292, 1393, 1394, 1294, 1393, 1294, 1293, 1394, 1395, 1295, 1394, 1295, 1294, 1395, 1396, 1296, 1395, 1296, 1295, 1396, 1397, 1297, 1396, 1297, 1296, 1397, 1398, 1298, 1397, 1298, 1297, 1398, 1399, 1299, 1398, 1299, 1298, 1399, 1300, 1200, 1399, 1200, 1299, 1400, 1401, 1301, 1400, 1301, 1300, 1401, 1402, 1302, 1401, 1302, 1301, 1402, 1403, 1303, 1402, 1303, 1302, 1403, 1404, 1304, 1403, 1304, 1303, 1404, 1405, 1305, 1404, 1305, 1304, 1405, 1406, 1306, 1405, 1306, 1305, 1406, 1407, 1307, 1406, 1307, 1306, 1407, 1408, 1308, 1407, 1308, 1307, 1408, 1409, 1309, 1408, 1309, 1308, 1409, 1410, 1310, 1409, 1310, 1309, 1410, 1411, 1311, 1410, 1311, 1310, 1411, 1412, 1312, 1411, 1312, 1311, 1412, 1413, 1313, 1412, 1313, 1312, 1413, 1414, 1314, 1413, 1314, 1313, 1414, 1415, 1315, 1414, 1315, 1314, 1415, 1416, 1316, 1415, 1316, 1315, 1416, 1417, 1317, 1416, 1317, 1316, 1417, 1418, 1318, 1417, 1318, 1317, 1418, 1419, 1319, 1418, 1319, 1318, 1419, 1420, 1320, 1419, 1320, 1319, 1420, 1421, 1321, 1420, 1321, 1320, 1421, 1422, 1322, 1421, 1322, 1321, 1422, 1423, 1323, 1422, 1323, 1322, 1423, 1424, 1324, 1423, 1324, 1323, 1424, 1425, 1325, 1424, 1325, 1324, 1425, 1426, 1326, 1425, 1326, 1325, 1426, 1427, 1327, 1426, 1327, 1326, 1427, 1428, 1328, 1427, 1328, 1327, 1428, 1429, 1329, 1428, 1329, 1328, 1429, 1430, 1330, 1429, 1330, 1329, 1430, 1431, 1331, 1430, 1331, 1330, 1431, 1432, 1332, 1431, 1332, 1331, 1432, 1433, 1333, 1432, 1333, 1332, 1433, 1434, 1334, 1433, 1334, 1333, 1434, 1435, 1335, 1434, 1335, 1334, 1435, 1436, 1336, 1435, 1336, 1335, 1436, 1437, 1337, 1436, 1337, 1336, 1437, 1438, 1338, 1437, 1338, 1337, 1438, 1439, 1339, 1438, 1339, 1338, 1439, 1440, 1340, 1439, 1340, 1339, 1440, 1441, 1341, 1440, 1341, 1340, 1441, 1442, 1342, 1441, 1342, 1341, 1442, 1443, 1343, 1442, 1343, 1342, 1443, 1444, 1344, 1443, 1344, 1343, 1444, 1445, 1345, 1444, 1345, 1344, 1445, 1446, 1346, 1445, 1346, 1345, 1446, 1447, 1347, 1446, 1347, 1346, 1447, 1448, 1348, 1447, 1348, 1347, 1448, 1449, 1349, 1448, 1349, 1348, 1449, 1450, 1350, 1449, 1350, 1349, 1450, 1451, 1351, 1450, 1351, 1350, 1451, 1452, 1352, 1451, 1352, 1351, 1452, 1453, 1353, 1452, 1353, 1352, 1453, 1454, 1354, 1453, 1354, 1353, 1454, 1455, 1355, 1454, 1355, 1354, 1455, 1456, 1356, 1455, 1356, 1355, 1456, 1457, 1357, 1456, 1357, 1356, 1457, 1458, 1358, 1457, 1358, 1357, 1458, 1459, 1359, 1458, 1359, 1358, 1459, 1460, 1360, 1459, 1360, 1359, 1460, 1461, 1361, 1460, 1361, 1360, 1461, 1462, 1362, 1461, 1362, 1361, 1462, 1463, 1363, 1462, 1363, 1362, 1463, 1464, 1364, 1463, 1364, 1363, 1464, 1465, 1365, 1464, 1365, 1364, 1465, 1466, 1366, 1465, 1366, 1365, 1466, 1467, 1367, 1466, 1367, 1366, 1467, 1468, 1368, 1467, 1368, 1367, 1468, 1469, 1369, 1468, 1369, 1368, 1469, 1470, 1370, 1469, 1370, 1369, 1470, 1471, 1371, 1470, 1371, 1370, 1471, 1472, 1372, 1471, 1372, 1371, 1472, 1473, 1373, 1472, 1373, 1372, 1473, 1474, 1374, 1473, 1374, 1373, 1474, 1475, 1375, 1474, 1375, 1374, 1475, 1476, 1376, 1475, 1376, 1375, 1476, 1477, 1377, 1476, 1377, 1376, 1477, 1478, 1378, 1477, 1378, 1377, 1478, 1479, 1379, 1478, 1379, 1378, 1479, 1480, 1380, 1479, 1380, 1379, 1480, 1481, 1381, 1480, 1381, 1380, 1481, 1482, 1382, 1481, 1382, 1381, 1482, 1483, 1383, 1482, 1383, 1382, 1483, 1484, 1384, 1483, 1384, 1383, 1484, 1485, 1385, 1484, 1385, 1384, 1485, 1486, 1386, 1485, 1386, 1385, 1486, 1487, 1387, 1486, 1387, 1386, 1487, 1488, 1388, 1487, 1388, 1387, 1488, 1489, 1389, 1488, 1389, 1388, 1489, 1490, 1390, 1489, 1390, 1389, 1490, 1491, 1391, 1490, 1391, 1390, 1491, 1492, 1392, 1491, 1392, 1391, 1492, 1493, 1393, 1492, 1393, 1392, 1493, 1494, 1394, 1493, 1394, 1393, 1494, 1495, 1395, 1494, 1395, 1394, 1495, 1496, 1396, 1495, 1396, 1395, 1496, 1497, 1397, 1496, 1397, 1396, 1497, 1498, 1398, 1497, 1398, 1397, 1498, 1499, 1399, 1498, 1399, 1398, 1499, 1400, 1300, 1499, 1300, 1399, 1500, 1501, 1401, 1500, 1401, 1400, 1501, 1502, 1402, 1501, 1402, 1401, 1502, 1503, 1403, 1502, 1403, 1402, 1503, 1504, 1404, 1503, 1404, 1403, 1504, 1505, 1405, 1504, 1405, 1404, 1505, 1506, 1406, 1505, 1406, 1405, 1506, 1507, 1407, 1506, 1407, 1406, 1507, 1508, 1408, 1507, 1408, 1407, 1508, 1509, 1409, 1508, 1409, 1408, 1509, 1510, 1410, 1509, 1410, 1409, 1510, 1511, 1411, 1510, 1411, 1410, 1511, 1512, 1412, 1511, 1412, 1411, 1512, 1513, 1413, 1512, 1413, 1412, 1513, 1514, 1414, 1513, 1414, 1413, 1514, 1515, 1415, 1514, 1415, 1414, 1515, 1516, 1416, 1515, 1416, 1415, 1516, 1517, 1417, 1516, 1417, 1416, 1517, 1518, 1418, 1517, 1418, 1417, 1518, 1519, 1419, 1518, 1419, 1418, 1519, 1520, 1420, 1519, 1420, 1419, 1520, 1521, 1421, 1520, 1421, 1420, 1521, 1522, 1422, 1521, 1422, 1421, 1522, 1523, 1423, 1522, 1423, 1422, 1523, 1524, 1424, 1523, 1424, 1423, 1524, 1525, 1425, 1524, 1425, 1424, 1525, 1526, 1426, 1525, 1426, 1425, 1526, 1527, 1427, 1526, 1427, 1426, 1527, 1528, 1428, 1527, 1428, 1427, 1528, 1529, 1429, 1528, 1429, 1428, 1529, 1530, 1430, 1529, 1430, 1429, 1530, 1531, 1431, 1530, 1431, 1430, 1531, 1532, 1432, 1531, 1432, 1431, 1532, 1533, 1433, 1532, 1433, 1432, 1533, 1534, 1434, 1533, 1434, 1433, 1534, 1535, 1435, 1534, 1435, 1434, 1535, 1536, 1436, 1535, 1436, 1435, 1536, 1537, 1437, 1536, 1437, 1436, 1537, 1538, 1438, 1537, 1438, 1437, 1538, 1539, 1439, 1538, 1439, 1438, 1539, 1540, 1440, 1539, 1440, 1439, 1540, 1541, 1441, 1540, 1441, 1440, 1541, 1542, 1442, 1541, 1442, 1441, 1542, 1543, 1443, 1542, 1443, 1442, 1543, 1544, 1444, 1543, 1444, 1443, 1544, 1545, 1445, 1544, 1445, 1444, 1545, 1546, 1446, 1545, 1446, 1445, 1546, 1547, 1447, 1546, 1447, 1446, 1547, 1548, 1448, 1547, 1448, 1447, 1548, 1549, 1449, 1548, 1449, 1448, 1549, 1550, 1450, 1549, 1450, 1449, 1550, 1551, 1451, 1550, 1451, 1450, 1551, 1552, 1452, 1551, 1452, 1451, 1552, 1553, 1453, 1552, 1453, 1452, 1553, 1554, 1454, 1553, 1454, 1453, 1554, 1555, 1455, 1554, 1455, 1454, 1555, 1556, 1456, 1555, 1456, 1455, 1556, 1557, 1457, 1556, 1457, 1456, 1557, 1558, 1458, 1557, 1458, 1457, 1558, 1559, 1459, 1558, 1459, 1458, 1559, 1560, 1460, 1559, 1460, 1459, 1560, 1561, 1461, 1560, 1461, 1460, 1561, 1562, 1462, 1561, 1462, 1461, 1562, 1563, 1463, 1562, 1463, 1462, 1563, 1564, 1464, 1563, 1464, 1463, 1564, 1565, 1465, 1564, 1465, 1464, 1565, 1566, 1466, 1565, 1466, 1465, 1566, 1567, 1467, 1566, 1467, 1466, 1567, 1568, 1468, 1567, 1468, 1467, 1568, 1569, 1469, 1568, 1469, 1468, 1569, 1570, 1470, 1569, 1470, 1469, 1570, 1571, 1471, 1570, 1471, 1470, 1571, 1572, 1472, 1571, 1472, 1471, 1572, 1573, 1473, 1572, 1473, 1472, 1573, 1574, 1474, 1573, 1474, 1473, 1574, 1575, 1475, 1574, 1475, 1474, 1575, 1576, 1476, 1575, 1476, 1475, 1576, 1577, 1477, 1576, 1477, 1476, 1577, 1578, 1478, 1577, 1478, 1477, 1578, 1579, 1479, 1578, 1479, 1478, 1579, 1580, 1480, 1579, 1480, 1479, 1580, 1581, 1481, 1580, 1481, 1480, 1581, 1582, 1482, 1581, 1482, 1481, 1582, 1583, 1483, 1582, 1483, 1482, 1583, 1584, 1484, 1583, 1484, 1483, 1584, 1585, 1485, 1584, 1485, 1484, 1585, 1586, 1486, 1585, 1486, 1485, 1586, 1587, 1487, 1586, 1487, 1486, 1587, 1588, 1488, 1587, 1488, 1487, 1588, 1589, 1489, 1588, 1489, 1488, 1589, 1590, 1490, 1589, 1490, 1489, 1590, 1591, 1491, 1590, 1491, 1490, 1591, 1592, 1492, 1591, 1492, 1491, 1592, 1593, 1493, 1592, 1493, 1492, 1593, 1594, 1494, 1593, 1494, 1493, 1594, 1595, 1495, 1594, 1495, 1494, 1595, 1596, 1496, 1595, 1496, 1495, 1596, 1597, 1497, 1596, 1497, 1496, 1597, 1598, 1498, 1597, 1498, 1497, 1598, 1599, 1499, 1598, 1499, 1498, 1599, 1500, 1400, 1599, 1400, 1499, 0, 1, 1501, 0, 1501, 1500, 1, 2, 1502, 1, 1502, 1501, 2, 3, 1503, 2, 1503, 1502, 3, 4, 1504, 3, 1504, 1503, 4, 5, 1505, 4, 1505, 1504, 5, 6, 1506, 5, 1506, 1505, 6, 7, 1507, 6, 1507, 1506, 7, 8, 1508, 7, 1508, 1507, 8, 9, 1509, 8, 1509, 1508, 9, 10, 1510, 9, 1510, 1509, 10, 11, 1511, 10, 1511, 1510, 11, 12, 1512, 11, 1512, 1511, 12, 13, 1513, 12, 1513, 1512, 13, 14, 1514, 13, 1514, 1513, 14, 15, 1515, 14, 1515, 1514, 15, 16, 1516, 15, 1516, 1515, 16, 17, 1517, 16, 1517, 1516, 17, 18, 1518, 17, 1518, 1517, 18, 19, 1519, 18, 1519, 1518, 19, 20, 1520, 19, 1520, 1519, 20, 21, 1521, 20, 1521, 1520, 21, 22, 1522, 21, 1522, 1521, 22, 23, 1523, 22, 1523, 1522, 23, 24, 1524, 23, 1524, 1523, 24, 25, 1525, 24, 1525, 1524, 25, 26, 1526, 25, 1526, 1525, 26, 27, 1527, 26, 1527, 1526, 27, 28, 1528, 27, 1528, 1527, 28, 29, 1529, 28, 1529, 1528, 29, 30, 1530, 29, 1530, 1529, 30, 31, 1531, 30, 1531, 1530, 31, 32, 1532, 31, 1532, 1531, 32, 33, 1533, 32, 1533, 1532, 33, 34, 1534, 33, 1534, 1533, 34, 35, 1535, 34, 1535, 1534, 35, 36, 1536, 35, 1536, 1535, 36, 37, 1537, 36, 1537, 1536, 37, 38, 1538, 37, 1538, 1537, 38, 39, 1539, 38, 1539, 1538, 39, 40, 1540, 39, 1540, 1539, 40, 41, 1541, 40, 1541, 1540, 41, 42, 1542, 41, 1542, 1541, 42, 43, 1543, 42, 1543, 1542, 43, 44, 1544, 43, 1544, 1543, 44, 45, 1545, 44, 1545, 1544, 45, 46, 1546, 45, 1546, 1545, 46, 47, 1547, 46, 1547, 1546, 47, 48, 1548, 47, 1548, 1547, 48, 49, 1549, 48, 1549, 1548, 49, 50, 1550, 49, 1550, 1549, 50, 51, 1551, 50, 1551, 1550, 51, 52, 1552, 51, 1552, 1551, 52, 53, 1553, 52, 1553, 1552, 53, 54, 1554, 53, 1554, 1553, 54, 55, 1555, 54, 1555, 1554, 55, 56, 1556, 55, 1556, 1555, 56, 57, 1557, 56, 1557, 1556, 57, 58, 1558, 57, 1558, 1557, 58, 59, 1559, 58, 1559, 1558, 59, 60, 1560, 59, 1560, 1559, 60, 61, 1561, 60, 1561, 1560, 61, 62, 1562, 61, 1562, 1561, 62, 63, 1563, 62, 1563, 1562, 63, 64, 1564, 63, 1564, 1563, 64, 65, 1565, 64, 1565, 1564, 65, 66, 1566, 65, 1566, 1565, 66, 67, 1567, 66, 1567, 1566, 67, 68, 1568, 67, 1568, 1567, 68, 69, 1569, 68, 1569, 1568, 69, 70, 1570, 69, 1570, 1569, 70, 71, 1571, 70, 1571, 1570, 71, 72, 1572, 71, 1572, 1571, 72, 73, 1573, 72, 1573, 1572, 73, 74, 1574, 73, 1574, 1573, 74, 75, 1575, 74, 1575, 1574, 75, 76, 1576, 75, 1576, 1575, 76, 77, 1577, 76, 1577, 1576, 77, 78, 1578, 77, 1578, 1577, 78, 79, 1579, 78, 1579, 1578, 79, 80, 1580, 79, 1580, 1579, 80, 81, 1581, 80, 1581, 1580, 81, 82, 1582, 81, 1582, 1581, 82, 83, 1583, 82, 1583, 1582, 83, 84, 1584, 83, 1584, 1583, 84, 85, 1585, 84, 1585, 1584, 85, 86, 1586, 85, 1586, 1585, 86, 87, 1587, 86, 1587, 1586, 87, 88, 1588, 87, 1588, 1587, 88, 89, 1589, 88, 1589, 1588, 89, 90, 1590, 89, 1590, 1589, 90, 91, 1591, 90, 1591, 1590, 91, 92, 1592, 91, 1592, 1591, 92, 93, 1593, 92, 1593, 1592, 93, 94, 1594, 93, 1594, 1593, 94, 95, 1595, 94, 1595, 1594, 95, 96, 1596, 95, 1596, 1595, 96, 97, 1597, 96, 1597, 1596, 97, 98, 1598, 97, 1598, 1597, 98, 99, 1599, 98, 1599, 1598, 99, 0, 1500, 99, 1500, 1599]
  normal3f[] normals = [(0.963623, 0.2672651, 0.0003538), (0.9962396, 0.086641, 0.0002783), (0.9994567, -0.0329572, 0.0002057), (0.9936003, -0.1129534, 0.0001329), (0.9858987, -0.1673434, 5.47e-05), (0.9789263, -0.204214, -3.47e-05), (0.9736697, -0.2279634, -0.0001426), (0.9706407, -0.2405339, -0.0002791), (0.9703432, -0.2417308, -0.0004616), (0.9708589, -0.2396515, -0.0003177), (0.9680393, -0.2507986, -1.96e-05), (0.9618657, -0.2735222, -4.12e-05), (0.9539051, -0.3001084, -6.12e-05), (0.9436063, -0.3310696, -7.99e-05), (0.9302146, -0.367016, -9.74e-05), (0.9126941, -0.4086433, -0.0001139), (0.8896254, -0.456691, -0.0001295), (0.8590794, -0.5118423, -0.0001442), (0.8184899, -0.5745209, -0.0001577), (0.7687416, -0.6395595, -0.0002091), (0.7140325, -0.7001125, -0.0002129), (0.6536722, -0.7567778, -0.0001418), (0.5864707, -0.8099705, -6.36e-05), (0.5160537, -0.8565562, 1.72e-05), (0.4468169, -0.8946254, 9.55e-05), (0.382877, -0.9237993, 0.000167), (0.3272373, -0.9449422, 0.000229), (0.2814852, -0.9595655, 0.0002804), (0.2459579, -0.9692805, 0.000321), (0.2144196, -0.9767415, 0.0004785), (0.1812516, -0.9834366, 0.0004956), (0.1495159, -0.9887593, 0.0003514), (0.1206451, -0.9926957, 0.0002321), (0.0924453, -0.9957178, 0.0001274), (0.0631664, -0.998003, 3.03e-05), (0.0310963, -0.9995164, -6.45e-05), (-0.0057681, -0.9999834, -0.0001616), (-0.0501086, -0.9987437, -0.0002658), (-0.1058685, -0.9943801, -0.0003836), (-0.1613656, -0.9868947, -0.0003136), (-0.1975306, -0.9802967, -0.0001491), (-0.2293278, -0.9733492, -0.0001269), (-0.2758148, -0.9612108, -9.62e-05), (-0.3370626, -0.9414822, -5.65e-05), (-0.4118997, -0.9112292, -7.8e-06), (-0.4972809, -0.8675896, 4.91e-05), (-0.5880219, -0.808845, 0.0001118), (-0.6774135, -0.7356025, 0.0001767), (-0.7588173, -0.6513035, 0.0002397), (-0.8342809, -0.5513395, 0.0004266), (-0.8950136, -0.4460386, 0.0004684), (-0.9323187, -0.3616375, 0.0003321), (-0.953274, -0.3021071, 0.0002153), (-0.9656439, -0.2598688, 0.0001074), (-0.9731323, -0.2302466, 0.0), (-0.9775831, -0.21055, -0.0001147), (-0.9798951, -0.1995134, -0.0002457), (-0.9803778, -0.1971274, -0.0004053), (-0.9787774, -0.2049254, -0.0006138), (-0.9712179, -0.2381922, -0.0005558), (-0.9548469, -0.297098, -0.000326), (-0.9385793, -0.3450634, -0.0003092), (-0.931185, -0.3645469, -0.0002657), (-0.9353734, -0.3536618, -0.0001923), (-0.9521605, -0.3055985, -8.17e-05), (-0.9785145, -0.2061781, 7.92e-05), (-0.9994318, -0.0337041, 0.0003044), (-0.9744705, 0.2245149, 0.0005848), (-0.8524367, 0.5228298, 0.0008447), (-0.647888, 0.761735, 0.0009488), (-0.4530539, 0.8914828, 0.0007674), (-0.3177274, 0.9481819, 0.0005587), (-0.2298477, 0.9732265, 0.0003964), (-0.1707361, 0.9853168, 0.0002612), (-0.1298165, 0.991538, 0.0001395), (-0.1012384, 0.9948622, 2.16e-05), (-0.0817841, 0.9966501, -0.0001012), (-0.0698509, 0.9975574, -0.0002384), (-0.0650705, 0.9978806, -0.0004033), (-0.0582007, 0.9983049, -0.0002584), (-0.0371891, 0.9993082, 1.79e-05), (-0.0101184, 0.9999488, -1.6e-06), (0.014126, 0.9999002, -2.29e-05), (0.0359029, 0.9993553, -4.6e-05), (0.0555155, 0.9984578, -7.13e-05), (0.073219, 0.9973159, -9.88e-05), (0.0892265, 0.9960114, -0.0001293), (0.1037142, 0.9946071, -0.0001631), (0.1168252, 0.9931525, -0.0002011), (0.1141163, 0.9934674, -8.69e-05), (0.0886579, 0.9960621, 7.4e-06), (0.0671159, 0.9977452, -3.9e-05), (0.0664769, 0.997788, -7.32e-05), (0.0873018, 0.9961819, -9.7e-05), (0.1326128, 0.9911679, -0.0001102), (0.2082069, 0.9780848, -0.0001107), (0.3222696, 0.9466479, -9.33e-05), (0.4812325, 0.876593, -4.92e-05), (0.6753702, 0.7374789, 3.04e-05), (0.8593668, 0.5113595, 0.000254), (0.9621508, 0.2435343, -0.1222986), (0.9909446, 0.0719714, -0.1133527), (0.9934169, -0.0418163, -0.1066503), (0.9877175, -0.1181831, -0.1022105), (0.9803715, -0.1701921, -0.0995306), (0.973749, -0.2053754, -0.0981518), (0.9687886, -0.2278052, -0.0977413), (0.9660038, -0.2392015, -0.0980784), (0.9659177, -0.2391543, -0.0990366), (0.9662926, -0.2377106, -0.0988554), (0.9631151, -0.2506513, -0.0978944), (0.9568592, -0.2735113, -0.0980405), (0.948786, -0.3002384, -0.0982959), (0.9383337, -0.3313478, -0.0986837), (0.9247348, -0.3674514, -0.099222), (0.9069373, -0.4092442, -0.0999193), (0.8835019, -0.4574608, -0.1007671), (0.852477, -0.5127717, -0.1017255), (0.8112744, -0.5755744, -0.1027034), (0.7615442, -0.6397703, -0.1036554), (0.7072839, -0.6992114, -0.1041773), (0.6469799, -0.7553617, -0.1041429), (0.5801973, -0.807845, -0.1037181), (0.5106094, -0.8536305, -0.1029223), (0.442567, -0.8909302, -0.1018713), (0.3800681, -0.9194565, -0.1007374), (0.3259734, -0.940108, -0.0996911), (0.2817483, -0.9543823, -0.0988556), (0.2476498, -0.963851, -0.0982892), (0.216433, -0.9714227, -0.0974405), (0.1835275, -0.9782032, -0.0971395), (0.1526914, -0.9834516, -0.0975105), (0.1244796, -0.9873789, -0.0979173), (0.096773, -0.9904327, -0.0983771), (0.0678449, -0.9927806, -0.0989129), (0.0359721, -0.9943814, -0.0995572), (-0.0008929, -0.9949512, -0.1003555), (-0.0455227, -0.993807, -0.1013675), (-0.1020308, -0.9894696, -0.1026628), (-0.155416, -0.9824472, -0.1031668), (-0.1891409, -0.9765335, -0.1029956), (-0.2219964, -0.9695449, -0.1034421), (-0.2695895, -0.9573174, -0.1042346), (-0.3319567, -0.9373982, -0.1053057), (-0.4078584, -0.9068147, -0.1064829), (-0.494146, -0.8627076, -0.1074956), (-0.5855205, -0.803427, -0.1080315), (-0.6751995, -0.7297091, -0.107844), (-0.7565602, -0.6451332, -0.1068636), (-0.832933, -0.543399, -0.1045951), (-0.892726, -0.4388656, -0.1021635), (-0.928661, -0.3570347, -0.100573), (-0.9489827, -0.2992045, -0.0995414), (-0.9610166, -0.2581519, -0.0990192), (-0.9682887, -0.2294313, -0.0988852), (-0.9725652, -0.2105059, -0.0990161), (-0.9747041, -0.2002314, -0.0992942), (-0.9749808, -0.1987296, -0.0995937), (-0.9730867, -0.2077331, -0.0997456), (-0.9645937, -0.2450926, -0.0974091), (-0.9477948, -0.3051523, -0.0925586), (-0.9323146, -0.3505875, -0.0887571), (-0.9260122, -0.3673805, -0.0867923), (-0.9314102, -0.353286, -0.0875448), (-0.9492284, -0.3008328, -0.0920063), (-0.9756047, -0.194812, -0.1012117), (-0.9932481, -0.0127947, -0.1153014), (-0.9581308, 0.2548002, -0.1306226), (-0.8218595, 0.5526822, -0.1381644), (-0.6105569, 0.7806458, -0.1334635), (-0.4207044, 0.8986792, -0.1240307), (-0.292005, 0.9493212, -0.1162855), (-0.2085916, 0.9716693, -0.1111231), (-0.1525064, 0.9823983, -0.1078671), (-0.1137552, 0.9878471, -0.1059146), (-0.0868336, 0.9906883, -0.1048649), (-0.0687293, 0.9921505, -0.1044688), (-0.0579741, 0.9928253, -0.1045797), (-0.0543136, 0.9929744, -0.1051278), (-0.0467746, 0.9934245, -0.104498), (-0.0248681, 0.9943573, -0.1031266), (0.0013755, 0.9947005, -0.1028056), (0.0248464, 0.9944095, -0.1026278), (0.0458981, 0.9936662, -0.1025712), (0.0648293, 0.9926062, -0.1026166), (0.081891, 0.9913308, -0.1027482), (0.0972933, 0.9899166, -0.1029526), (0.1112097, 0.9884221, -0.1032191), (0.1237812, 0.986893, -0.1035393), (0.117785, 0.9877105, -0.1027354), (0.0907271, 0.9907274, -0.1011331), (0.0709741, 0.9924277, -0.1002495), (0.072009, 0.9923376, -0.1004028), (0.0946215, 0.9902831, -0.1019124), (0.142039, 0.9842634, -0.1051212), (0.2201972, 0.9691925, -0.1103591), (0.3371249, 0.9340742, -0.1176953), (0.4981436, 0.857864, -0.1261833), (0.6907087, 0.7108841, -0.1325341), (0.8673437, 0.4801504, -0.1310358), (0.732698, 0.1885099, -0.6539248), (0.7783033, 0.0602574, -0.6249904), (0.7984866, -0.0295089, -0.6012889), (0.8062039, -0.092114, -0.584423), (0.8078494, -0.1357067, -0.573553), (0.8066374, -0.165466, -0.5674127), (0.8042996, -0.18442, -0.5648817), (0.8018976, -0.1939626, -0.5651006), (0.8002414, -0.1938979, -0.5674657), (0.8006079, -0.1923911, -0.5674615), (0.799612, -0.2024311, -0.5653691), (0.7945556, -0.2207105, -0.5656574), (0.7878168, -0.2419983, -0.5663757), (0.7789141, -0.2666586, -0.5676144), (0.7672255, -0.2951227, -0.569445), (0.7519426, -0.3278826, -0.571905), (0.7320117, -0.36547, -0.5749701), (0.7060662, -0.4084068, -0.5785105), (0.6723603, -0.4571063, -0.5822246), (0.6321675, -0.5072249, -0.5857364), (0.5891787, -0.5541931, -0.5879953), (0.5424854, -0.5992526, -0.5887325), (0.4911287, -0.6425105, -0.5881946), (0.4377085, -0.6816144, -0.5863558), (0.3853279, -0.7148584, -0.5835237), (0.3369432, -0.7414785, -0.5802403), (0.2948104, -0.7616096, -0.5770942), (0.2602307, -0.7760001, -0.5745467), (0.2335987, -0.7856732, -0.5728431), (0.2097438, -0.7939212, -0.5706984), (0.1844287, -0.8007256, -0.5699338), (0.160529, -0.8051952, -0.5708687), (0.1389844, -0.8083388, -0.5720767), (0.1180241, -0.8105867, -0.5736022), (0.0962127, -0.8121027, -0.5755279), (0.0721351, -0.8128515, -0.577987), (0.0441365, -0.8125812, -0.5811745), (0.0100101, -0.8107143, -0.5853564), (-0.0334852, -0.8060777, -0.5908617), (-0.0758682, -0.8004499, -0.5945788), (-0.1028374, -0.7964618, -0.5958801), (-0.1275384, -0.7908584, -0.5985624), (-0.1640243, -0.7806653, -0.6030404), (-0.2123607, -0.7641306, -0.6091037), (-0.2717653, -0.7392856, -0.6161173), (-0.3402078, -0.7043374, -0.6230309), (-0.4142103, -0.6582908, -0.6285563), (-0.4891274, -0.6016007, -0.6315307), (-0.5600075, -0.5364703, -0.6313408), (-0.6303531, -0.4580798, -0.6267518), (-0.6895654, -0.3746013, -0.6198172), (-0.727217, -0.3068528, -0.6140006), (-0.7492255, -0.2582137, -0.6099073), (-0.7621876, -0.2232258, -0.6076515), (-0.7696375, -0.1984675, -0.6068516), (-0.7735762, -0.1819577, -0.6070184), (-0.7751896, -0.1728102, -0.6076329), (-0.7751864, -0.1711778, -0.6080989), (-0.7739236, -0.1785873, -0.6075762), (-0.7730624, -0.2105898, -0.5983531), (-0.7711768, -0.265812, -0.5784724), (-0.7677977, -0.3102751, -0.5605498), (-0.767141, -0.3282797, -0.5511144), (-0.7693284, -0.3165647, -0.554906), (-0.7719423, -0.268332, -0.5762839), (-0.7673717, -0.1726658, -0.6175169), (-0.739022, -0.0187624, -0.6734199), (-0.6639289, 0.187358, -0.7239444), (-0.5358334, 0.4035996, -0.7416131), (-0.3827524, 0.5780962, -0.7206284), (-0.2511985, 0.6848082, -0.6840593), (-0.1603593, 0.7403912, -0.6527678), (-0.1004297, 0.7693292, -0.6309093), (-0.0598251, 0.7851347, -0.6164288), (-0.0319122, 0.7939019, -0.6072079), (-0.0128969, 0.7986071, -0.6017145), (-0.0006273, 0.8008036, -0.5989267), (0.0059849, 0.8013299, -0.5981928), (0.0071549, 0.8006163, -0.5991347), (0.0105705, 0.8017964, -0.5975039), (0.0254001, 0.8044302, -0.5935038), (0.0447138, 0.8049771, -0.5916186), (0.0618233, 0.8047585, -0.5903741), (0.0769993, 0.8039646, -0.5896711), (0.0904762, 0.8027422, -0.5894226), (0.1024556, 0.8012048, -0.5895538), (0.1131102, 0.7994407, -0.5900005), (0.1225864, 0.7975188, -0.5907084), (0.1310064, 0.7954932, -0.5916315), (0.1257151, 0.7978269, -0.5896337), (0.1028362, 0.804711, -0.5846922), (0.0843641, 0.8093632, -0.5812176), (0.0827764, 0.8093379, -0.5814811), (0.0986049, 0.8037548, -0.5867328), (0.1337363, 0.7902438, -0.5980212), (0.1912326, 0.7642651, -0.6158968), (0.2744533, 0.7181391, -0.6394933), (0.3842897, 0.6407022, -0.664697), (0.5134334, 0.5205603, -0.6822046), (0.6422808, 0.3559924, -0.6787818), (0.1766578, 0.0383078, -0.9835266), (0.1922719, 0.0124042, -0.9812633), (0.202554, -0.0070874, -0.9792455), (0.2090247, -0.0215228, -0.9776735), (0.2128074, -0.0319558, -0.9765715), (0.2147164, -0.0391639, -0.9758909), (0.215333, -0.0436727, -0.9755636), (0.2150653, -0.0457542, -0.9755273), (0.2141919, -0.0453702, -0.9757373), (0.2154137, -0.045159, -0.9754781), (0.2173382, -0.0480067, -0.9749151), (0.2166633, -0.0523113, -0.9748439), (0.2155204, -0.0572846, -0.9748176), (0.2137794, -0.062991, -0.974849), (0.2112883, -0.0695062, -0.9749493), (0.207869, -0.0769167, -0.9751278), (0.2033128, -0.0853194, -0.9753894), (0.1973759, -0.0948203, -0.9757314), (0.1897756, -0.1055319, -0.9761395), (0.1808834, -0.1163903, -0.9765933), (0.1719187, -0.1267391, -0.9769243), (0.1626299, -0.1371064, -0.9771148), (0.1525736, -0.147385, -0.9772405), (0.1422771, -0.1570917, -0.9772817), (0.1323405, -0.1657865, -0.9772414), (0.1233423, -0.1731447, -0.9771426), (0.1157532, -0.1789997, -0.977016), (0.1098819, -0.1833463, -0.976888), (0.1058654, -0.1863106, -0.9767706), (0.1026873, -0.1894441, -0.9765072), (0.0991207, -0.1914232, -0.9764898), (0.0959673, -0.1918222, -0.9767264), (0.0936132, -0.1918839, -0.9769428), (0.0915707, -0.191671, -0.9771781), (0.0894393, -0.1911808, -0.9774715), (0.0868323, -0.1903546, -0.9778677), (0.0833207, -0.1890701, -0.9784223), (0.078371, -0.187116, -0.9792066), (0.071253, -0.1841397, -0.980314), (0.0644131, -0.1820584, -0.9811757), (0.0608358, -0.1812877, -0.9815466), (0.0576282, -0.1792933, -0.9821064), (0.0518337, -0.1758226, -0.9830563), (0.0435301, -0.1705964, -0.984379), (0.0329581, -0.1634176, -0.9860063), (0.0205452, -0.1542197, -0.9878229), (0.006897, -0.1431049, -0.9896835), (-0.0072522, -0.1303564, -0.9914407), (-0.0211249, -0.1164148, -0.992976), (-0.03637, -0.1003165, -0.9942906), (-0.049705, -0.0829806, -0.9953108), (-0.0577967, -0.0685254, -0.9959738), (-0.0622283, -0.0579761, -0.9963766), (-0.0643079, -0.0502469, -0.9966643), (-0.0648563, -0.0446833, -0.9968937), (-0.0644131, -0.0409105, -0.9970844), (-0.0633516, -0.0387697, -0.9972379), (-0.0619497, -0.0383213, -0.9973433), (-0.0604455, -0.0399397, -0.9973721), (-0.0624179, -0.0480723, -0.9968917), (-0.0679421, -0.0628989, -0.9957046), (-0.0718919, -0.0753878, -0.9945593), (-0.0739176, -0.080847, -0.9939819), (-0.0723501, -0.0772527, -0.994383), (-0.0654576, -0.0629078, -0.9958704), (-0.0520522, -0.0374516, -0.9979419), (-0.0322553, -0.0028, -0.9994757), (-0.0078846, 0.0368234, -0.9992907), (0.0180473, 0.076223, -0.9969275), (0.0429747, 0.1115368, -0.9928307), (0.0634547, 0.1380366, -0.9883923), (0.0774031, 0.1553509, -0.9848222), (0.0860253, 0.1662561, -0.982323), (0.0909505, 0.1731061, -0.9806948), (0.0932206, 0.1772927, -0.9797332), (0.0935272, 0.1796626, -0.9792722), (0.0923356, 0.1807359, -0.9791878), (0.089943, 0.180824, -0.9793942), (0.0864877, 0.180087, -0.9798411), (0.0837213, 0.1813276, -0.9798526), (0.0837089, 0.1838968, -0.9793747), (0.0848013, 0.184551, -0.9791576), (0.0853963, 0.1848392, -0.9790516), (0.0855593, 0.1848297, -0.9790391), (0.0853524, 0.1845791, -0.9791045), (0.0848338, 0.1841338, -0.9792334), (0.0840574, 0.1835321, -0.9794133), (0.0830729, 0.1828048, -0.9796332), (0.0819258, 0.1819766, -0.979884), (0.0777294, 0.1835165, -0.9799387), (0.069669, 0.1869708, -0.9798919), (0.0626503, 0.1889865, -0.9799791), (0.0594382, 0.1887397, -0.9802267), (0.0601752, 0.1856527, -0.9807711), (0.0651149, 0.1790272, -0.981687), (0.0745179, 0.168085, -0.9829519), (0.0885167, 0.1520635, -0.9843991), (0.1069397, 0.1303907, -0.9856785), (0.1291203, 0.1029459, -0.9862708), (0.1542734, 0.0703917, -0.9855175), (0.0245114, -0.001703, -0.9996981), (0.0234296, -0.0012156, -0.9997248), (0.0229014, -0.0008196, -0.9997374), (0.0228179, -0.0004937, -0.9997395), (0.0230747, -0.0002202, -0.9997337), (0.0235693, 1.59e-05, -0.9997222), (0.0241994, 0.0002286, -0.9997071), (0.0248587, 0.000432, -0.9996909), (0.02543, 0.0006439, -0.9996764), (0.0266116, 0.0005034, -0.9996457), (0.0280303, 0.0001918, -0.9996071), (0.0288296, 0.0002076, -0.9995843), (0.0297005, 0.0002275, -0.9995588), (0.0306491, 0.0002517, -0.9995302), (0.0316818, 0.0002808, -0.999498), (0.0328052, 0.0003153, -0.9994617), (0.0340263, 0.0003557, -0.9994209), (0.0353522, 0.0004027, -0.9993748), (0.0367906, 0.0004571, -0.9993229), (0.0383533, 0.0006432, -0.999264), (0.0401144, 0.0008031, -0.9991948), (0.041997, 0.0008092, -0.9991174), (0.0439779, 0.000814, -0.9990322), (0.0460663, 0.0008175, -0.998938), (0.0482693, 0.0008199, -0.998834), (0.0505932, 0.0008214, -0.998719), (0.0530452, 0.0008224, -0.9985918), (0.0556347, 0.0008236, -0.9984508), (0.0583742, 0.0008252, -0.9982944), (0.0612821, 0.0005493, -0.9981203), (0.0643678, 0.0005356, -0.9979261), (0.0677416, 0.0008544, -0.9977025), (0.071373, 0.0011156, -0.9974491), (0.0751827, 0.0013427, -0.9971689), (0.0790912, 0.0015512, -0.9968662), (0.0830192, 0.0017528, -0.9965464), (0.0868879, 0.0019578, -0.9962162), (0.090619, 0.0021769, -0.9958833), (0.0941353, 0.0024231, -0.9955565), (0.097675, 0.0022168, -0.9952159), (0.1009477, 0.0018175, -0.9948901), (0.1037545, 0.0018224, -0.9946013), (0.1064729, 0.0018131, -0.9943139), (0.1090995, 0.0017864, -0.9940292), (0.1116298, 0.0017401, -0.9937483), (0.1140585, 0.0016731, -0.9934726), (0.1163788, 0.0015858, -0.9932036), (0.1185826, 0.0014806, -0.9929431), (0.1206602, 0.0013614, -0.9926929), (0.1222862, 0.001258, -0.9924941), (0.1241182, 0.0010913, -0.9922668), (0.1261608, 0.0009, -0.9920094), (0.1279386, 0.0007569, -0.9917818), (0.1295106, 0.0006477, -0.9915778), (0.1309236, 0.0005636, -0.9913923), (0.1322187, 0.0004991, -0.9912204), (0.1334369, 0.0004508, -0.9910572), (0.1346248, 0.0004171, -0.9908966), (0.1358454, 0.0003988, -0.99073), (0.1364354, 1.74e-05, -0.990649), (0.1368056, -0.0001257, -0.9905979), (0.1379534, 0.000315, -0.9904387), (0.1391632, 0.0007505, -0.9902692), (0.1403001, 0.0011574, -0.9901084), (0.1412262, 0.0014996, -0.9899762), (0.1418086, 0.0017361, -0.9898926), (0.1419285, 0.001836, -0.9898752), (0.1414874, 0.0017922, -0.9899384), (0.1404028, 0.0016259, -0.9900931), (0.1386563, 0.0013913, -0.9903396), (0.1361186, 0.0007735, -0.9906923), (0.1328358, 0.0001324, -0.991138), (0.1289832, -0.0003552, -0.9916467), (0.1246746, -0.000745, -0.9921974), (0.1200336, -0.0010734, -0.9927692), (0.1151899, -0.0013665, -0.9933425), (0.1102773, -0.001646, -0.9938995), (0.1054326, -0.0019336, -0.9944246), (0.1007948, -0.002256, -0.9949047), (0.0964882, -0.0019706, -0.9953322), (0.0923414, -0.0014588, -0.9957263), (0.0881325, -0.0015204, -0.9961076), (0.0839123, -0.0015782, -0.9964719), (0.0797033, -0.0016334, -0.9968173), (0.075528, -0.0016871, -0.9971423), (0.0714088, -0.0017405, -0.9974456), (0.0673685, -0.0017949, -0.9977265), (0.0634297, -0.0018518, -0.9979846), (0.0596148, -0.0019132, -0.9982196), (0.055679, -0.0015672, -0.9984475), (0.051962, -0.0013218, -0.9986482), (0.0485342, -0.0015448, -0.9988203), (0.0450611, -0.0017492, -0.9989827), (0.0416207, -0.0019336, -0.9991316), (0.0382882, -0.0020935, -0.9992645), (0.0351373, -0.0022222, -0.99938), (0.0322401, -0.0023103, -0.9994775), (0.0296692, -0.0023474, -0.999557), (0.0274983, -0.0023235, -0.9996192), (0.0259123, -0.0021717, -0.9996619), (-0.1294942, -0.043653, -0.9906188), (-0.1482789, -0.0164002, -0.9888096), (-0.1605853, 0.0042186, -0.9870129), (-0.1682181, 0.0196499, -0.9855539), (-0.1725527, 0.0310109, -0.984512), (-0.1746431, 0.039124, -0.9838542), (-0.1753195, 0.0445514, -0.983503), (-0.1752764, 0.0476031, -0.9833677), (-0.1751669, 0.04829, -0.9833538), (-0.1727596, 0.0473744, -0.9838241), (-0.1691671, 0.0486848, -0.9843842), (-0.167256, 0.053123, -0.9844813), (-0.1647141, 0.0582593, -0.9846193), (-0.1613935, 0.0641634, -0.9848021), (-0.1571212, 0.0709168, -0.9850298), (-0.1516943, 0.0786126, -0.9852963), (-0.1448755, 0.0873548, -0.9855862), (-0.1363877, 0.0972562, -0.98587), (-0.1259104, 0.1084353, -0.9860975), (-0.1139631, 0.1203999, -0.9861624), (-0.101093, 0.1315895, -0.9861361), (-0.0872293, 0.1419112, -0.9860285), (-0.0723435, 0.1520445, -0.9857225), (-0.0570063, 0.1615089, -0.9852234), (-0.0418611, 0.1698841, -0.9845745), (-0.027516, 0.1768783, -0.983848), (-0.0144487, 0.1823642, -0.9831249), (-0.0029529, 0.1863734, -0.9824746), (0.0068678, 0.1890601, -0.9819415), (0.0162336, 0.1901675, -0.9816174), (0.0259942, 0.1919273, -0.9810648), (0.0357491, 0.1943389, -0.9802828), (0.0452768, 0.1960462, -0.9795488), (0.0548951, 0.1972423, -0.9788166), (0.0648469, 0.1980069, -0.9780532), (0.0753698, 0.1983378, -0.9772316), (0.0867513, 0.1981552, -0.9763241), (0.0993926, 0.1972845, -0.9752948), (0.1139043, 0.1954099, -0.9740846), (0.1283642, 0.191633, -0.9730362), (0.1386428, 0.1880767, -0.9723196), (0.1473049, 0.1855911, -0.9715231), (0.1583951, 0.1814047, -0.9705685), (0.1717669, 0.1752531, -0.9694238), (0.1870894, 0.1669864, -0.968046), (0.2038384, 0.1566177, -0.9663958), (0.2213269, 0.1443514, -0.9644569), (0.2387788, 0.1305766, -0.9622549), (0.255429, 0.1158212, -0.9598653), (0.2711383, 0.0988487, -0.9574513), (0.2863, 0.0813273, -0.9546822), (0.29848, 0.0671608, -0.9520499), (0.3066894, 0.0568561, -0.95011), (0.3123396, 0.0493264, -0.948689), (0.3163316, 0.0439222, -0.9476313), (0.3192891, 0.0402767, -0.9468011), (0.3216931, 0.0382418, -0.9460714), (0.3239831, 0.0378953, -0.9453036), (0.3266723, 0.0396476, -0.9443057), (0.3287018, 0.046047, -0.9433105), (0.3316661, 0.0591388, -0.9415414), (0.3367655, 0.0722031, -0.9388161), (0.3401398, 0.0784966, -0.937093), (0.3402255, 0.0761605, -0.9372546), (0.3353886, 0.0636555, -0.9399269), (0.3243569, 0.0406283, -0.9450619), (0.3068189, 0.0087062, -0.9517281), (0.2838403, -0.0284482, -0.9584495), (0.2576521, -0.0661984, -0.9639674), (0.2306316, -0.1009778, -0.9677874), (0.205944, -0.1298425, -0.9699113), (0.1855999, -0.1504183, -0.9710443), (0.1691723, -0.1641991, -0.9718124), (0.1554758, -0.173565, -0.9724724), (0.1437974, -0.1799895, -0.9731013), (0.1337319, -0.1844167, -0.9737075), (0.1250884, -0.1874739, -0.9742722), (0.1178448, -0.1895983, -0.9747641), (0.1121466, -0.1911191, -0.9751393), (0.1064796, -0.1905714, -0.9758815), (0.0982568, -0.1898237, -0.9768892), (0.0886355, -0.1910225, -0.9775757), (0.0795051, -0.1918087, -0.9782067), (0.0708445, -0.1922592, -0.9787837), (0.0626355, -0.19244, -0.9793077), (0.0548628, -0.1924084, -0.9797801), (0.0475151, -0.1922139, -0.9802021), (0.040585, -0.1919004, -0.9805749), (0.0340685, -0.1915079, -0.9808996), (0.0302745, -0.1911332, -0.9810971), (0.0311127, -0.1931017, -0.9806853), (0.031799, -0.1961098, -0.9800662), (0.0284676, -0.1967268, -0.980045), (0.0211238, -0.1943332, -0.9807081), (0.009653, -0.1881761, -0.9820879), (-0.0060619, -0.1774217, -0.9841162), (-0.0259872, -0.1612712, -0.9865679), (-0.0497472, -0.1391628, -0.9890192), (-0.0764285, -0.1110563, -0.9908709), (-0.1042303, -0.0773303, -0.9915423), (-0.7108199, -0.2032122, -0.6733794), (-0.7623338, -0.0711248, -0.6432638), (-0.7859697, 0.0211986, -0.6179015), (-0.7958909, 0.0856143, -0.5993562), (-0.7990986, 0.130672, -0.5868273), (-0.7991352, 0.1617841, -0.5789722), (-0.797952, 0.1821186, -0.574548), (-0.7968092, 0.1931786, -0.5725183), (-0.796764, 0.1949062, -0.5719954), (-0.7953326, 0.1926273, -0.5747529), (-0.7911244, 0.2003492, -0.577912), (-0.7862008, 0.2186125, -0.5780112), (-0.7795436, 0.2399312, -0.5785713), (-0.7706553, 0.2646888, -0.5796812), (-0.7588883, 0.2933419, -0.5814113), (-0.7433947, 0.3264151, -0.5837958), (-0.723061, 0.3644795, -0.5868028), (-0.6964315, 0.4081009, -0.5902854), (-0.6616322, 0.4577321, -0.5939059), (-0.6195385, 0.5100734, -0.596655), (-0.5733699, 0.5592437, -0.5987432), (-0.5228082, 0.6052973, -0.600239), (-0.4668141, 0.6494264, -0.6002749), (-0.4081456, 0.6891382, -0.5987535), (-0.3501544, 0.7226432, -0.5959687), (-0.2960589, 0.7491865, -0.5925105), (-0.2483168, 0.7689956, -0.5890539), (-0.2083373, 0.7829556, -0.5861536), (-0.1765386, 0.7922265, -0.5841329), (-0.1480806, 0.7983411, -0.5837153), (-0.1182737, 0.8043438, -0.5822735), (-0.0893131, 0.8098301, -0.5798262), (-0.0625715, 0.8135626, -0.5781009), (-0.0362759, 0.8160188, -0.5768859), (-0.0090283, 0.8173503, -0.5760703), (0.0205219, 0.8174662, -0.5756108), (0.053934, 0.8160152, -0.5755088), (0.0932616, 0.8122668, -0.5757821), (0.1414615, 0.8048282, -0.5764028), (0.1901383, 0.7934318, -0.5781985), (0.2224944, 0.7836663, -0.5799684), (0.2493028, 0.7749719, -0.5807467), (0.2874094, 0.7603992, -0.5823992), (0.3363707, 0.7382937, -0.5846172), (0.3947165, 0.7070508, -0.5867522), (0.4597154, 0.6655949, -0.587916), (0.5274736, 0.6139543, -0.5872237), (0.5935239, 0.5536552, -0.5841192), (0.653774, 0.4876217, -0.578623), (0.7093829, 0.4123228, -0.5716343), (0.7568825, 0.3341572, -0.5616653), (0.7887126, 0.2714507, -0.5515859), (0.807487, 0.227083, -0.5444245), (0.8189369, 0.1954116, -0.5395894), (0.8260467, 0.1730525, -0.5363764), (0.8304892, 0.1580761, -0.5341345), (0.8332699, 0.1495896, -0.5322445), (0.8350331, 0.1476366, -0.5300219), (0.8361998, 0.1534574, -0.5265176), (0.834802, 0.1778262, -0.5210408), (0.8303069, 0.2246881, -0.5100055), (0.8263792, 0.2663676, -0.4961307), (0.8247621, 0.2847172, -0.488573), (0.8260116, 0.2767012, -0.4910613), (0.8287312, 0.2369879, -0.5069924), (0.8277856, 0.1578501, -0.5383812), (0.8118562, 0.0320088, -0.5829793), (0.7641056, -0.1379698, -0.6301642), (0.6737484, -0.3275826, -0.6623842), (0.5510293, -0.4994448, -0.668522), (0.4291689, -0.6233039, -0.6536867), (0.3344887, -0.697006, -0.6342712), (0.2667915, -0.7391697, -0.6184257), (0.2176984, -0.7643966, -0.6068815), (0.1815096, -0.7799959, -0.5988829), (0.1546793, -0.7898046, -0.5935343), (0.1351204, -0.7959528, -0.5900861), (0.1217789, -0.7996811, -0.5879456), (0.1144837, -0.8017301, -0.5866194), (0.1065839, -0.8019253, -0.5878399), (0.0872083, -0.8030925, -0.589438), (0.0617737, -0.806044, -0.588623), (0.0386317, -0.8078012, -0.5881877), (0.0175435, -0.8086192, -0.5880708), (-0.0017014, -0.8087036, -0.5882139), (-0.0192851, -0.8082214, -0.5885629), (-0.0353632, -0.8073095, -0.5890678), (-0.0500666, -0.806082, -0.5896822), (-0.0635023, -0.8046364, -0.5903623), (-0.0650333, -0.8045578, -0.5903028), (-0.0471079, -0.8088507, -0.586124), (-0.0307857, -0.8135401, -0.5806934), (-0.0316646, -0.8141347, -0.579812), (-0.0500312, -0.8097163, -0.5846849), (-0.0876801, -0.7978882, -0.5963947), (-0.1477197, -0.7740848, -0.6156067), (-0.2337132, -0.7305466, -0.6416228), (-0.3469179, -0.6558613, -0.6704431), (-0.4804118, -0.538098, -0.6925713), (-0.6135569, -0.3742547, -0.6953283), (-0.9523571, -0.2775273, -0.1264698), (-0.9884111, -0.0969616, -0.1167991), (-0.9937598, 0.0224263, -0.1092639), (-0.9893045, 0.1022517, -0.1040247), (-0.9825309, 0.1565948, -0.100554), (-0.9761424, 0.1935846, -0.0983411), (-0.9711914, 0.2176686, -0.096993), (-0.9682134, 0.2308819, -0.0962105), (-0.9676978, 0.2332258, -0.0957433), (-0.9682412, 0.2306085, -0.0965856), (-0.965954, 0.2395295, -0.0977677), (-0.9603268, 0.2612004, -0.0977077), (-0.9530478, 0.2866051, -0.0977622), (-0.9436041, 0.3162537, -0.0979539), (-0.9312902, 0.3507636, -0.0983028), (-0.9151321, 0.3908548, -0.0988218), (-0.8937827, 0.4373217, -0.09951), (-0.8653875, 0.4909543, -0.100341), (-0.8274331, 0.5523624, -0.1012435), (-0.7798519, 0.6176124, -0.1019112), (-0.7266897, 0.6792747, -0.1025087), (-0.6679733, 0.7370099, -0.1030926), (-0.6016609, 0.7920379, -0.1033446), (-0.531143, 0.8409715, -0.1032183), (-0.4608158, 0.8815257, -0.1027681), (-0.3950245, 0.9129761, -0.102129), (-0.3371139, 0.9359806, -0.1014621), (-0.2889947, 0.9519984, -0.1009014), (-0.2512352, 0.9626918, -0.1005253), (-0.2186133, 0.9705977, -0.1007388), (-0.1843473, 0.9777103, -0.100492), (-0.1508417, 0.9835128, -0.0997468), (-0.1204898, 0.9877428, -0.0992289), (-0.0909752, 0.9909324, -0.098876), (-0.0604841, 0.9932816, -0.0986573), (-0.0272744, 0.9947569, -0.0985635), (0.0106588, 0.99507, -0.0986008), (0.0559627, 0.9935339, -0.0987851), (0.1124766, 0.9886973, -0.0991295), (0.171646, 0.9800592, -0.1001081), (0.2112994, 0.972176, -0.1011252), (0.242725, 0.9647577, -0.1016226), (0.2889886, 0.9518309, -0.1024865), (0.3500355, 0.9309837, -0.1036559), (0.424495, 0.8993258, -0.1049625), (0.5090793, 0.8541504, -0.1061382), (0.5984072, 0.7940324, -0.1068714), (0.6857414, 0.7199501, -0.1069143), (0.7646476, 0.6356394, -0.106191), (0.8360269, 0.5385141, -0.1051739), (0.8945939, 0.4348579, -0.1029581), (0.9311483, 0.3505841, -0.1002679), (0.9514778, 0.2915845, -0.0983281), (0.963408, 0.2498742, -0.0969945), (0.9706188, 0.2206099, -0.0960755), (0.9749332, 0.201012, -0.0953912), (0.9772518, 0.1897311, -0.0947679), (0.977922, 0.1866297, -0.0940106), (0.9767958, 0.1930013, -0.0928466), (0.9709545, 0.2210407, -0.091588), (0.9568478, 0.2765884, -0.0891133), (0.9416502, 0.3255241, -0.0856091), (0.9340774, 0.3471056, -0.0837685), (0.9367712, 0.3396082, -0.0844157), (0.9507426, 0.2970905, -0.0884634), (0.9734603, 0.2073287, -0.0969008), (0.9925754, 0.0514967, -0.1101912), (0.9748196, -0.1838674, -0.1261726), (0.8731719, -0.4675662, -0.1376686), (0.6872909, -0.7131918, -0.1377998), (0.4933924, -0.860152, -0.1292384), (0.3516969, -0.928343, -0.1203682), (0.2580996, -0.9593742, -0.113955), (0.194594, -0.9747447, -0.1095718), (0.1503316, -0.982871, -0.1066066), (0.1191552, -0.9873502, -0.1046018), (0.0976243, -0.9898538, -0.1032418), (0.0839816, -0.9912018, -0.1023039), (0.0777408, -0.9917817, -0.1016143), (0.0714036, -0.9922106, -0.1020768), (0.0508685, -0.9934051, -0.1027558), (0.0221104, -0.9945063, -0.1023154), (-0.0036947, -0.9947766, -0.1020087), (-0.0269137, -0.9944394, -0.1018134), (-0.0478587, -0.9936623, -0.101709), (-0.0667938, -0.9925726, -0.101677), (-0.0839404, -0.9912674, -0.1017006), (-0.0994822, -0.9898219, -0.101764), (-0.1135685, -0.9882956, -0.1018524), (-0.114272, -0.9881922, -0.102069), (-0.0898881, -0.9907921, -0.1012482), (-0.0659436, -0.992818, -0.0998187), (-0.0635934, -0.9930026, -0.0995071), (-0.0831738, -0.9914411, -0.1006315), (-0.1274936, -0.9864204, -0.1035383), (-0.2020835, -0.9733303, -0.1085832), (-0.3147156, -0.942081, -0.1159203), (-0.4712772, -0.8731076, -0.1248233), (-0.6621144, -0.7376167, -0.1323862), (-0.8442462, -0.5189861, -0.1337975), (-0.9661412, -0.2580137, -0.0003842), (-0.9965122, -0.0834468, -0.0002961), (-0.9994963, 0.0317349, -0.0002145), (-0.9940625, 0.1088104, -0.0001352), (-0.9869062, 0.1612954, -5.24e-05), (-0.9804171, 0.1969321, 4.01e-05), (-0.9755185, 0.2199174, 0.0001496), (-0.9726932, 0.2320946, 0.0002865), (-0.9724155, 0.2332549, 0.0004678), (-0.9728968, 0.2312396, 0.0003234), (-0.9702655, 0.2420431, 2.67e-05), (-0.9644984, 0.2640886, 4.91e-05), (-0.9570509, 0.28992, 7e-05), (-0.9473974, 0.3200597, 8.97e-05), (-0.9348138, 0.3551382, 0.0001083), (-0.9182984, 0.395889, 0.0001261), (-0.8964637, 0.4431171, 0.0001431), (-0.8673987, 0.4976137, 0.0001592), (-0.8285141, 0.5599681, 0.0001743), (-0.7804604, 0.6252052, 0.0002258), (-0.7271356, 0.6864938, 0.0002291), (-0.6677539, 0.7443821, 0.0001585), (-0.6010124, 0.7992397, 8e-05), (-0.5304278, 0.8477301, -1.6e-06), (-0.4604459, 0.8876878, -8.12e-05), (-0.3953683, 0.9185227, -0.0001544), (-0.3384335, 0.9409903, -0.0002181), (-0.2914327, 0.9565913, -0.000271), (-0.2548364, 0.9669841, -0.0003128), (-0.2222867, 0.9749812, -0.0004701), (-0.1879982, 0.9821693, -0.0004875), (-0.1551438, 0.9878918, -0.0003447), (-0.1252234, 0.9921286, -0.0002269), (-0.0959748, 0.9953838, -0.0001236), (-0.0655884, 0.9978468, -2.81e-05), (-0.0322904, 0.9994785, 6.48e-05), (0.0059944, 0.999982, 0.0001597), (0.0520396, 0.998645, 0.0002615), (0.1099061, 0.9939419, 0.0003763), (0.1674197, 0.9858857, 0.0003059), (0.2048362, 0.9787962, 0.0001425), (0.2376826, 0.9713429, 0.0001185), (0.2856003, 0.9583488, 8.54e-05), (0.3485097, 0.9373052, 4.3e-05), (0.4249609, 0.9052117, -8.7e-06), (0.5115111, 0.8592767, -6.83e-05), (0.6025647, 0.79807, -0.000133), (0.6911812, 0.7226815, -0.000199), (0.7708276, 0.6370437, -0.0002617), (0.84368, 0.5368462, -0.0004485), (0.9015746, 0.4326234, -0.0004872), (0.9367943, 0.3498804, -0.0003474), (0.9564605, 0.2918619, -0.0002281), (0.9680291, 0.250838, -0.0001185), (0.9750177, 0.2221274, -9.9e-06), (0.979166, 0.2030612, 0.0001057), (0.9813194, 0.1923856, 0.0002371), (0.9817688, 0.1900787, 0.0003969), (0.9802783, 0.197621, 0.0006052), (0.9732317, 0.2298256, 0.0005455), (0.9579327, 0.2869928, 0.0003138), (0.9426779, 0.3337039, 0.0002982), (0.9357269, 0.3527251, 0.0002575), (0.9396655, 0.3420946, 0.0001889), (0.9554171, 0.2952595, 8.55e-05), (0.9800336, 0.1988317, -6.47e-05), (0.9994732, 0.032454, -0.0002748), (0.9762652, -0.2165779, -0.0005385), (0.8610559, -0.5085097, -0.0007908), (0.6620355, -0.7494719, -0.0009005), (0.4667703, -0.8843783, -0.0007326), (0.3286735, -0.9444435, -0.0005345), (0.2382118, -0.9712132, -0.0003788), (0.1771116, -0.9841907, -0.0002482), (0.1347275, -0.9908827, -0.0001301), (0.1050941, -0.9944623, -1.5e-05), (0.0849098, -0.9963886, 0.0001055), (0.0725252, -0.9973666, 0.0002408), (0.0675637, -0.9977149, 0.000404), (0.0604327, -0.9981722, 0.0002599), (0.0386168, -0.9992541, -1.55e-05), (0.0105046, -0.9999448, 2.6e-06), (-0.0146743, -0.9998923, 2.26e-05), (-0.0372889, -0.9993045, 4.46e-05), (-0.0576524, -0.9983367, 6.89e-05), (-0.0760292, -0.9971056, 9.57e-05), (-0.0926405, -0.9956996, 0.0001254), (-0.1076699, -0.9941867, 0.0001587), (-0.1212664, -0.99262, 0.0001963), (-0.1184583, -0.992959, 8.52e-05), (-0.0920513, -0.9957543, -6.5e-06), (-0.0696943, -0.9975684, 3.83e-05), (-0.0690306, -0.9976145, 6.99e-05), (-0.0906428, -0.9958835, 9e-05), (-0.1376325, -0.9904834, 9.82e-05), (-0.2158687, -0.9764224, 9.21e-05), (-0.3333389, -0.9428071, 6.63e-05), (-0.4953011, -0.8687214, 1.3e-05), (-0.6891666, -0.7246029, -7.41e-05), (-0.8676747, -0.4971323, -0.0002978), (-0.9643517, -0.235204, 0.1212638), (-0.991223, -0.0692455, 0.1126143), (-0.9935194, 0.0404936, 0.1062053), (-0.9882139, 0.1141757, 0.1019666), (-0.9813684, 0.164427, 0.0993969), (-0.9751894, 0.1984702, 0.0980568), (-0.9705573, 0.2201965, 0.0976321), (-0.9679573, 0.2312378, 0.0979169), (-0.9678829, 0.2311758, 0.0987951), (-0.9682408, 0.2297804, 0.0985427), (-0.9652693, 0.2423651, 0.0975419), (-0.9594061, 0.2645836, 0.0976495), (-0.9518271, 0.2905988, 0.0978644), (-0.9419949, 0.3209364, 0.0982108), (-0.9291701, 0.3562295, 0.0987089), (-0.9123314, 0.3972114, 0.099371), (-0.890067, 0.4446819, 0.1001939), (-0.8604368, 0.4994178, 0.1011458), (-0.8208212, 0.5619778, 0.1021451), (-0.7726324, 0.6264198, 0.1031373), (-0.7196067, 0.6865934, 0.1037101), (-0.6601436, 0.7439409, 0.103742), (-0.5937004, 0.7980169, 0.1033867), (-0.5238659, 0.8455932, 0.1026477), (-0.4550565, 0.8846441, 0.1016293), (-0.391454, 0.914693, 0.1005013), (-0.3361407, 0.9365475, 0.0994391), (-0.2907685, 0.9517022, 0.0985734), (-0.2557127, 0.9617759, 0.09797), (-0.2235524, 0.9698443, 0.0970898), (-0.1895943, 0.9770837, 0.0967545), (-0.1577447, 0.9826957, 0.0970862), (-0.1285821, 0.9868984, 0.0974589), (-0.0999217, 0.9901681, 0.097892), (-0.0699773, 0.9926825, 0.0984103), (-0.0369633, 0.9943959, 0.0990477), (0.0012427, 0.9950017, 0.0998506), (0.0475098, 0.9937637, 0.1008786), (0.1060769, 0.9890923, 0.1021967), (0.1612731, 0.981548, 0.1027348), (0.1960485, 0.9752111, 0.1026073), (0.2299471, 0.9677276, 0.1030899), (0.2789619, 0.9546634, 0.103914), (0.342978, 0.9334563, 0.1050019), (0.4204775, 0.9010701, 0.1061666), (0.5079171, 0.8547189, 0.1071249), (0.5995948, 0.7930423, 0.107564), (0.6885095, 0.7172522, 0.1072564), (0.7681527, 0.6314034, 0.1061658), (0.8419672, 0.5294485, 0.103805), (0.8990251, 0.4260061, 0.1013544), (0.9329866, 0.3457925, 0.0998176), (0.9520847, 0.2894137, 0.0988663), (0.9633545, 0.2495206, 0.0984256), (0.9701481, 0.2216678, 0.0983668), (0.9741342, 0.2033401, 0.0985662), (0.9761207, 0.1934045, 0.0989094), (0.9763665, 0.19197, 0.0992768), (0.974582, 0.2007179, 0.0995099), (0.966619, 0.2370132, 0.0973269), (0.9508574, 0.2954178, 0.0927283), (0.936297, 0.3396994, 0.0891755), (0.930362, 0.3560782, 0.0873774), (0.9354608, 0.3422533, 0.0881803), (0.9522293, 0.2910287, 0.092529), (0.9769213, 0.1879985, 0.1013972), (0.9933007, 0.0120063, 0.1149326), (0.9602947, -0.2469389, 0.1298279), (0.8305217, -0.5397071, 0.1376591), (0.6234648, -0.7703526, 0.1335982), (0.4325158, -0.8930076, 0.1243683), (0.3011231, -0.9464402, 0.1165153), (0.215372, -0.970182, 0.111184), (0.157544, -0.9816131, 0.1077757), (0.1175469, -0.9874258, 0.1057025), (0.0897626, -0.9904592, 0.1045618), (0.0711002, -0.9920223, 0.1040991), (0.0600498, -0.9927458, 0.104162), (0.0563534, -0.9929086, 0.1046749), (0.0485909, -0.9933869, 0.1040259), (0.0259073, -0.9943813, 0.1026382), (-0.0012477, -0.9947533, 0.1022952), (-0.0255276, -0.9944458, 0.1021068), (-0.0472963, -0.9936543, 0.1020499), (-0.0668624, -0.9925241, 0.1021043), (-0.0844862, -0.9911642, 0.102253), (-0.1003857, -0.9896566, 0.1024814), (-0.1147416, -0.9880643, 0.1027777), (-0.1277011, -0.9864361, 0.1031322), (-0.1213714, -0.9873146, 0.1023662), (-0.0932413, -0.9905306, 0.1007733), (-0.0727368, -0.9923374, 0.0998792), (-0.0737858, -0.9922431, 0.1000462), (-0.0972067, -0.9900639, 0.101609), (-0.1463102, -0.9836593, 0.1049172), (-0.2270994, -0.9676064, 0.1102888), (-0.3473788, -0.9303049, 0.117732), (-0.5112449, -0.8501268, 0.1261472), (-0.7033531, -0.6984629, 0.132076), (-0.8747058, -0.4668839, 0.1300354), (-0.734689, -0.183794, 0.6530328), (-0.7787742, -0.0583131, 0.6245881), (-0.7983298, 0.0291152, 0.6015163), (-0.8059341, 0.0900019, 0.5851238), (-0.8077223, 0.1324024, 0.5745035), (-0.8067638, 0.1613722, 0.5684111), (-0.80471, 0.179844, 0.5657719), (-0.8025715, 0.1891527, 0.565774), (-0.8011179, 0.1890813, 0.5678542), (-0.8016563, 0.1876547, 0.5675674), (-0.8009035, 0.1975556, 0.5652657), (-0.7961895, 0.2154881, 0.5653735), (-0.7898545, 0.2363989, 0.5659023), (-0.7814268, 0.2606618, 0.5669459), (-0.7702935, 0.2887242, 0.5685826), (-0.7556528, 0.3211036, 0.5708602), (-0.7364503, 0.3583707, 0.5737695), (-0.7113042, 0.4011052, 0.577201), (-0.6784255, 0.4498016, 0.5808764), (-0.6389917, 0.500168, 0.5843984), (-0.5965703, 0.5476324, 0.5866878), (-0.5501745, 0.5934392, 0.5874844), (-0.4988169, 0.6376505, 0.5870124), (-0.4450783, 0.6778196, 0.5852059), (-0.3921165, 0.7121229, 0.5823449), (-0.3430002, 0.7396947, 0.5789669), (-0.3001162, 0.7606108, 0.5756747), (-0.2648779, 0.7756063, 0.5729525), (-0.2377543, 0.785721, 0.5710651), (-0.2134211, 0.7943387, 0.5687507), (-0.1875547, 0.8015019, 0.5678186), (-0.1631629, 0.8062782, 0.5685889), (-0.1411936, 0.8096627, 0.5696583), (-0.1198195, 0.8121026, 0.5710803), (-0.097554, 0.8137665, 0.5729462), (-0.0729283, 0.8146158, 0.5753978), (-0.0442242, 0.8143843, 0.5786384), (-0.0091537, 0.8124636, 0.58294), (0.0356344, 0.8076183, 0.588628), (0.0790926, 0.8016445, 0.5925457), (0.1065541, 0.7973424, 0.5940465), (0.1318137, 0.7913789, 0.596946), (0.1691813, 0.7806229, 0.601669), (0.2186378, 0.7632602, 0.6079731), (0.2792443, 0.737284, 0.6151706), (0.3487409, 0.7009313, 0.6221536), (0.4233893, 0.6533437, 0.6276014), (0.4983435, 0.5952166, 0.6303737), (0.5686066, 0.5290225, 0.6299379), (0.6377729, 0.4500343, 0.6250719), (0.695328, 0.3668245, 0.6180282), (0.7314827, 0.2998803, 0.6123764), (0.7523984, 0.2520431, 0.6085811), (0.7645654, 0.2177359, 0.6066554), (0.7714293, 0.193509, 0.6061775), (0.774929, 0.177379, 0.606648), (0.7762092, 0.1684581, 0.6075534), (0.775953, 0.1668861, 0.608314), (0.7745058, 0.1741545, 0.6081209), (0.773607, 0.2055331, 0.5994067), (0.7718733, 0.2594721, 0.5804187), (0.7686147, 0.3027919, 0.5635145), (0.7678543, 0.3202345, 0.554842), (0.7696482, 0.3085745, 0.5589485), (0.771597, 0.2612224, 0.5800009), (0.7663444, 0.1676818, 0.6201606), (0.7380137, 0.017456, 0.6745599), (0.6644375, -0.184423, 0.7242313), (0.5385099, -0.3985321, 0.7424145), (0.3860671, -0.5739836, 0.7221461), (0.2535547, -0.6826364, 0.6853594), (0.1614581, -0.7396727, 0.6533113), (0.1005583, -0.7695111, 0.6306669), (0.0593329, -0.785873, 0.615535), (0.0310935, -0.7949949, 0.6058187), (0.011986, -0.7999348, 0.5999672), (-0.0001852, -0.8022917, 0.5969321), (-0.0065334, -0.8029312, 0.596036), (-0.0072755, -0.802299, 0.596878), (-0.0104583, -0.8035393, 0.5951598), (-0.0255039, -0.8062271, 0.5910561), (-0.0451252, -0.8068126, 0.5890816), (-0.0624705, -0.8065913, 0.5877992), (-0.0778174, -0.8057625, 0.5871042), (-0.0914073, -0.8044803, 0.5869039), (-0.1034487, -0.8028644, 0.5871177), (-0.1141212, -0.8010079, 0.5876757), (-0.1235775, -0.7989839, 0.588518), (-0.1319459, -0.79685, 0.5895934), (-0.1260147, -0.7991987, 0.5877088), (-0.1019721, -0.8062241, 0.5827558), (-0.0826398, -0.8109564, 0.5792413), (-0.0807662, -0.8108969, 0.5795887), (-0.0968969, -0.8051399, 0.5851159), (-0.1329506, -0.7912196, 0.5969051), (-0.1919923, -0.7644168, 0.6154722), (-0.2772273, -0.7168193, 0.6397775), (-0.3889954, -0.6371858, 0.6653396), (-0.518921, -0.5147376, 0.6824707), (-0.6465558, -0.3493859, 0.6781557), (-0.1781931, -0.0388111, 0.9832298), (-0.1941535, -0.0123475, 0.9808935), (-0.2046483, 0.0074915, 0.9788069), (-0.2112758, 0.0221508, 0.9771755), (-0.2151957, 0.0327338, 0.9760222), (-0.2172369, 0.0400433, 0.9752972), (-0.2179845, 0.0446153, 0.9749319), (-0.2178451, 0.0467219, 0.9748644), (-0.2170951, 0.0463148, 0.9750511), (-0.2184185, 0.0461185, 0.9747648), (-0.220414, 0.0490705, 0.9741713), (-0.2198183, 0.0534897, 0.9740733), (-0.2187455, 0.0585991, 0.9740208), (-0.2170606, 0.0644671, 0.9740271), (-0.2146046, 0.0711744, 0.9741042), (-0.2111907, 0.0788138, 0.9742622), (-0.2065982, 0.0874898, 0.9745064), (-0.2005677, 0.0973175, 0.9748343), (-0.1927961, 0.10842, 0.9752306), (-0.1836892, 0.119687, 0.9756707), (-0.1744817, 0.1304377, 0.9759827), (-0.1648811, 0.1412295, 0.9761498), (-0.1544579, 0.1519415, 0.9762462), (-0.1437668, 0.1620678, 0.9762505), (-0.1334427, 0.1711459, 0.9761671), (-0.124101, 0.1788322, 0.9760215), (-0.1162447, 0.1849495, 0.9758488), (-0.1102065, 0.1894903, 0.9756782), (-0.1061363, 0.1925863, 0.9755232), (-0.1029226, 0.1958275, 0.9752223), (-0.0993256, 0.1979111, 0.9751747), (-0.0962084, 0.1983954, 0.9753887), (-0.0939346, 0.1985189, 0.9755852), (-0.0919867, 0.1983504, 0.9758051), (-0.089937, 0.1978885, 0.9760899), (-0.0873706, 0.1970715, 0.9764882), (-0.083827, 0.1957691, 0.9770606), (-0.0787341, 0.1937567, 0.9778851), (-0.07131, 0.1906598, 0.9790627), (-0.0642711, 0.1884487, 0.9799777), (-0.0607174, 0.1875885, 0.9803693), (-0.0574459, 0.1854611, 0.980971), (-0.0514368, 0.1817764, 0.9819937), (-0.0427842, 0.1762436, 0.9834163), (-0.0317583, 0.1686625, 0.9851621), (-0.0188282, 0.1589751, 0.987103), (-0.0046487, 0.1473045, 0.9890803), (0.0099964, 0.1339643, 0.9909357), (0.0242889, 0.1194303, 0.9925454), (0.0399552, 0.1026572, 0.993914), (0.053549, 0.0847555, 0.9949618), (0.0617007, 0.0699434, 0.995641), (0.0660896, 0.0591534, 0.9960588), (0.0680749, 0.0512605, 0.9963625), (0.0685054, 0.0455883, 0.9966086), (0.0679372, 0.0417505, 0.9968156), (0.0667541, 0.0395842, 0.9969839), (0.0652426, 0.0391528, 0.997101), (0.063651, 0.0408441, 0.9971361), (0.0656024, 0.0492621, 0.9966291), (0.0711226, 0.0643905, 0.9953871), (0.0749919, 0.0769798, 0.9942084), (0.0768412, 0.0823742, 0.9936347), (0.0749866, 0.0785477, 0.9940861), (0.0676842, 0.0638009, 0.9956648), (0.0537312, 0.0377555, 0.9978414), (0.0332339, 0.0022973, 0.999445), (0.0080156, -0.0383522, 0.9992321), (-0.0188548, -0.078924, 0.9967023), (-0.0447334, -0.1154484, 0.9923057), (-0.0659204, -0.1429163, 0.9875371), (-0.0802732, -0.1608932, 0.983702), (-0.0890562, -0.1722262, 0.9810235), (-0.0939516, -0.1793371, 0.9792912), (-0.0960452, -0.1836707, 0.9782844), (-0.0960643, -0.1861127, 0.9778209), (-0.0945024, -0.1872112, 0.9777634), (-0.0916774, -0.1872961, 0.9780161), (-0.0877397, -0.1865393, 0.9785218), (-0.084617, -0.187788, 0.9785579), (-0.084432, -0.1903887, 0.9780713), (-0.0853564, -0.1910685, 0.9778584), (-0.0857541, -0.1913684, 0.977765), (-0.0856958, -0.1913605, 0.9777716), (-0.0852483, -0.1911049, 0.9778608), (-0.0844748, -0.1906507, 0.9780165), (-0.0834339, -0.1900382, 0.9782251), (-0.0821798, -0.1892997, 0.9784744), (-0.0807623, -0.1884608, 0.9787543), (-0.0760165, -0.1901041, 0.9788166), (-0.0672051, -0.1937744, 0.9787415), (-0.0596107, -0.1959478, 0.9788008), (-0.0560655, -0.1957369, 0.9790525), (-0.0567299, -0.192522, 0.9796515), (-0.0618736, -0.1855597, 0.9806831), (-0.0717604, -0.1740322, 0.9821218), (-0.0864988, -0.1571582, 0.9837781), (-0.1058538, -0.1343882, 0.9852587), (-0.1290526, -0.1056813, 0.9859903), (-0.1551792, -0.0718289, 0.9852715), (-0.0272809, 0.0011672, 0.9996271), (-0.0265386, 0.0010801, 0.9996472), (-0.0262416, 0.0009834, 0.9996551), (-0.0263102, 0.0008777, 0.9996534), (-0.0266621, 0.000762, 0.9996442), (-0.0272122, 0.0006331, 0.9996295), (-0.0278712, 0.0004854, 0.9996114), (-0.0285441, 0.0003084, 0.9995925), (-0.0291238, 8.28e-05, 0.9995758), (-0.030272, 0.000225, 0.9995417), (-0.0316359, 0.0005929, 0.9994993), (-0.0324168, 0.0006478, 0.9994742), (-0.0332587, 0.0007094, 0.9994465), (-0.0341653, 0.0007785, 0.9994159), (-0.0351398, 0.0008558, 0.999382), (-0.0361852, 0.0009423, 0.9993447), (-0.0373045, 0.0010388, 0.9993034), (-0.0385, 0.0011465, 0.9992579), (-0.039774, 0.0012664, 0.9992079), (-0.0411546, 0.001256, 0.999152), (-0.0427183, 0.0012629, 0.9990864), (-0.0443798, 0.001423, 0.9990137), (-0.0461244, 0.0015818, 0.9989345), (-0.0479722, 0.0017316, 0.9988472), (-0.0499424, 0.0018653, 0.9987504), (-0.0520525, 0.0019777, 0.9986424), (-0.0543188, 0.0020661, 0.9985215), (-0.0567565, 0.00213, 0.9983858), (-0.05938, 0.0021714, 0.9982331), (-0.0621766, 0.0024801, 0.9980621), (-0.0651638, 0.0025206, 0.9978714), (-0.068454, 0.0022217, 0.9976518), (-0.0720016, 0.0019732, 0.9974026), (-0.0757206, 0.0017531, 0.9971275), (-0.0795262, 0.0015463, 0.9968316), (-0.0833334, 0.0013401, 0.9965208), (-0.0870566, 0.0011222, 0.9962027), (-0.0906085, 0.0008782, 0.9958862), (-0.0938988, 0.0005891, 0.9955816), (-0.0972317, 0.0007478, 0.9952615), (-0.1003844, 0.0011151, 0.9949481), (-0.1030767, 0.0010728, 0.9946728), (-0.1056348, 0.0010189, 0.9944045), (-0.1080576, 0.0009524, 0.9941442), (-0.1103462, 0.0008731, 0.9938928), (-0.1125042, 0.000782, 0.9936509), (-0.1145366, 0.0006812, 0.9934188), (-0.1164487, 0.000574, 0.9931965), (-0.1182449, 0.0004643, 0.9929844), (-0.1195981, 0.0003028, 0.9928223), (-0.1211657, 0.0001932, 0.9926323), (-0.1229989, 0.0001604, 0.9924068), (-0.1246397, 0.0001404, 0.9922021), (-0.1261214, 0.0001304, 0.9920148), (-0.1274741, 0.0001291, 0.9918419), (-0.1287272, 0.0001364, 0.99168), (-0.1299125, 0.0001533, 0.9915254), (-0.1310683, 0.0001827, 0.9913733), (-0.1322475, 0.0002304, 0.9912167), (-0.1327977, 0.0007627, 0.9911429), (-0.1331133, 0.0011502, 0.9911002), (-0.1341846, 0.0008899, 0.990956), (-0.1353594, 0.0005174, 0.9907964), (-0.1365373, 2.37e-05, 0.9906349), (-0.1376131, -0.0005788, 0.9904859), (-0.138471, -0.0012476, 0.9903657), (-0.1389821, -0.0019136, 0.990293), (-0.1390078, -0.0025001, 0.9902881), (-0.1384087, -0.00295, 0.9903708), (-0.1371169, -0.0032646, 0.9905495), (-0.1349093, -0.0030436, 0.9908533), (-0.1318475, -0.0026575, 0.9912664), (-0.1281471, -0.0023328, 0.9917524), (-0.1239464, -0.002048, 0.9922868), (-0.119384, -0.0017872, 0.9928465), (-0.1145988, -0.0015369, 0.9934107), (-0.1097303, -0.0012829, 0.9939606), (-0.1049175, -0.0010084, 0.9944804), (-0.100299, -0.0006893, 0.9949571), (-0.0960496, -0.0009844, 0.9953761), (-0.092, -0.0015131, 0.9957579), (-0.0878835, -0.0014657, 0.9961297), (-0.0837487, -0.001416, 0.9964859), (-0.0796189, -0.001364, 0.9968244), (-0.0755173, -0.0013093, 0.9971436), (-0.0714674, -0.0012515, 0.9974422), (-0.0674925, -0.0011897, 0.9977191), (-0.0636158, -0.001123, 0.9979738), (-0.0598607, -0.0010497, 0.9982062), (-0.0559065, -0.0014094, 0.998435), (-0.0520865, -0.0017044, 0.9986411), (-0.0485923, -0.0015189, 0.9988175), (-0.045131, -0.0013113, 0.9989802), (-0.0417817, -0.0010726, 0.9991262), (-0.0386222, -0.0007953, 0.9992536), (-0.0357285, -0.0004738, 0.9993614), (-0.0331718, -0.0001064, 0.9994497), (-0.0310178, 0.000303, 0.9995188), (-0.0293244, 0.0007425, 0.9995697), (-0.0282368, 0.0011291, 0.9996006), (0.1175351, 0.0428334, 0.9921445), (0.1359087, 0.0160363, 0.9905916), (0.148005, -0.0043317, 0.9889771), (0.1555268, -0.0196149, 0.9876369), (0.1597995, -0.0308757, 0.9866665), (0.161854, -0.0389108, 0.9860473), (0.1625107, -0.0442731, 0.985713), (0.1624598, -0.0472724, 0.9855821), (0.1623519, -0.0479243, 0.9855684), (0.1599452, -0.0469817, 0.9860072), (0.1563566, -0.0482527, 0.9865213), (0.1544573, -0.0526244, 0.986597), (0.1519372, -0.0576768, 0.9867059), (0.1486529, -0.0634751, 0.9868502), (0.1444381, -0.0700953, 0.987028), (0.1390992, -0.0776237, 0.9872315), (0.1324109, -0.0861555, 0.9874435), (0.124113, -0.0957932, 0.9876334), (0.1139072, -0.106643, 0.9877512), (0.1023339, -0.1182091, 0.9877016), (0.0899231, -0.1289616, 0.987564), (0.0765938, -0.1388244, 0.9873506), (0.0623456, -0.1484645, 0.9869505), (0.0477316, -0.157425, 0.9863767), (0.033365, -0.1653123, 0.9856767), (0.0198171, -0.1718599, 0.9849221), (0.0075298, -0.1769584, 0.9841895), (-0.0032319, -0.1806483, 0.9835424), (-0.0123815, -0.1830837, 0.9830194), (-0.0211023, -0.183986, 0.9827023), (-0.0301792, -0.185564, 0.9821686), (-0.0392124, -0.187821, 0.9814202), (-0.0480122, -0.1894126, 0.9807231), (-0.0568822, -0.1905297, 0.9800321), (-0.0660568, -0.191254, 0.9793153), (-0.075766, -0.1915878, 0.9785467), (-0.0862888, -0.191459, 0.9777002), (-0.0980141, -0.1907032, 0.9767423), (-0.1115329, -0.1890202, 0.9756187), (-0.1249642, -0.1854965, 0.9746666), (-0.1344717, -0.182162, 0.97403), (-0.1425565, -0.179874, 0.9733052), (-0.1529635, -0.175967, 0.9724391), (-0.1655666, -0.1701829, 0.9714039), (-0.1800683, -0.1623687, 0.9701607), (-0.1959868, -0.1525223, 0.9686723), (-0.2126816, -0.1408221, 0.9669207), (-0.2294187, -0.127624, 0.9649244), (-0.2454633, -0.1134223, 0.9627477), (-0.260702, -0.0969411, 0.9605399), (-0.2754477, -0.0799169, 0.9579884), (-0.2873368, -0.0661584, 0.9555421), (-0.2953923, -0.0561189, 0.9537264), (-0.3009624, -0.048768, 0.9523882), (-0.3049157, -0.0434885, 0.9513859), (-0.3078584, -0.0399331, 0.9505938), (-0.3102632, -0.0379665, 0.9498923), (-0.3125659, -0.0376768, 0.9491486), (-0.3152818, -0.0394861, 0.9481763), (-0.3173455, -0.0459619, 0.9471955), (-0.3203374, -0.0590584, 0.9454608), (-0.3254676, -0.0721135, 0.9427993), (-0.3288561, -0.0784034, 0.9411199), (-0.3289123, -0.0760206, 0.9412957), (-0.3239859, -0.0634067, 0.9439347), (-0.312832, -0.0402636, 0.9489547), (-0.295233, -0.0083578, 0.9553887), (-0.2723901, 0.0284932, 0.9617649), (-0.2466355, 0.0655925, 0.966886), (-0.2203501, 0.0994524, 0.9703376), (-0.1966087, 0.1272996, 0.972183), (-0.1772403, 0.1469797, 0.9731304), (-0.1617361, 0.1600449, 0.9737695), (-0.1489143, 0.1688415, 0.974329), (-0.1380649, 0.1748156, 0.9748731), (-0.1287816, 0.1788911, 0.9754042), (-0.1208665, 0.1816804, 0.9759014), (-0.1142856, 0.1836093, 0.9763332), (-0.1091658, 0.1849983, 0.9766568), (-0.104039, 0.1843401, 0.9773406), (-0.0964847, 0.1834665, 0.9782795), (-0.0876433, 0.1845578, 0.9789061), (-0.0792694, 0.1852806, 0.9794833), (-0.0713392, 0.1857073, 0.980012), (-0.0638327, 0.1858997, 0.9804931), (-0.0567332, 0.1859106, 0.9809274), (-0.0500279, 0.1857856, 0.9813159), (-0.0437082, 0.1855644, 0.9816595), (-0.0377692, 0.1852829, 0.9819591), (-0.0344506, 0.1849985, 0.9821348), (-0.0354578, 0.1869437, 0.9817305), (-0.0362496, 0.1898965, 0.9811347), (-0.0332556, 0.1905734, 0.9811095), (-0.0264683, 0.1883838, 0.9817388), (-0.0157599, 0.1826023, 0.9830605), (-0.0009891, 0.1724129, 0.9850243), (0.0178579, 0.1570115, 0.9874353), (0.0404837, 0.1357944, 0.9899096), (0.0660811, 0.1086347, 0.991883), (0.09297, 0.0757847, 0.9927806), (0.7023801, 0.2089529, 0.6804416), (0.7564412, 0.0731235, 0.6499613), (0.7812732, -0.0223274, 0.6237898), (0.7915943, -0.0890109, 0.6045291), (0.7947979, -0.1356207, 0.5915263), (0.7946468, -0.1677458, 0.5834363), (0.7932162, -0.1886847, 0.5789699), (0.7918446, -0.2000171, 0.5770401), (0.7916535, -0.2017041, 0.576715), (0.790062, -0.1993126, 0.5797211), (0.7855444, -0.2072769, 0.5830577), (0.780216, -0.2260433, 0.5832388), (0.7730591, -0.247913, 0.5838825), (0.7635582, -0.273258, 0.5850717), (0.7510477, -0.3025162, 0.5868656), (0.7346629, -0.3361809, 0.5892816), (0.7132804, -0.3747742, 0.5922629), (0.6854516, -0.4187865, 0.595629), (0.6493434, -0.4685623, 0.5990013), (0.6060414, -0.5206478, 0.6013649), (0.5589577, -0.5691578, 0.6030138), (0.5078034, -0.6142207, 0.6040436), (0.4516426, -0.6570425, 0.6035844), (0.3932957, -0.6952576, 0.6016106), (0.3360711, -0.7272445, 0.5984744), (0.2830545, -0.7523986, 0.5947912), (0.2365353, -0.7710391, 0.5912273), (0.1977723, -0.784078, 0.5883092), (0.167081, -0.7926554, 0.5863287), (0.1396593, -0.798199, 0.5859809), (0.1110006, -0.803688, 0.5846062), (0.0832615, -0.8087542, 0.5822234), (0.0577106, -0.8121682, 0.580562), (0.0326213, -0.8143908, 0.5793992), (0.0066326, -0.8155721, 0.5786174), (-0.0215712, -0.8156316, 0.5781693), (-0.0535112, -0.8142412, 0.5780552), (-0.0911948, -0.8107126, 0.578298), (-0.1375252, -0.8037259, 0.5788881), (-0.1842921, -0.7929872, 0.5806959), (-0.2153301, -0.7838116, 0.5824709), (-0.2412041, -0.7756754, 0.5832223), (-0.2781561, -0.7619231, 0.5848951), (-0.3258631, -0.7409396, 0.5872153), (-0.383046, -0.7111102, 0.5895744), (-0.4472132, -0.6712606, 0.5911087), (-0.5146928, -0.6212161, 0.5909161), (-0.5811293, -0.5622348, 0.5883713), (-0.642372, -0.4970027, 0.5833923), (-0.6995666, -0.4217492, 0.5768312), (-0.7488411, -0.3429597, 0.5671117), (-0.7821007, -0.2793508, 0.5570293), (-0.8018687, -0.2341143, 0.5497245), (-0.8140037, -0.2017205, 0.544708), (-0.8215881, -0.1788111, 0.5413128), (-0.8263613, -0.1634603, 0.5388949), (-0.8293733, -0.1547836, 0.5368258), (-0.8312974, -0.1528503, 0.5343981), (-0.8325703, -0.1589635, 0.5306198), (-0.8311325, -0.1843567, 0.524625), (-0.826395, -0.2328751, 0.5126796), (-0.822226, -0.2758655, 0.497838), (-0.8205626, -0.2947653, 0.4896841), (-0.8220136, -0.2864563, 0.4921752), (-0.8251122, -0.2453383, 0.5089194), (-0.8243673, -0.1632117, 0.5420152), (-0.8076103, -0.0324666, 0.5888222), (-0.7570127, 0.1433945, 0.6374714), (-0.6623642, 0.3369804, 0.6691173), (-0.5365568, 0.5088477, 0.673187), (-0.4145551, 0.6301017, 0.6565942), (-0.3214523, 0.7011599, 0.63643), (-0.2556555, 0.7414289, 0.620422), (-0.2083353, 0.7653722, 0.6089349), (-0.173692, 0.7801073, 0.6010522), (-0.1481774, 0.7893336, 0.5958153), (-0.1297195, 0.7950921, 0.5924537), (-0.1172712, 0.7985666, 0.5903718), (-0.1106506, 0.8004623, 0.5890811), (-0.1033513, 0.800507, 0.5903449), (-0.0849463, 0.8014607, 0.5919838), (-0.0607674, 0.8042481, 0.5911788), (-0.0388057, 0.8059325, 0.5907343), (-0.0188232, 0.806753, 0.5905889), (-0.0006116, 0.8069015, 0.5906856), (0.0160083, 0.8065332, 0.5909721), (0.0311892, 0.8057745, 0.5914006), (0.0450591, 0.8047308, 0.5919274), (0.0577228, 0.8034914, 0.5925113), (0.0587647, 0.8035166, 0.5923747), (0.0410907, 0.8076826, 0.588184), (0.0251345, 0.8122388, 0.5827834), (0.0257712, 0.8128764, 0.5818658), (0.0432821, 0.8087248, 0.5865926), (0.0794449, 0.7975104, 0.5980515), (0.1374052, 0.7748724, 0.6170029), (0.2209834, 0.7332877, 0.643005), (0.3322033, 0.6613432, 0.6725073), (0.465531, 0.5462184, 0.6963665), (0.6013479, 0.3827576, 0.7013397), (0.9493299, 0.2871744, 0.1276855), (0.9879414, 0.100485, 0.1177903), (0.9936581, -0.0234573, 0.1099696), (0.9888247, -0.1063047, 0.104523), (0.9815131, -0.1626173, 0.1009341), (0.9746334, -0.2008808, 0.098674), (0.96931, -0.2257544, 0.0973298), (0.9661102, -0.2393788, 0.0965859), (0.9655538, -0.2417755, 0.0961789), (0.9661331, -0.2390786, 0.0970991), (0.963675, -0.248311, 0.0983475), (0.9576408, -0.2706591, 0.0983252), (0.9498483, -0.2968193, 0.0984201), (0.939759, -0.3272924, 0.0986541), (0.9266367, -0.3626769, 0.099045), (0.9094725, -0.4036572, 0.0996021), (0.8868857, -0.4509655, 0.1003191), (0.8570003, -0.5052888, 0.1011615), (0.8173189, -0.5670769, 0.1020471), (0.7679895, -0.632181, 0.1026615), (0.7133761, -0.6931424, 0.10319), (0.6536064, -0.7496967, 0.1036993), (0.5867476, -0.8030811, 0.1038654), (0.5163162, -0.8501014, 0.1036595), (0.4466764, -0.8887295, 0.1031509), (0.3819995, -0.9184629, 0.1024809), (0.3253958, -0.9400812, 0.1018086), (0.2785657, -0.955064, 0.1012614), (0.2419357, -0.9650307, 0.1009104), (0.2103416, -0.9723802, 0.1011593), (0.1772127, -0.9789823, 0.1009426), (0.1448853, -0.9843599, 0.1002193), (0.115638, -0.988273, 0.099721), (0.0872226, -0.9912192, 0.099382), (0.0578826, -0.9933857, 0.0991689), (0.0259338, -0.9947424, 0.0990707), (-0.0105627, -0.9950222, 0.099092), (-0.0541712, -0.993587, 0.0992487), (-0.1086263, -0.9890848, 0.0995566), (-0.1656717, -0.9810455, 0.1005115), (-0.2039363, -0.9737074, 0.1015085), (-0.2343568, -0.9667881, 0.101969), (-0.2792496, -0.9546999, 0.1028001), (-0.3387018, -0.9351338, 0.1039508), (-0.4116066, -0.9052617, 0.1052674), (-0.4950539, -0.8623111, 0.1064954), (-0.584058, -0.8045852, 0.1073264), (-0.6721131, -0.7326038, 0.107497), (-0.752699, -0.6496281, 0.1068995), (-0.826582, -0.5527464, 0.1059883), (-0.8879332, -0.4481006, 0.1038289), (-0.9265874, -0.3622311, 0.1011156), (-0.9482219, -0.3017481, 0.0991129), (-0.9609664, -0.2588372, 0.0977087), (-0.9686878, -0.2286673, 0.0967218), (-0.9733148, -0.2084404, 0.0959733), (-0.9758032, -0.1967956, 0.0952867), (-0.976521, -0.1936081, 0.0944603), (-0.9753064, -0.200223, 0.0932103), (-0.9690235, -0.2292699, 0.0918086), (-0.9539069, -0.2865735, 0.0890912), (-0.937689, -0.3368334, 0.0853379), (-0.9296389, -0.3589231, 0.083341), (-0.9325271, -0.3512031, 0.0839622), (-0.9474541, -0.3075024, 0.0881647), (-0.9718146, -0.2148627, 0.0970069), (-0.9923996, -0.0531782, 0.1109738), (-0.9732099, 0.191248, 0.1276195), (-0.8650201, 0.4820797, 0.1390659), (-0.6729023, 0.7266586, 0.1384546), (-0.478649, 0.8684229, 0.1293706), (-0.3395455, 0.9328513, 0.1204048), (-0.2485937, 0.9618689, 0.1140588), (-0.1872038, 0.9761686, 0.1097705), (-0.1445459, 0.9837079, 0.1068893), (-0.1145641, 0.9878566, 0.104949), (-0.0938999, 0.990173, 0.1036351), (-0.0808435, 0.9914189, 0.1027277), (-0.0749198, 0.9919534, 0.1020564), (-0.0688663, 0.9923415, 0.1025465), (-0.0491209, 0.9934411, 0.1032566), (-0.0214857, 0.994467, 0.102829), (0.0033026, 0.9947249, 0.1025257), (0.0256017, 0.9944215, 0.1023251), (0.0457146, 0.9937121, 0.1022076), (0.0638965, 0.9927142, 0.1021555), (0.0803612, 0.9915174, 0.1021531), (0.0952854, 0.9901913, 0.1021856), (0.108813, 0.9887906, 0.1022392), (0.1093742, 0.9887081, 0.1024377), (0.0857667, 0.9911194, 0.1016185), (0.0626656, 0.9929929, 0.1001904), (0.0603807, 0.993168, 0.0998579), (0.0792344, 0.9917341, 0.1009225), (0.121967, 0.9870996, 0.1037227), (0.1940427, 0.9749607, 0.1086235), (0.3034057, 0.9457948, 0.1158328), (0.456996, 0.8806742, 0.1247699), (0.6478428, 0.7501217, 0.1327294), (0.8351607, 0.5332362, 0.1347804)] (interpolation = "vertex")
  uniform token subdivisionScheme = "none"
  uniform bool doubleSided = true
  rel material:binding = </Wayfarer/Materials/Frame>
 }
 def Mesh "LeftLens" (prepend apiSchemas = ["MaterialBindingAPI"]) {
  point3f[] points = [(-0.0340604, 0.0012619, 0.0482209), (-0.0340245, 0.0010461, 0.0482235), (-0.0340201, 0.000799, 0.0482238), (-0.0340416, 0.0005287, 0.0482222), (-0.0340833, 0.0002432, 0.0482192), (-0.0341397, -4.93e-05, 0.0482151), (-0.0342052, -0.0003408, 0.0482103), (-0.0342741, -0.0006232, 0.0482053), (-0.0343409, -0.0008884, 0.0482004), (-0.0344, -0.0011283, 0.0481961), (-0.0344554, -0.001352, 0.048192), (-0.0345152, -0.0015729, 0.0481876), (-0.0345798, -0.0017894, 0.0481829), (-0.0346496, -0.002, 0.0481777), (-0.034725, -0.0022031, 0.0481721), (-0.0348064, -0.0023973, 0.0481661), (-0.0348942, -0.0025809, 0.0481596), (-0.0349888, -0.0027525, 0.0481525), (-0.0350906, -0.0029105, 0.0481449), (-0.0352, -0.0030533, 0.0481367), (-0.0353149, -0.00318, 0.0481281), (-0.0354336, -0.0032915, 0.0481191), (-0.0355574, -0.0033894, 0.0481097), (-0.0356875, -0.0034753, 0.0480998), (-0.035825, -0.0035506, 0.0480893), (-0.0359712, -0.003617, 0.0480781), (-0.0361273, -0.0036759, 0.0480661), (-0.0362944, -0.0037289, 0.0480532), (-0.0364738, -0.0037775, 0.0480393), (-0.0366667, -0.0038233, 0.0480243), (-0.0368804, -0.0038668, 0.0480075), (-0.0371179, -0.0039065, 0.0479887), (-0.0373735, -0.0039413, 0.0479684), (-0.0376416, -0.0039701, 0.047947), (-0.0379167, -0.0039918, 0.0479248), (-0.0381931, -0.0040051, 0.0479024), (-0.0384652, -0.0040088, 0.0478801), (-0.0387275, -0.004002, 0.0478585), (-0.0389743, -0.0039833, 0.0478381), (-0.0392, -0.0039517, 0.0478193), (-0.0394099, -0.0039121, 0.0478016), (-0.0396128, -0.0038685, 0.0477845), (-0.0398082, -0.0038183, 0.047768), (-0.0399957, -0.0037587, 0.047752), (-0.040175, -0.003687, 0.0477367), (-0.0403456, -0.0036005, 0.047722), (-0.0405071, -0.0034967, 0.0477081), (-0.0406592, -0.0033726, 0.047695), (-0.0408014, -0.0032257, 0.0476826), (-0.0409333, -0.0030533, 0.0476711), (-0.0410535, -0.0028443, 0.0476606), (-0.0411616, -0.0025954, 0.0476511), (-0.0412587, -0.0023155, 0.0476426), (-0.0413461, -0.0020133, 0.0476349), (-0.041425, -0.0016978, 0.0476279), (-0.0414965, -0.0013778, 0.0476216), (-0.0415619, -0.0010622, 0.0476158), (-0.0416224, -0.0007598, 0.0476104), (-0.0416791, -0.0004794, 0.0476054), (-0.0417333, -0.00023, 0.0476006), (-0.041796, -3e-06, 0.047595), (-0.041872, 0.0002156, 0.0475882), (-0.0419533, 0.0004249, 0.0475809), (-0.042032, 0.0006242, 0.0475739), (-0.0421, 0.0008127, 0.0475678), (-0.0421493, 0.0009897, 0.0475633), (-0.042172, 0.0011543, 0.0475613), (-0.04216, 0.0013059, 0.0475624), (-0.0421053, 0.0014436, 0.0475673), (-0.042, 0.0015667, 0.0475767), (-0.0418357, 0.0016729, 0.0475914), (-0.041616, 0.0017617, 0.047611), (-0.041351, 0.0018352, 0.0476344), (-0.0410507, 0.0018952, 0.0476608), (-0.040725, 0.0019436, 0.0476892), (-0.040384, 0.0019825, 0.0477187), (-0.0400377, 0.0020136, 0.0477485), (-0.039696, 0.0020389, 0.0477775), (-0.039369, 0.0020604, 0.0478051), (-0.0390667, 0.00208, 0.0478304), (-0.0387783, 0.0020949, 0.0478543), (-0.0384875, 0.0021016, 0.0478783), (-0.0381959, 0.0021008, 0.0479021), (-0.0379051, 0.0020933, 0.0479258), (-0.0376167, 0.00208, 0.047949), (-0.0373323, 0.0020615, 0.0479717), (-0.0370535, 0.0020387, 0.0479938), (-0.0367819, 0.0020122, 0.0480152), (-0.0365191, 0.001983, 0.0480358), (-0.0362667, 0.0019517, 0.0480554), (-0.0360155, 0.0019252, 0.0480747), (-0.0357589, 0.0019065, 0.0480944), (-0.0355021, 0.0018906, 0.0481139), (-0.0352501, 0.0018726, 0.0481329), (-0.0350083, 0.0018474, 0.048151), (-0.0347819, 0.00181, 0.0481679), (-0.0345759, 0.0017554, 0.0481831), (-0.0343957, 0.0016786, 0.0481964), (-0.0342465, 0.0015746, 0.0482073), (-0.0341333, 0.0014383, 0.0482156), (-0.0301208, 0.0035239, 0.0483656), (-0.0300491, 0.0030923, 0.0483702), (-0.0300403, 0.0025981, 0.0483708), (-0.0300832, 0.0020574, 0.048368), (-0.0301667, 0.0014865, 0.0483626), (-0.0302795, 0.0009014, 0.0483554), (-0.0304104, 0.0003184, 0.0483469), (-0.0305483, -0.0002464, 0.0483379), (-0.0306819, -0.0007768, 0.0483292), (-0.0308, -0.0012567, 0.0483215), (-0.0309108, -0.001704, 0.0483142), (-0.0310304, -0.0021458, 0.0483063), (-0.0311596, -0.0025788, 0.0482977), (-0.0312992, -0.0029999, 0.0482884), (-0.03145, -0.0034062, 0.0482783), (-0.0316128, -0.0037946, 0.0482673), (-0.0317884, -0.0041619, 0.0482555), (-0.0319776, -0.004505, 0.0482426), (-0.0321812, -0.004821, 0.0482287), (-0.0324, -0.0051067, 0.0482136), (-0.0326297, -0.00536, 0.0481977), (-0.0328672, -0.005583, 0.0481811), (-0.0331148, -0.0057789, 0.0481636), (-0.0333749, -0.0059506, 0.0481452), (-0.03365, -0.0061012, 0.0481255), (-0.0339424, -0.0062339, 0.0481044), (-0.0342545, -0.0063518, 0.0480817), (-0.0345888, -0.0064578, 0.0480572), (-0.0349476, -0.006555, 0.0480306), (-0.0353333, -0.0066467, 0.0480017), (-0.0357608, -0.0067335, 0.0479692), (-0.0362357, -0.006813, 0.0479328), (-0.0367469, -0.0068827, 0.047893), (-0.0372832, -0.0069403, 0.0478506), (-0.0378333, -0.0069835, 0.0478065), (-0.0383861, -0.0070101, 0.0477616), (-0.0389304, -0.0070177, 0.0477167), (-0.0394549, -0.0070039, 0.0476729), (-0.0399485, -0.0069666, 0.0476311), (-0.0404, -0.0069033, 0.0475924), (-0.0408199, -0.0068242, 0.047556), (-0.0412256, -0.006737, 0.0475205), (-0.0416164, -0.0066365, 0.0474859), (-0.0419915, -0.0065173, 0.0474525), (-0.04235, -0.006374, 0.0474202), (-0.0426912, -0.0062011, 0.0473893), (-0.0430143, -0.0059933, 0.0473598), (-0.0433184, -0.0057453, 0.0473318), (-0.0436028, -0.0054515, 0.0473054), (-0.0438667, -0.0051067, 0.0472808), (-0.0441071, -0.0046887, 0.0472582), (-0.0443232, -0.0041909, 0.0472378), (-0.0445175, -0.003631, 0.0472194), (-0.0446923, -0.0030266, 0.0472028), (-0.04485, -0.0023956, 0.0471877), (-0.0449931, -0.0017556, 0.047174), (-0.0451239, -0.0011244, 0.0471614), (-0.0452448, -0.0005195, 0.0471498), (-0.0453583, 4.12e-05, 0.0471388), (-0.0454667, 0.00054, 0.0471283), (-0.045592, 0.000994, 0.0471161), (-0.045744, 0.0014311, 0.0471013), (-0.0459067, 0.0018498, 0.0470854), (-0.046064, 0.0022484, 0.04707), (-0.0462, 0.0026254, 0.0470566), (-0.0462987, 0.0029794, 0.0470469), (-0.046344, 0.0033087, 0.0470424), (-0.04632, 0.0036118, 0.0470448), (-0.0462107, 0.0038872, 0.0470555), (-0.046, 0.0041333, 0.0470763), (-0.0456713, 0.0043457, 0.0471084), (-0.045232, 0.0045235, 0.047151), (-0.044702, 0.0046704, 0.0472018), (-0.0441013, 0.0047904, 0.0472587), (-0.04345, 0.0048873, 0.0473196), (-0.042768, 0.0049649, 0.0473823), (-0.0420753, 0.0050272, 0.047445), (-0.041392, 0.0050779, 0.0475058), (-0.040738, 0.0051209, 0.0475631), (-0.0401333, 0.00516, 0.0476153), (-0.0395565, 0.0051898, 0.0476643), (-0.0389749, 0.0052031, 0.047713), (-0.0383917, 0.0052016, 0.0477611), (-0.0378101, 0.0051867, 0.0478084), (-0.0372333, 0.00516, 0.0478546), (-0.0366645, 0.005123, 0.0478994), (-0.0361069, 0.0050774, 0.0479427), (-0.0355637, 0.0050245, 0.0479842), (-0.0350381, 0.004966, 0.0480238), (-0.0345333, 0.0049033, 0.0480613), (-0.0340311, 0.0048503, 0.048098), (-0.0335179, 0.004813, 0.048135), (-0.0330041, 0.0047813, 0.0481714), (-0.0325003, 0.0047452, 0.0482066), (-0.0320167, 0.0046948, 0.0482399), (-0.0315637, 0.00462, 0.0482706), (-0.0311519, 0.0045108, 0.0482982), (-0.0307915, 0.0043571, 0.048322), (-0.0304929, 0.0041491, 0.0483415), (-0.0302667, 0.0038767, 0.0483562), (-0.0261812, 0.0057858, 0.0483938), (-0.0260736, 0.0051384, 0.0483998), (-0.0260604, 0.0043971, 0.0484006), (-0.0261248, 0.0035861, 0.048397), (-0.02625, 0.0027297, 0.04839), (-0.0264192, 0.0018521, 0.0483805), (-0.0266156, 0.0009776, 0.0483694), (-0.0268224, 0.0001304, 0.0483576), (-0.0270228, -0.0006652, 0.0483461), (-0.0272, -0.001385, 0.0483358), (-0.0273662, -0.0020561, 0.0483262), (-0.0275456, -0.0027186, 0.0483157), (-0.0277394, -0.0033681, 0.0483042), (-0.0279488, -0.0039999, 0.0482918), (-0.028175, -0.0046094, 0.0482782), (-0.0284192, -0.0051919, 0.0482635), (-0.0286826, -0.0057428, 0.0482475), (-0.0289664, -0.0062576, 0.04823), (-0.0292718, -0.0067315, 0.048211), (-0.0296, -0.00716, 0.0481904), (-0.0299446, -0.00754, 0.0481685), (-0.0303008, -0.0078746, 0.0481457), (-0.0306722, -0.0081683, 0.0481215), (-0.0310624, -0.0084259, 0.0480958), (-0.031475, -0.0086519, 0.0480683), (-0.0319136, -0.0088509, 0.0480386), (-0.0323818, -0.0090276, 0.0480065), (-0.0328832, -0.0091866, 0.0479716), (-0.0334214, -0.0093326, 0.0479335), (-0.034, -0.00947, 0.0478919), (-0.0346412, -0.0096003, 0.047845), (-0.0353536, -0.0097195, 0.0477918), (-0.0361204, -0.009824, 0.0477333), (-0.0369248, -0.0099104, 0.0476707), (-0.03775, -0.0099753, 0.0476049), (-0.0385792, -0.0100152, 0.0475374), (-0.0393956, -0.0100265, 0.0474695), (-0.0401824, -0.0100059, 0.0474027), (-0.0409228, -0.0099499, 0.0473387), (-0.0416, -0.009855, 0.0472791), (-0.0422298, -0.0097362, 0.0472228), (-0.0428384, -0.0096055, 0.0471675), (-0.0434246, -0.0094548, 0.0471136), (-0.0439872, -0.009276, 0.0470611), (-0.044525, -0.0090609, 0.0470104), (-0.0450368, -0.0088016, 0.0469615), (-0.0455214, -0.00849, 0.0469147), (-0.0459776, -0.0081179, 0.0468701), (-0.0464042, -0.0076772, 0.0468281), (-0.0468, -0.00716, 0.0467887), (-0.0471606, -0.006533, 0.0467526), (-0.0474848, -0.0057863, 0.0467199), (-0.0477762, -0.0049464, 0.0466903), (-0.0480384, -0.00404, 0.0466635), (-0.048275, -0.0030934, 0.0466392), (-0.0484896, -0.0021334, 0.046617), (-0.0486858, -0.0011865, 0.0465967), (-0.0488672, -0.0002793, 0.0465778), (-0.0490374, 0.0005618, 0.04656), (-0.0492, 0.00131, 0.046543), (-0.049388, 0.0019911, 0.0465232), (-0.049616, 0.0026467, 0.0464991), (-0.04986, 0.0032747, 0.0464732), (-0.050096, 0.0038726, 0.0464481), (-0.0503, 0.0044381, 0.0464262), (-0.050448, 0.004969, 0.0464103), (-0.050516, 0.005463, 0.046403), (-0.05048, 0.0059177, 0.0464069), (-0.050316, 0.0063308, 0.0464245), (-0.05, 0.0067, 0.0464583), (-0.049507, 0.0070186, 0.0465107), (-0.048848, 0.0072852, 0.0465798), (-0.048053, 0.0075056, 0.046662), (-0.047152, 0.0076856, 0.0467535), (-0.046175, 0.0078309, 0.0468507), (-0.045152, 0.0079474, 0.0469504), (-0.044113, 0.0080408, 0.0470493), (-0.043088, 0.0081168, 0.0471447), (-0.042107, 0.0081813, 0.0472338), (-0.0412, 0.00824, 0.0473144), (-0.0403348, 0.0082847, 0.0473896), (-0.0394624, 0.0083047, 0.0474639), (-0.0385876, 0.0083024, 0.0475367), (-0.0377152, 0.00828, 0.0476077), (-0.03685, 0.00824, 0.0476765), (-0.0359968, 0.0081846, 0.0477428), (-0.0351604, 0.008116, 0.0478063), (-0.0343456, 0.0080367, 0.0478667), (-0.0335572, 0.0079489, 0.0479238), (-0.0328, 0.007855, 0.0479774), (-0.0320466, 0.0077755, 0.0480295), (-0.0312768, 0.0077195, 0.0480815), (-0.0305062, 0.0076719, 0.0481323), (-0.0297504, 0.0076178, 0.0481809), (-0.029025, 0.0075422, 0.0482264), (-0.0283456, 0.00743, 0.048268), (-0.0277278, 0.0072661, 0.0483049), (-0.0271872, 0.0070357, 0.0483366), (-0.0267394, 0.0067237, 0.0483623), (-0.0264, 0.006315, 0.0483816), (-0.0222416, 0.0080478, 0.0483057), (-0.0220981, 0.0071846, 0.0483125), (-0.0220805, 0.0061962, 0.0483133), (-0.0221664, 0.0051148, 0.0483092), (-0.0223333, 0.0039729, 0.0483013), (-0.0225589, 0.0028028, 0.0482905), (-0.0228208, 0.0016367, 0.0482778), (-0.0230965, 0.0005071, 0.0482643), (-0.0233637, -0.0005537, 0.0482511), (-0.0236, -0.0015133, 0.0482392), (-0.0238216, -0.0024081, 0.048228), (-0.0240608, -0.0032915, 0.0482158), (-0.0243192, -0.0041575, 0.0482025), (-0.0245984, -0.0049999, 0.0481879), (-0.0249, -0.0058125, 0.048172), (-0.0252256, -0.0065892, 0.0481546), (-0.0255768, -0.0073238, 0.0481355), (-0.0259552, -0.0080101, 0.0481147), (-0.0263624, -0.008642, 0.048092), (-0.0268, -0.0092133, 0.0480672), (-0.0272595, -0.00972, 0.0480407), (-0.0277344, -0.0101661, 0.0480129), (-0.0282296, -0.0105578, 0.0479833), (-0.0287499, -0.0109012, 0.0479517), (-0.0293, -0.0112025, 0.0479176), (-0.0298848, -0.0114679, 0.0478807), (-0.0305091, -0.0117035, 0.0478405), (-0.0311776, -0.0119155, 0.0477965), (-0.0318952, -0.0121101, 0.0477482), (-0.0326667, -0.0122933, 0.0476951), (-0.0335216, -0.0124671, 0.0476347), (-0.0344715, -0.012626, 0.0475658), (-0.0354939, -0.0127653, 0.0474895), (-0.0365664, -0.0128806, 0.0474071), (-0.0376667, -0.0129671, 0.04732), (-0.0387723, -0.0130202, 0.0472298), (-0.0398608, -0.0130354, 0.0471385), (-0.0409099, -0.0130079, 0.0470481), (-0.0418971, -0.0129332, 0.0469609), (-0.0428, -0.0128067, 0.0468794), (-0.0436397, -0.0126483, 0.0468019), (-0.0444512, -0.012474, 0.0467257), (-0.0452328, -0.0122731, 0.0466509), (-0.0459829, -0.0120346, 0.0465779), (-0.0467, -0.0117479, 0.0465071), (-0.0473824, -0.0114022, 0.0464386), (-0.0480285, -0.0109866, 0.0463728), (-0.0486368, -0.0104905, 0.0463101), (-0.0492056, -0.009903, 0.0462507), (-0.0497333, -0.0092133, 0.046195), (-0.0502141, -0.0083774, 0.0461438), (-0.0506464, -0.0073818, 0.0460973), (-0.0510349, -0.0062619, 0.0460551), (-0.0513845, -0.0050533, 0.0460169), (-0.0517, -0.0037912, 0.0459823), (-0.0519861, -0.0025113, 0.0459506), (-0.0522477, -0.0012487, 0.0459215), (-0.0524896, -3.9e-05, 0.0458945), (-0.0527165, 0.0010823, 0.045869), (-0.0529333, 0.00208, 0.0458446), (-0.053184, 0.0029881, 0.0458162), (-0.053488, 0.0038623, 0.0457816), (-0.0538133, 0.0046995, 0.0457444), (-0.054128, 0.0054967, 0.0457082), (-0.0544, 0.0062508, 0.0456767), (-0.0545973, 0.0069587, 0.0456537), (-0.054688, 0.0076173, 0.0456432), (-0.05464, 0.0082236, 0.0456488), (-0.0544213, 0.0087744, 0.0456742), (-0.054, 0.0092667, 0.0457229), (-0.0533427, 0.0096915, 0.0457982), (-0.052464, 0.0100469, 0.0458974), (-0.051404, 0.0103408, 0.0460148), (-0.0502027, 0.0105808, 0.046145), (-0.0489, 0.0107746, 0.0462827), (-0.047536, 0.0109299, 0.046423), (-0.0461507, 0.0110544, 0.0465615), (-0.044784, 0.0111557, 0.046694), (-0.043476, 0.0112417, 0.0468172), (-0.0422667, 0.01132, 0.0469278), (-0.0411131, 0.0113795, 0.0470304), (-0.0399499, 0.0114062, 0.0471309), (-0.0387835, 0.0114032, 0.0472289), (-0.0376203, 0.0113734, 0.0473237), (-0.0364667, 0.01132, 0.0474149), (-0.0353291, 0.0112461, 0.047502), (-0.0342139, 0.0111547, 0.0475847), (-0.0331275, 0.011049, 0.0476627), (-0.0320763, 0.0109319, 0.0477359), (-0.0310667, 0.0108067, 0.0478039), (-0.0300621, 0.0107007, 0.0478694), (-0.0290357, 0.010626, 0.0479341), (-0.0280083, 0.0105626, 0.0479966), (-0.0270005, 0.0104905, 0.0480557), (-0.0260333, 0.0103896, 0.0481104), (-0.0251275, 0.0102399, 0.0481599), (-0.0243037, 0.0100215, 0.0482033), (-0.0235829, 0.0097143, 0.0482401), (-0.0229859, 0.0092982, 0.0482698), (-0.0225333, 0.0087533, 0.0482917), (-0.018302, 0.0103097, 0.048101), (-0.0181227, 0.0092307, 0.048108), (-0.0181007, 0.0079952, 0.0481089), (-0.018208, 0.0066435, 0.0481047), (-0.0184167, 0.0052161, 0.0480965), (-0.0186987, 0.0037535, 0.0480854), (-0.019026, 0.0022959, 0.0480722), (-0.0193707, 0.0008839, 0.0480581), (-0.0197047, -0.0004421, 0.0480442), (-0.02, -0.0016417, 0.0480317), (-0.020277, -0.0027601, 0.0480198), (-0.020576, -0.0038644, 0.0480067), (-0.020899, -0.0049469, 0.0479924), (-0.021248, -0.0059999, 0.0479768), (-0.021625, -0.0070156, 0.0479595), (-0.022032, -0.0079865, 0.0479406), (-0.022471, -0.0089047, 0.0479197), (-0.022944, -0.0097626, 0.0478968), (-0.023453, -0.0105525, 0.0478716), (-0.024, -0.0112667, 0.0478439), (-0.0245743, -0.0119, 0.0478142), (-0.025168, -0.0124576, 0.0477827), (-0.025787, -0.0129472, 0.047749), (-0.0264373, -0.0133765, 0.0477128), (-0.027125, -0.0137531, 0.0476735), (-0.027856, -0.0140849, 0.0476306), (-0.0286363, -0.0143794, 0.0475836), (-0.029472, -0.0146444, 0.0475318), (-0.030369, -0.0148876, 0.0474746), (-0.0313333, -0.0151167, 0.0474111), (-0.032402, -0.0153339, 0.0473385), (-0.0335893, -0.0155325, 0.0472549), (-0.0348673, -0.0157067, 0.0471616), (-0.036208, -0.0158507, 0.0470599), (-0.0375833, -0.0159589, 0.0469517), (-0.0389653, -0.0160253, 0.0468388), (-0.040326, -0.0160442, 0.0467237), (-0.0416373, -0.0160099, 0.0466091), (-0.0428713, -0.0159165, 0.0464979), (-0.044, -0.0157583, 0.0463933), (-0.0450497, -0.0155604, 0.0462936), (-0.046064, -0.0153425, 0.046195), (-0.047041, -0.0150913, 0.046098), (-0.0479787, -0.0147933, 0.0460029), (-0.048875, -0.0144349, 0.0459103), (-0.049728, -0.0140027, 0.0458206), (-0.0505357, -0.0134833, 0.0457342), (-0.051296, -0.0128631, 0.0456516), (-0.052007, -0.0121287, 0.0455733), (-0.0526667, -0.0112667, 0.0454996), (-0.0532677, -0.0102217, 0.0454317), (-0.053808, -0.0089772, 0.04537), (-0.0542937, -0.0075774, 0.045314), (-0.0547307, -0.0060666, 0.0452632), (-0.055125, -0.0044891, 0.045217), (-0.0554827, -0.0028891, 0.0451748), (-0.0558097, -0.0013109, 0.045136), (-0.056112, 0.0002012, 0.0450999), (-0.0563957, 0.0016029, 0.0450658), (-0.0566667, 0.00285, 0.0450331), (-0.05698, 0.0039851, 0.0449952), (-0.05736, 0.0050779, 0.0449488), (-0.0577667, 0.0061244, 0.0448989), (-0.05816, 0.0071209, 0.0448502), (-0.0585, 0.0080635, 0.0448079), (-0.0587467, 0.0089484, 0.0447771), (-0.05886, 0.0097717, 0.0447629), (-0.0588, 0.0105295, 0.0447704), (-0.0585267, 0.011218, 0.0448046), (-0.058, 0.0118333, 0.0448701), (-0.0571783, 0.0123643, 0.044971), (-0.05608, 0.0128087, 0.0451037), (-0.054755, 0.013176, 0.0452603), (-0.0532533, 0.013476, 0.0454334), (-0.051625, 0.0137182, 0.0456155), (-0.04992, 0.0139123, 0.0458002), (-0.0481883, 0.0140679, 0.0459814), (-0.04648, 0.0141947, 0.0461539), (-0.044845, 0.0143021, 0.0463132), (-0.0433333, 0.0144, 0.0464554), (-0.0418913, 0.0144744, 0.0465865), (-0.0404373, 0.0145078, 0.0467141), (-0.0389793, 0.014504, 0.0468377), (-0.0375253, 0.0144667, 0.0469563), (-0.0360833, 0.0144, 0.0470695), (-0.0346613, 0.0143076, 0.0471768), (-0.0332673, 0.0141934, 0.0472778), (-0.0319093, 0.0140612, 0.0473722), (-0.0305953, 0.0139149, 0.0474599), (-0.0293333, 0.0137583, 0.0475405), (-0.0280777, 0.0136258, 0.0476174), (-0.0267947, 0.0135325, 0.0476925), (-0.0255103, 0.0134532, 0.0477642), (-0.0242507, 0.0133631, 0.047831), (-0.0230417, 0.013237, 0.047892), (-0.0219093, 0.0130499, 0.0479463), (-0.0208797, 0.0127769, 0.0479933), (-0.0199787, 0.0123929, 0.0480326), (-0.0192323, 0.0118728, 0.0480638), (-0.0186667, 0.0111917, 0.0480867), (-0.0143624, 0.0125716, 0.04778), (-0.0141472, 0.0112769, 0.0477865), (-0.0141208, 0.0097942, 0.0477873), (-0.0142496, 0.0081722, 0.0477834), (-0.0145, 0.0064594, 0.0477757), (-0.0148384, 0.0047042, 0.0477651), (-0.0152312, 0.0029551, 0.0477525), (-0.0156448, 0.0012607, 0.0477389), (-0.0160456, -0.0003305, 0.0477254), (-0.0164, -0.00177, 0.0477131), (-0.0167324, -0.0031121, 0.0477014), (-0.0170912, -0.0044373, 0.0476884), (-0.0174788, -0.0057363, 0.0476741), (-0.0178976, -0.0069998, 0.0476583), (-0.01835, -0.0082188, 0.0476408), (-0.0188384, -0.0093838, 0.0476215), (-0.0193652, -0.0104856, 0.0476), (-0.0199328, -0.0115151, 0.0475762), (-0.0205436, -0.012463, 0.0475498), (-0.0212, -0.01332, 0.0475206), (-0.0218892, -0.01408, 0.0474889), (-0.0226016, -0.0147491, 0.0474551), (-0.0233444, -0.0153366, 0.0474187), (-0.0241248, -0.0158518, 0.0473792), (-0.02495, -0.0163038, 0.047336), (-0.0258272, -0.0167018, 0.0472885), (-0.0267636, -0.0170553, 0.047236), (-0.0277664, -0.0173733, 0.0471776), (-0.0288428, -0.0176651, 0.0471126), (-0.03, -0.01794, 0.04704), (-0.0312824, -0.0182006, 0.0469562), (-0.0327072, -0.018439, 0.0468589), (-0.0342408, -0.018648, 0.0467494), (-0.0358496, -0.0188209, 0.0466291), (-0.0375, -0.0189506, 0.0465), (-0.0391584, -0.0190303, 0.0463644), (-0.0407912, -0.019053, 0.0462251), (-0.0423648, -0.0190118, 0.0460856), (-0.0438456, -0.0188998, 0.0459494), (-0.0452, -0.01871, 0.0458208), (-0.0464596, -0.0184725, 0.0456976), (-0.0476768, -0.018211, 0.0455754), (-0.0488492, -0.0179096, 0.0454547), (-0.0499744, -0.0175519, 0.0453361), (-0.05105, -0.0171219, 0.0452202), (-0.0520736, -0.0166033, 0.0451076), (-0.0530428, -0.01598, 0.0449989), (-0.0539552, -0.0152358, 0.0448948), (-0.0548084, -0.0143545, 0.0447958), (-0.0556, -0.01332, 0.0447025), (-0.0563212, -0.0120661, 0.0446165), (-0.0569696, -0.0105726, 0.0445381), (-0.0575524, -0.0088929, 0.0444669), (-0.0580768, -0.0070799, 0.0444022), (-0.05855, -0.0051869, 0.0443434), (-0.0589792, -0.0032669, 0.0442896), (-0.0593716, -0.0013731, 0.04424), (-0.0597344, 0.0004414, 0.0441939), (-0.0600748, 0.0021235, 0.0441504), (-0.0604, 0.00362, 0.0441086), (-0.060776, 0.0049821, 0.04406), (-0.061232, 0.0062934, 0.0440007), (-0.06172, 0.0075493, 0.0439367), (-0.062192, 0.0087451, 0.0438743), (-0.0626, 0.0098762, 0.04382), (-0.062896, 0.0109381, 0.0437804), (-0.063032, 0.011926, 0.0437621), (-0.06296, 0.0128354, 0.0437718), (-0.062632, 0.0136616, 0.0438157), (-0.062, 0.0144, 0.0438997), (-0.061014, 0.0150372, 0.0440291), (-0.059696, 0.0155704, 0.0441988), (-0.058106, 0.0160112, 0.0443986), (-0.056304, 0.0163712, 0.0446185), (-0.05435, 0.0166619, 0.0448491), (-0.052304, 0.0168948, 0.0450819), (-0.050226, 0.0170815, 0.0453092), (-0.048176, 0.0172336, 0.0455243), (-0.046214, 0.0173626, 0.0457219), (-0.0444, 0.01748, 0.0458972), (-0.0426696, 0.0175693, 0.0460579), (-0.0409248, 0.0176094, 0.0462135), (-0.0391752, 0.0176047, 0.046363), (-0.0374304, 0.0175601, 0.0465056), (-0.0357, 0.01748, 0.0466405), (-0.0339936, 0.0173691, 0.0467674), (-0.0323208, 0.0172321, 0.0468857), (-0.0306912, 0.0170734, 0.0469953), (-0.0291144, 0.0168979, 0.0470958), (-0.0276, 0.01671, 0.0471875), (-0.0260932, 0.016551, 0.0472738), (-0.0245536, 0.016439, 0.0473569), (-0.0230124, 0.0163439, 0.0474351), (-0.0215008, 0.0162357, 0.0475069), (-0.02005, 0.0160844, 0.0475712), (-0.0186912, 0.0158599, 0.0476273), (-0.0174556, 0.0155323, 0.047675), (-0.0163744, 0.0150714, 0.047714), (-0.0154788, 0.0144474, 0.0477444), (-0.0148, 0.01363, 0.0477664), (-0.038, -0.001, 0.0479597)]
  int[] faceVertexCounts = [3, 3, 3, 3, 3, 3, 3, 3, 3, 3, 3, 3, 3, 3, 3, 3, 3, 3, 3, 3, 3, 3, 3, 3, 3, 3, 3, 3, 3, 3, 3, 3, 3, 3, 3, 3, 3, 3, 3, 3, 3, 3, 3, 3, 3, 3, 3, 3, 3, 3, 3, 3, 3, 3, 3, 3, 3, 3, 3, 3, 3, 3, 3, 3, 3, 3, 3, 3, 3, 3, 3, 3, 3, 3, 3, 3, 3, 3, 3, 3, 3, 3, 3, 3, 3, 3, 3, 3, 3, 3, 3, 3, 3, 3, 3, 3, 3, 3, 3, 3, 3, 3, 3, 3, 3, 3, 3, 3, 3, 3, 3, 3, 3, 3, 3, 3, 3, 3, 3, 3, 3, 3, 3, 3, 3, 3, 3, 3, 3, 3, 3, 3, 3, 3, 3, 3, 3, 3, 3, 3, 3, 3, 3, 3, 3, 3, 3, 3, 3, 3, 3, 3, 3, 3, 3, 3, 3, 3, 3, 3, 3, 3, 3, 3, 3, 3, 3, 3, 3, 3, 3, 3, 3, 3, 3, 3, 3, 3, 3, 3, 3, 3, 3, 3, 3, 3, 3, 3, 3, 3, 3, 3, 3, 3, 3, 3, 3, 3, 3, 3, 3, 3, 3, 3, 3, 3, 3, 3, 3, 3, 3, 3, 3, 3, 3, 3, 3, 3, 3, 3, 3, 3, 3, 3, 3, 3, 3, 3, 3, 3, 3, 3, 3, 3, 3, 3, 3, 3, 3, 3, 3, 3, 3, 3, 3, 3, 3, 3, 3, 3, 3, 3, 3, 3, 3, 3, 3, 3, 3, 3, 3, 3, 3, 3, 3, 3, 3, 3, 3, 3, 3, 3, 3, 3, 3, 3, 3, 3, 3, 3, 3, 3, 3, 3, 3, 3, 3, 3, 3, 3, 3, 3, 3, 3, 3, 3, 3, 3, 3, 3, 3, 3, 3, 3, 3, 3, 3, 3, 3, 3, 3, 3, 3, 3, 3, 3, 3, 3, 3, 3, 3, 3, 3, 3, 3, 3, 3, 3, 3, 3, 3, 3, 3, 3, 3, 3, 3, 3, 3, 3, 3, 3, 3, 3, 3, 3, 3, 3, 3, 3, 3, 3, 3, 3, 3, 3, 3, 3, 3, 3, 3, 3, 3, 3, 3, 3, 3, 3, 3, 3, 3, 3, 3, 3, 3, 3, 3, 3, 3, 3, 3, 3, 3, 3, 3, 3, 3, 3, 3, 3, 3, 3, 3, 3, 3, 3, 3, 3, 3, 3, 3, 3, 3, 3, 3, 3, 3, 3, 3, 3, 3, 3, 3, 3, 3, 3, 3, 3, 3, 3, 3, 3, 3, 3, 3, 3, 3, 3, 3, 3, 3, 3, 3, 3, 3, 3, 3, 3, 3, 3, 3, 3, 3, 3, 3, 3, 3, 3, 3, 3, 3, 3, 3, 3, 3, 3, 3, 3, 3, 3, 3, 3, 3, 3, 3, 3, 3, 3, 3, 3, 3, 3, 3, 3, 3, 3, 3, 3, 3, 3, 3, 3, 3, 3, 3, 3, 3, 3, 3, 3, 3, 3, 3, 3, 3, 3, 3, 3, 3, 3, 3, 3, 3, 3, 3, 3, 3, 3, 3, 3, 3, 3, 3, 3, 3, 3, 3, 3, 3, 3, 3, 3, 3, 3, 3, 3, 3, 3, 3, 3, 3, 3, 3, 3, 3, 3, 3, 3, 3, 3, 3, 3, 3, 3, 3, 3, 3, 3, 3, 3, 3, 3, 3, 3, 3, 3, 3, 3, 3, 3, 3, 3, 3, 3, 3, 3, 3, 3, 3, 3, 3, 3, 3, 3, 3, 3, 3, 3, 3, 3, 3, 3, 3, 3, 3, 3, 3, 3, 3, 3, 3, 3, 3, 3, 3, 3, 3, 3, 3, 3, 3, 3, 3, 3, 3, 3, 3, 3, 3, 3, 3, 3, 3, 3, 3, 3, 3, 3, 3, 3, 3, 3, 3, 3, 3, 3, 3, 3, 3, 3, 3, 3, 3, 3, 3, 3, 3, 3, 3, 3, 3, 3, 3, 3, 3, 3, 3, 3, 3, 3, 3, 3, 3, 3, 3, 3, 3, 3, 3, 3, 3, 3, 3, 3, 3, 3, 3, 3, 3, 3, 3, 3, 3, 3, 3, 3, 3, 3, 3, 3, 3, 3, 3, 3, 3, 3, 3, 3, 3, 3, 3, 3, 3, 3, 3, 3, 3, 3, 3, 3, 3, 3, 3, 3, 3, 3, 3, 3, 3, 3, 3, 3, 3, 3, 3, 3, 3, 3, 3, 3, 3, 3, 3, 3, 3, 3, 3, 3, 3, 3, 3, 3, 3, 3, 3, 3, 3, 3, 3, 3, 3, 3, 3, 3, 3, 3, 3, 3, 3, 3, 3, 3, 3, 3, 3, 3, 3, 3, 3, 3, 3, 3, 3, 3, 3, 3, 3, 3, 3, 3, 3, 3, 3, 3, 3, 3, 3, 3, 3, 3, 3, 3, 3, 3, 3, 3, 3, 3, 3, 3, 3, 3, 3, 3, 3, 3, 3, 3, 3, 3, 3, 3, 3, 3, 3, 3, 3, 3, 3, 3, 3, 3, 3, 3, 3, 3, 3, 3, 3, 3, 3, 3, 3, 3, 3, 3, 3, 3, 3, 3, 3, 3, 3, 3, 3, 3, 3, 3, 3, 3, 3, 3, 3, 3, 3, 3, 3, 3, 3, 3, 3, 3, 3, 3, 3, 3, 3, 3, 3, 3, 3, 3, 3, 3, 3, 3, 3, 3, 3, 3, 3, 3, 3, 3, 3, 3, 3, 3, 3, 3, 3, 3, 3, 3, 3, 3, 3, 3, 3, 3, 3, 3, 3, 3, 3, 3, 3, 3, 3, 3, 3, 3, 3, 3, 3, 3, 3, 3, 3, 3, 3, 3, 3, 3, 3, 3, 3, 3, 3, 3, 3, 3, 3, 3, 3, 3, 3, 3, 3, 3, 3, 3, 3, 3, 3, 3, 3, 3, 3, 3, 3, 3, 3, 3, 3, 3, 3, 3, 3, 3, 3, 3, 3, 3, 3, 3, 3, 3, 3, 3, 3, 3, 3, 3, 3, 3, 3, 3, 3, 3, 3, 3, 3, 3, 3, 3, 3, 3, 3, 3, 3, 3, 3, 3, 3, 3, 3, 3, 3, 3, 3, 3, 3, 3, 3, 3, 3, 3, 3, 3, 3, 3, 3, 3, 3, 3, 3, 3, 3, 3, 3, 3, 3, 3, 3, 3, 3, 3, 3, 3, 3, 3, 3, 3, 3, 3, 3, 3, 3, 3, 3, 3, 3, 3, 3, 3, 3, 3, 3, 3, 3, 3, 3, 3, 3, 3, 3, 3, 3, 3, 3, 3, 3, 3, 3, 3, 3, 3, 3, 3, 3, 3, 3, 3, 3, 3, 3, 3, 3, 3, 3, 3, 3, 3, 3, 3, 3, 3, 3, 3, 3, 3, 3, 3, 3, 3, 3, 3, 3, 3, 3, 3, 3, 3, 3, 3, 3, 3, 3, 3]
  int[] faceVertexIndices = [1, 0, 600, 2, 1, 600, 3, 2, 600, 4, 3, 600, 5, 4, 600, 6, 5, 600, 7, 6, 600, 8, 7, 600, 9, 8, 600, 10, 9, 600, 11, 10, 600, 12, 11, 600, 13, 12, 600, 14, 13, 600, 15, 14, 600, 16, 15, 600, 17, 16, 600, 18, 17, 600, 19, 18, 600, 20, 19, 600, 21, 20, 600, 22, 21, 600, 23, 22, 600, 24, 23, 600, 25, 24, 600, 26, 25, 600, 27, 26, 600, 28, 27, 600, 29, 28, 600, 30, 29, 600, 31, 30, 600, 32, 31, 600, 33, 32, 600, 34, 33, 600, 35, 34, 600, 36, 35, 600, 37, 36, 600, 38, 37, 600, 39, 38, 600, 40, 39, 600, 41, 40, 600, 42, 41, 600, 43, 42, 600, 44, 43, 600, 45, 44, 600, 46, 45, 600, 47, 46, 600, 48, 47, 600, 49, 48, 600, 50, 49, 600, 51, 50, 600, 52, 51, 600, 53, 52, 600, 54, 53, 600, 55, 54, 600, 56, 55, 600, 57, 56, 600, 58, 57, 600, 59, 58, 600, 60, 59, 600, 61, 60, 600, 62, 61, 600, 63, 62, 600, 64, 63, 600, 65, 64, 600, 66, 65, 600, 67, 66, 600, 68, 67, 600, 69, 68, 600, 70, 69, 600, 71, 70, 600, 72, 71, 600, 73, 72, 600, 74, 73, 600, 75, 74, 600, 76, 75, 600, 77, 76, 600, 78, 77, 600, 79, 78, 600, 80, 79, 600, 81, 80, 600, 82, 81, 600, 83, 82, 600, 84, 83, 600, 85, 84, 600, 86, 85, 600, 87, 86, 600, 88, 87, 600, 89, 88, 600, 90, 89, 600, 91, 90, 600, 92, 91, 600, 93, 92, 600, 94, 93, 600, 95, 94, 600, 96, 95, 600, 97, 96, 600, 98, 97, 600, 99, 98, 600, 0, 99, 600, 1, 101, 100, 1, 100, 0, 2, 102, 101, 2, 101, 1, 3, 103, 102, 3, 102, 2, 4, 104, 103, 4, 103, 3, 5, 105, 104, 5, 104, 4, 6, 106, 105, 6, 105, 5, 7, 107, 106, 7, 106, 6, 8, 108, 107, 8, 107, 7, 9, 109, 108, 9, 108, 8, 10, 110, 109, 10, 109, 9, 11, 111, 110, 11, 110, 10, 12, 112, 111, 12, 111, 11, 13, 113, 112, 13, 112, 12, 14, 114, 113, 14, 113, 13, 15, 115, 114, 15, 114, 14, 16, 116, 115, 16, 115, 15, 17, 117, 116, 17, 116, 16, 18, 118, 117, 18, 117, 17, 19, 119, 118, 19, 118, 18, 20, 120, 119, 20, 119, 19, 21, 121, 120, 21, 120, 20, 22, 122, 121, 22, 121, 21, 23, 123, 122, 23, 122, 22, 24, 124, 123, 24, 123, 23, 25, 125, 124, 25, 124, 24, 26, 126, 125, 26, 125, 25, 27, 127, 126, 27, 126, 26, 28, 128, 127, 28, 127, 27, 29, 129, 128, 29, 128, 28, 30, 130, 129, 30, 129, 29, 31, 131, 130, 31, 130, 30, 32, 132, 131, 32, 131, 31, 33, 133, 132, 33, 132, 32, 34, 134, 133, 34, 133, 33, 35, 135, 134, 35, 134, 34, 36, 136, 135, 36, 135, 35, 37, 137, 136, 37, 136, 36, 38, 138, 137, 38, 137, 37, 39, 139, 138, 39, 138, 38, 40, 140, 139, 40, 139, 39, 41, 141, 140, 41, 140, 40, 42, 142, 141, 42, 141, 41, 43, 143, 142, 43, 142, 42, 44, 144, 143, 44, 143, 43, 45, 145, 144, 45, 144, 44, 46, 146, 145, 46, 145, 45, 47, 147, 146, 47, 146, 46, 48, 148, 147, 48, 147, 47, 49, 149, 148, 49, 148, 48, 50, 150, 149, 50, 149, 49, 51, 151, 150, 51, 150, 50, 52, 152, 151, 52, 151, 51, 53, 153, 152, 53, 152, 52, 54, 154, 153, 54, 153, 53, 55, 155, 154, 55, 154, 54, 56, 156, 155, 56, 155, 55, 57, 157, 156, 57, 156, 56, 58, 158, 157, 58, 157, 57, 59, 159, 158, 59, 158, 58, 60, 160, 159, 60, 159, 59, 61, 161, 160, 61, 160, 60, 62, 162, 161, 62, 161, 61, 63, 163, 162, 63, 162, 62, 64, 164, 163, 64, 163, 63, 65, 165, 164, 65, 164, 64, 66, 166, 165, 66, 165, 65, 67, 167, 166, 67, 166, 66, 68, 168, 167, 68, 167, 67, 69, 169, 168, 69, 168, 68, 70, 170, 169, 70, 169, 69, 71, 171, 170, 71, 170, 70, 72, 172, 171, 72, 171, 71, 73, 173, 172, 73, 172, 72, 74, 174, 173, 74, 173, 73, 75, 175, 174, 75, 174, 74, 76, 176, 175, 76, 175, 75, 77, 177, 176, 77, 176, 76, 78, 178, 177, 78, 177, 77, 79, 179, 178, 79, 178, 78, 80, 180, 179, 80, 179, 79, 81, 181, 180, 81, 180, 80, 82, 182, 181, 82, 181, 81, 83, 183, 182, 83, 182, 82, 84, 184, 183, 84, 183, 83, 85, 185, 184, 85, 184, 84, 86, 186, 185, 86, 185, 85, 87, 187, 186, 87, 186, 86, 88, 188, 187, 88, 187, 87, 89, 189, 188, 89, 188, 88, 90, 190, 189, 90, 189, 89, 91, 191, 190, 91, 190, 90, 92, 192, 191, 92, 191, 91, 93, 193, 192, 93, 192, 92, 94, 194, 193, 94, 193, 93, 95, 195, 194, 95, 194, 94, 96, 196, 195, 96, 195, 95, 97, 197, 196, 97, 196, 96, 98, 198, 197, 98, 197, 97, 99, 199, 198, 99, 198, 98, 0, 100, 199, 0, 199, 99, 101, 201, 200, 101, 200, 100, 102, 202, 201, 102, 201, 101, 103, 203, 202, 103, 202, 102, 104, 204, 203, 104, 203, 103, 105, 205, 204, 105, 204, 104, 106, 206, 205, 106, 205, 105, 107, 207, 206, 107, 206, 106, 108, 208, 207, 108, 207, 107, 109, 209, 208, 109, 208, 108, 110, 210, 209, 110, 209, 109, 111, 211, 210, 111, 210, 110, 112, 212, 211, 112, 211, 111, 113, 213, 212, 113, 212, 112, 114, 214, 213, 114, 213, 113, 115, 215, 214, 115, 214, 114, 116, 216, 215, 116, 215, 115, 117, 217, 216, 117, 216, 116, 118, 218, 217, 118, 217, 117, 119, 219, 218, 119, 218, 118, 120, 220, 219, 120, 219, 119, 121, 221, 220, 121, 220, 120, 122, 222, 221, 122, 221, 121, 123, 223, 222, 123, 222, 122, 124, 224, 223, 124, 223, 123, 125, 225, 224, 125, 224, 124, 126, 226, 225, 126, 225, 125, 127, 227, 226, 127, 226, 126, 128, 228, 227, 128, 227, 127, 129, 229, 228, 129, 228, 128, 130, 230, 229, 130, 229, 129, 131, 231, 230, 131, 230, 130, 132, 232, 231, 132, 231, 131, 133, 233, 232, 133, 232, 132, 134, 234, 233, 134, 233, 133, 135, 235, 234, 135, 234, 134, 136, 236, 235, 136, 235, 135, 137, 237, 236, 137, 236, 136, 138, 238, 237, 138, 237, 137, 139, 239, 238, 139, 238, 138, 140, 240, 239, 140, 239, 139, 141, 241, 240, 141, 240, 140, 142, 242, 241, 142, 241, 141, 143, 243, 242, 143, 242, 142, 144, 244, 243, 144, 243, 143, 145, 245, 244, 145, 244, 144, 146, 246, 245, 146, 245, 145, 147, 247, 246, 147, 246, 146, 148, 248, 247, 148, 247, 147, 149, 249, 248, 149, 248, 148, 150, 250, 249, 150, 249, 149, 151, 251, 250, 151, 250, 150, 152, 252, 251, 152, 251, 151, 153, 253, 252, 153, 252, 152, 154, 254, 253, 154, 253, 153, 155, 255, 254, 155, 254, 154, 156, 256, 255, 156, 255, 155, 157, 257, 256, 157, 256, 156, 158, 258, 257, 158, 257, 157, 159, 259, 258, 159, 258, 158, 160, 260, 259, 160, 259, 159, 161, 261, 260, 161, 260, 160, 162, 262, 261, 162, 261, 161, 163, 263, 262, 163, 262, 162, 164, 264, 263, 164, 263, 163, 165, 265, 264, 165, 264, 164, 166, 266, 265, 166, 265, 165, 167, 267, 266, 167, 266, 166, 168, 268, 267, 168, 267, 167, 169, 269, 268, 169, 268, 168, 170, 270, 269, 170, 269, 169, 171, 271, 270, 171, 270, 170, 172, 272, 271, 172, 271, 171, 173, 273, 272, 173, 272, 172, 174, 274, 273, 174, 273, 173, 175, 275, 274, 175, 274, 174, 176, 276, 275, 176, 275, 175, 177, 277, 276, 177, 276, 176, 178, 278, 277, 178, 277, 177, 179, 279, 278, 179, 278, 178, 180, 280, 279, 180, 279, 179, 181, 281, 280, 181, 280, 180, 182, 282, 281, 182, 281, 181, 183, 283, 282, 183, 282, 182, 184, 284, 283, 184, 283, 183, 185, 285, 284, 185, 284, 184, 186, 286, 285, 186, 285, 185, 187, 287, 286, 187, 286, 186, 188, 288, 287, 188, 287, 187, 189, 289, 288, 189, 288, 188, 190, 290, 289, 190, 289, 189, 191, 291, 290, 191, 290, 190, 192, 292, 291, 192, 291, 191, 193, 293, 292, 193, 292, 192, 194, 294, 293, 194, 293, 193, 195, 295, 294, 195, 294, 194, 196, 296, 295, 196, 295, 195, 197, 297, 296, 197, 296, 196, 198, 298, 297, 198, 297, 197, 199, 299, 298, 199, 298, 198, 100, 200, 299, 100, 299, 199, 201, 301, 300, 201, 300, 200, 202, 302, 301, 202, 301, 201, 203, 303, 302, 203, 302, 202, 204, 304, 303, 204, 303, 203, 205, 305, 304, 205, 304, 204, 206, 306, 305, 206, 305, 205, 207, 307, 306, 207, 306, 206, 208, 308, 307, 208, 307, 207, 209, 309, 308, 209, 308, 208, 210, 310, 309, 210, 309, 209, 211, 311, 310, 211, 310, 210, 212, 312, 311, 212, 311, 211, 213, 313, 312, 213, 312, 212, 214, 314, 313, 214, 313, 213, 215, 315, 314, 215, 314, 214, 216, 316, 315, 216, 315, 215, 217, 317, 316, 217, 316, 216, 218, 318, 317, 218, 317, 217, 219, 319, 318, 219, 318, 218, 220, 320, 319, 220, 319, 219, 221, 321, 320, 221, 320, 220, 222, 322, 321, 222, 321, 221, 223, 323, 322, 223, 322, 222, 224, 324, 323, 224, 323, 223, 225, 325, 324, 225, 324, 224, 226, 326, 325, 226, 325, 225, 227, 327, 326, 227, 326, 226, 228, 328, 327, 228, 327, 227, 229, 329, 328, 229, 328, 228, 230, 330, 329, 230, 329, 229, 231, 331, 330, 231, 330, 230, 232, 332, 331, 232, 331, 231, 233, 333, 332, 233, 332, 232, 234, 334, 333, 234, 333, 233, 235, 335, 334, 235, 334, 234, 236, 336, 335, 236, 335, 235, 237, 337, 336, 237, 336, 236, 238, 338, 337, 238, 337, 237, 239, 339, 338, 239, 338, 238, 240, 340, 339, 240, 339, 239, 241, 341, 340, 241, 340, 240, 242, 342, 341, 242, 341, 241, 243, 343, 342, 243, 342, 242, 244, 344, 343, 244, 343, 243, 245, 345, 344, 245, 344, 244, 246, 346, 345, 246, 345, 245, 247, 347, 346, 247, 346, 246, 248, 348, 347, 248, 347, 247, 249, 349, 348, 249, 348, 248, 250, 350, 349, 250, 349, 249, 251, 351, 350, 251, 350, 250, 252, 352, 351, 252, 351, 251, 253, 353, 352, 253, 352, 252, 254, 354, 353, 254, 353, 253, 255, 355, 354, 255, 354, 254, 256, 356, 355, 256, 355, 255, 257, 357, 356, 257, 356, 256, 258, 358, 357, 258, 357, 257, 259, 359, 358, 259, 358, 258, 260, 360, 359, 260, 359, 259, 261, 361, 360, 261, 360, 260, 262, 362, 361, 262, 361, 261, 263, 363, 362, 263, 362, 262, 264, 364, 363, 264, 363, 263, 265, 365, 364, 265, 364, 264, 266, 366, 365, 266, 365, 265, 267, 367, 366, 267, 366, 266, 268, 368, 367, 268, 367, 267, 269, 369, 368, 269, 368, 268, 270, 370, 369, 270, 369, 269, 271, 371, 370, 271, 370, 270, 272, 372, 371, 272, 371, 271, 273, 373, 372, 273, 372, 272, 274, 374, 373, 274, 373, 273, 275, 375, 374, 275, 374, 274, 276, 376, 375, 276, 375, 275, 277, 377, 376, 277, 376, 276, 278, 378, 377, 278, 377, 277, 279, 379, 378, 279, 378, 278, 280, 380, 379, 280, 379, 279, 281, 381, 380, 281, 380, 280, 282, 382, 381, 282, 381, 281, 283, 383, 382, 283, 382, 282, 284, 384, 383, 284, 383, 283, 285, 385, 384, 285, 384, 284, 286, 386, 385, 286, 385, 285, 287, 387, 386, 287, 386, 286, 288, 388, 387, 288, 387, 287, 289, 389, 388, 289, 388, 288, 290, 390, 389, 290, 389, 289, 291, 391, 390, 291, 390, 290, 292, 392, 391, 292, 391, 291, 293, 393, 392, 293, 392, 292, 294, 394, 393, 294, 393, 293, 295, 395, 394, 295, 394, 294, 296, 396, 395, 296, 395, 295, 297, 397, 396, 297, 396, 296, 298, 398, 397, 298, 397, 297, 299, 399, 398, 299, 398, 298, 200, 300, 399, 200, 399, 299, 301, 401, 400, 301, 400, 300, 302, 402, 401, 302, 401, 301, 303, 403, 402, 303, 402, 302, 304, 404, 403, 304, 403, 303, 305, 405, 404, 305, 404, 304, 306, 406, 405, 306, 405, 305, 307, 407, 406, 307, 406, 306, 308, 408, 407, 308, 407, 307, 309, 409, 408, 309, 408, 308, 310, 410, 409, 310, 409, 309, 311, 411, 410, 311, 410, 310, 312, 412, 411, 312, 411, 311, 313, 413, 412, 313, 412, 312, 314, 414, 413, 314, 413, 313, 315, 415, 414, 315, 414, 314, 316, 416, 415, 316, 415, 315, 317, 417, 416, 317, 416, 316, 318, 418, 417, 318, 417, 317, 319, 419, 418, 319, 418, 318, 320, 420, 419, 320, 419, 319, 321, 421, 420, 321, 420, 320, 322, 422, 421, 322, 421, 321, 323, 423, 422, 323, 422, 322, 324, 424, 423, 324, 423, 323, 325, 425, 424, 325, 424, 324, 326, 426, 425, 326, 425, 325, 327, 427, 426, 327, 426, 326, 328, 428, 427, 328, 427, 327, 329, 429, 428, 329, 428, 328, 330, 430, 429, 330, 429, 329, 331, 431, 430, 331, 430, 330, 332, 432, 431, 332, 431, 331, 333, 433, 432, 333, 432, 332, 334, 434, 433, 334, 433, 333, 335, 435, 434, 335, 434, 334, 336, 436, 435, 336, 435, 335, 337, 437, 436, 337, 436, 336, 338, 438, 437, 338, 437, 337, 339, 439, 438, 339, 438, 338, 340, 440, 439, 340, 439, 339, 341, 441, 440, 341, 440, 340, 342, 442, 441, 342, 441, 341, 343, 443, 442, 343, 442, 342, 344, 444, 443, 344, 443, 343, 345, 445, 444, 345, 444, 344, 346, 446, 445, 346, 445, 345, 347, 447, 446, 347, 446, 346, 348, 448, 447, 348, 447, 347, 349, 449, 448, 349, 448, 348, 350, 450, 449, 350, 449, 349, 351, 451, 450, 351, 450, 350, 352, 452, 451, 352, 451, 351, 353, 453, 452, 353, 452, 352, 354, 454, 453, 354, 453, 353, 355, 455, 454, 355, 454, 354, 356, 456, 455, 356, 455, 355, 357, 457, 456, 357, 456, 356, 358, 458, 457, 358, 457, 357, 359, 459, 458, 359, 458, 358, 360, 460, 459, 360, 459, 359, 361, 461, 460, 361, 460, 360, 362, 462, 461, 362, 461, 361, 363, 463, 462, 363, 462, 362, 364, 464, 463, 364, 463, 363, 365, 465, 464, 365, 464, 364, 366, 466, 465, 366, 465, 365, 367, 467, 466, 367, 466, 366, 368, 468, 467, 368, 467, 367, 369, 469, 468, 369, 468, 368, 370, 470, 469, 370, 469, 369, 371, 471, 470, 371, 470, 370, 372, 472, 471, 372, 471, 371, 373, 473, 472, 373, 472, 372, 374, 474, 473, 374, 473, 373, 375, 475, 474, 375, 474, 374, 376, 476, 475, 376, 475, 375, 377, 477, 476, 377, 476, 376, 378, 478, 477, 378, 477, 377, 379, 479, 478, 379, 478, 378, 380, 480, 479, 380, 479, 379, 381, 481, 480, 381, 480, 380, 382, 482, 481, 382, 481, 381, 383, 483, 482, 383, 482, 382, 384, 484, 483, 384, 483, 383, 385, 485, 484, 385, 484, 384, 386, 486, 485, 386, 485, 385, 387, 487, 486, 387, 486, 386, 388, 488, 487, 388, 487, 387, 389, 489, 488, 389, 488, 388, 390, 490, 489, 390, 489, 389, 391, 491, 490, 391, 490, 390, 392, 492, 491, 392, 491, 391, 393, 493, 492, 393, 492, 392, 394, 494, 493, 394, 493, 393, 395, 495, 494, 395, 494, 394, 396, 496, 495, 396, 495, 395, 397, 497, 496, 397, 496, 396, 398, 498, 497, 398, 497, 397, 399, 499, 498, 399, 498, 398, 300, 400, 499, 300, 499, 399, 401, 501, 500, 401, 500, 400, 402, 502, 501, 402, 501, 401, 403, 503, 502, 403, 502, 402, 404, 504, 503, 404, 503, 403, 405, 505, 504, 405, 504, 404, 406, 506, 505, 406, 505, 405, 407, 507, 506, 407, 506, 406, 408, 508, 507, 408, 507, 407, 409, 509, 508, 409, 508, 408, 410, 510, 509, 410, 509, 409, 411, 511, 510, 411, 510, 410, 412, 512, 511, 412, 511, 411, 413, 513, 512, 413, 512, 412, 414, 514, 513, 414, 513, 413, 415, 515, 514, 415, 514, 414, 416, 516, 515, 416, 515, 415, 417, 517, 516, 417, 516, 416, 418, 518, 517, 418, 517, 417, 419, 519, 518, 419, 518, 418, 420, 520, 519, 420, 519, 419, 421, 521, 520, 421, 520, 420, 422, 522, 521, 422, 521, 421, 423, 523, 522, 423, 522, 422, 424, 524, 523, 424, 523, 423, 425, 525, 524, 425, 524, 424, 426, 526, 525, 426, 525, 425, 427, 527, 526, 427, 526, 426, 428, 528, 527, 428, 527, 427, 429, 529, 528, 429, 528, 428, 430, 530, 529, 430, 529, 429, 431, 531, 530, 431, 530, 430, 432, 532, 531, 432, 531, 431, 433, 533, 532, 433, 532, 432, 434, 534, 533, 434, 533, 433, 435, 535, 534, 435, 534, 434, 436, 536, 535, 436, 535, 435, 437, 537, 536, 437, 536, 436, 438, 538, 537, 438, 537, 437, 439, 539, 538, 439, 538, 438, 440, 540, 539, 440, 539, 439, 441, 541, 540, 441, 540, 440, 442, 542, 541, 442, 541, 441, 443, 543, 542, 443, 542, 442, 444, 544, 543, 444, 543, 443, 445, 545, 544, 445, 544, 444, 446, 546, 545, 446, 545, 445, 447, 547, 546, 447, 546, 446, 448, 548, 547, 448, 547, 447, 449, 549, 548, 449, 548, 448, 450, 550, 549, 450, 549, 449, 451, 551, 550, 451, 550, 450, 452, 552, 551, 452, 551, 451, 453, 553, 552, 453, 552, 452, 454, 554, 553, 454, 553, 453, 455, 555, 554, 455, 554, 454, 456, 556, 555, 456, 555, 455, 457, 557, 556, 457, 556, 456, 458, 558, 557, 458, 557, 457, 459, 559, 558, 459, 558, 458, 460, 560, 559, 460, 559, 459, 461, 561, 560, 461, 560, 460, 462, 562, 561, 462, 561, 461, 463, 563, 562, 463, 562, 462, 464, 564, 563, 464, 563, 463, 465, 565, 564, 465, 564, 464, 466, 566, 565, 466, 565, 465, 467, 567, 566, 467, 566, 466, 468, 568, 567, 468, 567, 467, 469, 569, 568, 469, 568, 468, 470, 570, 569, 470, 569, 469, 471, 571, 570, 471, 570, 470, 472, 572, 571, 472, 571, 471, 473, 573, 572, 473, 572, 472, 474, 574, 573, 474, 573, 473, 475, 575, 574, 475, 574, 474, 476, 576, 575, 476, 575, 475, 477, 577, 576, 477, 576, 476, 478, 578, 577, 478, 577, 477, 479, 579, 578, 479, 578, 478, 480, 580, 579, 480, 579, 479, 481, 581, 580, 481, 580, 480, 482, 582, 581, 482, 581, 481, 483, 583, 582, 483, 582, 482, 484, 584, 583, 484, 583, 483, 485, 585, 584, 485, 584, 484, 486, 586, 585, 486, 585, 485, 487, 587, 586, 487, 586, 486, 488, 588, 587, 488, 587, 487, 489, 589, 588, 489, 588, 488, 490, 590, 589, 490, 589, 489, 491, 591, 590, 491, 590, 490, 492, 592, 591, 492, 591, 491, 493, 593, 592, 493, 592, 492, 494, 594, 593, 494, 593, 493, 495, 595, 594, 495, 594, 494, 496, 596, 595, 496, 595, 495, 497, 597, 596, 497, 596, 496, 498, 598, 597, 498, 597, 497, 499, 599, 598, 499, 598, 498, 400, 500, 599, 400, 599, 499]
  normal3f[] normals = [(-0.0503811, 0.0064017, 0.9987095), (-0.0480946, 0.0025338, 0.9988396), (-0.0466176, -0.0003137, 0.9989128), (-0.0457018, -0.0024162, 0.9989522), (-0.0451757, -0.0039601, 0.9989712), (-0.0449176, -0.0050701, 0.9989778), (-0.0448372, -0.0058246, 0.9989773), (-0.0448629, -0.0062636, 0.9989735), (-0.0449316, -0.0063861, 0.9989697), (-0.0451165, -0.0062966, 0.9989619), (-0.0453562, -0.0064925, 0.9989498), (-0.0455453, -0.0071068, 0.998937), (-0.0458038, -0.0078242, 0.9989198), (-0.0461503, -0.0086573, 0.998897), (-0.0466068, -0.0096212, 0.998867), (-0.0472005, -0.010734, 0.9988278), (-0.047964, -0.0120171, 0.9987768), (-0.0489373, -0.0134951, 0.9987107), (-0.050169, -0.0151964, 0.9986251), (-0.0516463, -0.0170724, 0.9985195), (-0.0532705, -0.0189114, 0.998401), (-0.0550268, -0.0206862, 0.9982706), (-0.0569757, -0.0224974, 0.9981221), (-0.059053, -0.0242644, 0.9979599), (-0.0611752, -0.025905, 0.9977908), (-0.0632534, -0.0273499, 0.9976227), (-0.0652074, -0.0285536, 0.9974631), (-0.0669788, -0.0294997, 0.9973182), (-0.0685354, -0.0301984, 0.9971915), (-0.0699927, -0.0306939, 0.9970752), (-0.0715487, -0.0311817, 0.9969496), (-0.0731725, -0.0316411, 0.9968172), (-0.0747735, -0.031971, 0.9966879), (-0.0764007, -0.0321951, 0.9965573), (-0.0780892, -0.0323194, 0.9964224), (-0.0798711, -0.0323377, 0.9962805), (-0.081784, -0.0322318, 0.9961288), (-0.0838793, -0.0319695, 0.995963), (-0.0862349, -0.0314969, 0.9957768), (-0.0886702, -0.0307917, 0.995585), (-0.0904541, -0.0301716, 0.9954435), (-0.0918351, -0.029666, 0.9953322), (-0.0935689, -0.0288639, 0.9951943), (-0.0956239, -0.0277253, 0.9950313), (-0.0979398, -0.0262348, 0.9948465), (-0.1004289, -0.0244092, 0.9946448), (-0.1029828, -0.0222991, 0.9944332), (-0.1054862, -0.0199839, 0.9942199), (-0.1078325, -0.0175601, 0.994014), (-0.1100085, -0.014951, 0.9938182), (-0.1120876, -0.0121883, 0.9936236), (-0.1136895, -0.0098935, 0.9934671), (-0.1147221, -0.0082555, 0.9933633), (-0.1153966, -0.0070716, 0.9932943), (-0.1158421, -0.0062229, 0.9932481), (-0.1161438, -0.0056406, 0.9932164), (-0.1163628, -0.0052913, 0.9931927), (-0.11655, -0.0051736, 0.9931713), (-0.1167581, -0.0053269, 0.9931461), (-0.1169824, -0.0060494, 0.9931156), (-0.117413, -0.0077751, 0.9930527), (-0.1180423, -0.0095716, 0.9929624), (-0.1184799, -0.0104761, 0.9929012), (-0.1185402, -0.0102691, 0.9928961), (-0.1180328, -0.0087566, 0.9929711), (-0.1168065, -0.0058584, 0.9931374), (-0.1148054, -0.0016963, 0.9933866), (-0.1121071, 0.003376, 0.9936904), (-0.1089101, 0.0088429, 0.9940123), (-0.1054518, 0.0142158, 0.9943228), (-0.1020593, 0.0189931, 0.994597), (-0.0991043, 0.0226185, 0.99482), (-0.0966114, 0.0251895, 0.9950034), (-0.0944448, 0.0270319, 0.995163), (-0.0925258, 0.0283543, 0.9953065), (-0.0908138, 0.0292943, 0.9954369), (-0.0892944, 0.029946, 0.995555), (-0.087975, 0.0303763, 0.9956594), (-0.0868848, 0.0306351, 0.9957472), (-0.0858684, 0.0307347, 0.9958323), (-0.0844844, 0.0308886, 0.9959459), (-0.0828217, 0.0311314, 0.996078), (-0.0812344, 0.0312647, 0.9962045), (-0.0797227, 0.0313039, 0.9963254), (-0.0782863, 0.0312631, 0.9964406), (-0.0769248, 0.0311554, 0.99655), (-0.0756377, 0.030993, 0.9966536), (-0.0744246, 0.0307871, 0.9967513), (-0.0732854, 0.0305482, 0.996843), (-0.0724676, 0.030387, 0.9969078), (-0.0724223, 0.0306657, 0.9969025), (-0.0724761, 0.0310842, 0.9968856), (-0.071909, 0.0310588, 0.9969275), (-0.0707397, 0.0304805, 0.997029), (-0.0689786, 0.0292337, 0.9971897), (-0.0666484, 0.0272155, 0.9974053), (-0.0638052, 0.0243619, 0.997665), (-0.0605549, 0.0206787, 0.9979506), (-0.0570607, 0.016265, 0.9982382), (-0.0535427, 0.0112911, 0.9985017), (-0.0261563, 0.0112041, 0.9995951), (-0.0220558, 0.0041903, 0.999748), (-0.0194231, -0.0009817, 0.9998109), (-0.0178134, -0.004797, 0.9998298), (-0.0169164, -0.007588, 0.9998281), (-0.016509, -0.0095782, 0.9998178), (-0.0164241, -0.0109096, 0.9998056), (-0.016529, -0.0116533, 0.9997955), (-0.016707, -0.0118034, 0.9997908), (-0.0170429, -0.0116562, 0.9997868), (-0.0174683, -0.0121014, 0.9997742), (-0.0178519, -0.0132375, 0.999753), (-0.0183665, -0.0145618, 0.9997253), (-0.0190463, -0.0160969, 0.999689), (-0.0199322, -0.0178699, 0.9996416), (-0.0210733, -0.0199131, 0.9995796), (-0.0225297, -0.0222643, 0.9994982), (-0.0243738, -0.0249674, 0.9993911), (-0.0266934, -0.0280723, 0.9992494), (-0.0294321, -0.0314387, 0.9990723), (-0.0324085, -0.0347121, 0.9988717), (-0.0356295, -0.0378907, 0.9986465), (-0.0391788, -0.0411126, 0.9983861), (-0.0429344, -0.0442298, 0.9980984), (-0.0467422, -0.0470955, 0.9977962), (-0.0504415, -0.0495894, 0.9974951), (-0.053891, -0.0516364, 0.9972108), (-0.0569905, -0.0532148, 0.9969555), (-0.0596882, -0.0543506, 0.9967363), (-0.0622466, -0.0551692, 0.9965349), (-0.064982, -0.0559582, 0.9963162), (-0.0677914, -0.0566666, 0.996089), (-0.0705519, -0.0571637, 0.9958688), (-0.0733522, -0.0574928, 0.9956475), (-0.0762579, -0.0576653, 0.9954192), (-0.0793312, -0.057669, 0.9951788), (-0.0826452, -0.0574686, 0.9949207), (-0.0863002, -0.0569997, 0.9946373), (-0.0904464, -0.0561559, 0.9943168), (-0.0946028, -0.0549804, 0.9939957), (-0.0975992, -0.053999, 0.9937598), (-0.1000572, -0.0531324, 0.993562), (-0.1031572, -0.0517298, 0.993319), (-0.1068418, -0.0497174, 0.9930322), (-0.1110016, -0.0470669, 0.9927051), (-0.1154761, -0.0438085, 0.9923437), (-0.1200688, -0.0400338, 0.9919581), (-0.1245708, -0.0358862, 0.9915615), (-0.1287893, -0.0315399, 0.9911703), (-0.13278, -0.0267755, 0.9907838), (-0.1364962, -0.0218267, 0.9904001), (-0.1392909, -0.0177905, 0.9900917), (-0.1411001, -0.0149026, 0.9898832), (-0.1422863, -0.0128137, 0.9897426), (-0.1430725, -0.0113194, 0.9896475), (-0.1436064, -0.0103024, 0.9895813), (-0.1439954, -0.0097086, 0.9895307), (-0.1443295, -0.0095424, 0.9894837), (-0.1447033, -0.0098872, 0.9894257), (-0.1451867, -0.0114314, 0.9893382), (-0.1460737, -0.0147202, 0.9891642), (-0.1472354, -0.0179317, 0.9889389), (-0.1480256, -0.0194668, 0.9887919), (-0.148096, -0.0189068, 0.9887922), (-0.147091, -0.0158891, 0.9889953), (-0.1447317, -0.0102789, 0.9894176), (-0.140923, -0.0023356, 0.9900178), (-0.1358248, 0.0072375, 0.9907064), (-0.1298262, 0.0174381, 0.9913834), (-0.123369, 0.027353, 0.9919838), (-0.1171505, 0.035915, 0.9924645), (-0.1118181, 0.0422388, 0.9928306), (-0.1073704, 0.0466061, 0.9931261), (-0.103558, 0.0496293, 0.9933844), (-0.100231, 0.0517088, 0.9936196), (-0.0973064, 0.0531133, 0.9938362), (-0.0947493, 0.054027, 0.994034), (-0.0925651, 0.0545796, 0.9942096), (-0.0908004, 0.0548637, 0.9943567), (-0.0890751, 0.0549713, 0.9945068), (-0.0866611, 0.0552174, 0.9947064), (-0.0838364, 0.0555846, 0.994928), (-0.0811489, 0.0557829, 0.9951397), (-0.0785964, 0.0558398, 0.9953414), (-0.076176, 0.0557801, 0.9955329), (-0.073885, 0.0556259, 0.9957142), (-0.0717211, 0.0553968, 0.9958852), (-0.0696826, 0.0551101, 0.9960458), (-0.0677685, 0.0547816, 0.996196), (-0.0665573, 0.0547067, 0.9962817), (-0.0666529, 0.0554117, 0.9962364), (-0.0667613, 0.0562557, 0.9961818), (-0.0657545, 0.0563073, 0.9962459), (-0.0636499, 0.0553542, 0.9964359), (-0.0604514, 0.053168, 0.9967541), (-0.0561874, 0.0495407, 0.9971904), (-0.050952, 0.0443375, 0.9977164), (-0.0449388, 0.0375566, 0.9982835), (-0.0384556, 0.0293796, 0.9988283), (-0.0319085, 0.02013, 0.9992881), (-0.0003082, 0.0161836, 0.999869), (0.0056628, 0.005907, 0.9999665), (0.0094821, -0.0016721, 0.9999536), (0.0118006, -0.0072601, 0.999904), (0.0130733, -0.011342, 0.9998502), (0.0136279, -0.0142448, 0.9998057), (0.0137095, -0.0161755, 0.9997752), (0.0135123, -0.017237, 0.9997601), (0.0132064, -0.0174169, 0.9997611), (0.0127359, -0.017216, 0.9997707), (0.012155, -0.0179281, 0.9997654), (0.0115706, -0.01961, 0.9997408), (0.010791, -0.0215695, 0.9997091), (0.0097658, -0.0238399, 0.9996681), (0.0084342, -0.0264611, 0.9996143), (0.0067233, -0.0294804, 0.9995427), (0.0045446, -0.0329534, 0.9994466), (0.0017908, -0.0369441, 0.9993157), (-0.0016676, -0.0415253, 0.9991361), (-0.005732, -0.0464598, 0.9989037), (-0.0101271, -0.0512466, 0.9986347), (-0.0148816, -0.0559122, 0.9983248), (-0.02011, -0.0606307, 0.9979577), (-0.02563, -0.0651838, 0.9975441), (-0.0312143, -0.0693564, 0.9971035), (-0.0366264, -0.0729741, 0.9966611), (-0.0416613, -0.0759304, 0.9962424), (-0.0461742, -0.0781973, 0.995868), (-0.0500925, -0.0798164, 0.9955501), (-0.053828, -0.0810089, 0.9952588), (-0.0578345, -0.0821351, 0.9949417), (-0.0619311, -0.0831084, 0.9946143), (-0.0659523, -0.0837824, 0.9942991), (-0.0700284, -0.0842189, 0.9939835), (-0.0742567, -0.0844333, 0.9936584), (-0.0787296, -0.0844064, 0.9933163), (-0.0835567, -0.0840842, 0.9929492), (-0.088888, -0.0833696, 0.9925464), (-0.0949476, -0.0821014, 0.9920909), (-0.100941, -0.080412, 0.9916374), (-0.1052391, -0.0790383, 0.991301), (-0.1088496, -0.0777669, 0.9910116), (-0.1134028, -0.075707, 0.9906605), (-0.1188128, -0.0727508, 0.9902479), (-0.1249166, -0.0688578, 0.989775), (-0.1314767, -0.0640736, 0.9892464), (-0.138203, -0.0585341, 0.9886727), (-0.1447883, -0.0524511, 0.9880715), (-0.1509508, -0.0460808, 0.9874667), (-0.1568288, -0.0390622, 0.986853), (-0.1622297, -0.0318266, 0.9862396), (-0.1662288, -0.0259674, 0.9857452), (-0.1688134, -0.0217735, 0.9854075), (-0.1705033, -0.0187405, 0.9851789), (-0.1716183, -0.0165728, 0.9850241), (-0.1723697, -0.0151021, 0.9849166), (-0.1729111, -0.0142514, 0.9848343), (-0.1733709, -0.0140305, 0.9847567), (-0.1738835, -0.0145665, 0.9846585), (-0.1746269, -0.0169516, 0.9844888), (-0.1759863, -0.0218387, 0.9841503), (-0.1776679, -0.0264885, 0.9837339), (-0.1788018, -0.0286576, 0.9834677), (-0.1788818, -0.0277294, 0.9834797), (-0.1773891, -0.0231727, 0.9838679), (-0.1739141, -0.0147955, 0.9846497), (-0.1683125, -0.0029905, 0.9857292), (-0.160813, 0.0111915, 0.9869214), (-0.1519851, 0.0262584, 0.9880339), (-0.1424682, 0.040866, 0.9889554), (-0.13333, 0.0533636, 0.989634), (-0.125518, 0.0625225, 0.9901193), (-0.1190136, 0.0688093, 0.9905055), (-0.1134534, 0.0731245, 0.9908487), (-0.1086171, 0.0760595, 0.9911697), (-0.1043808, 0.0780121, 0.991473), (-0.1006915, 0.0792552, 0.9917559), (-0.097555, 0.0799794, 0.9920112), (-0.0950386, 0.0803193, 0.992228), (-0.0925343, 0.0804818, 0.9924515), (-0.0890041, 0.0808765, 0.9927423), (-0.0849164, 0.0813937, 0.993058), (-0.0810303, 0.0816719, 0.9933598), (-0.0773415, 0.0817515, 0.9936473), (-0.0738453, 0.0816685, 0.9939201), (-0.0705372, 0.0814546, 0.9941779), (-0.0674137, 0.0811379, 0.9944205), (-0.064472, 0.080743, 0.9946476), (-0.0617105, 0.0802917, 0.9948593), (-0.0600511, 0.0802842, 0.9949615), (-0.0602601, 0.0814023, 0.994858), (-0.0603944, 0.0826417, 0.9947476), (-0.0588937, 0.0827232, 0.9948308), (-0.0557782, 0.0813302, 0.9951252), (-0.0510474, 0.0781209, 0.9956361), (-0.0447383, 0.072782, 0.9963439), (-0.0369859, 0.0651067, 0.9971926), (-0.0280762, 0.055087, 0.9980867), (-0.0184681, 0.0429896, 0.9989048), (-0.0087549, 0.0292995, 0.9995323), (0.0259266, 0.0211951, 0.9994391), (0.0337726, 0.0076338, 0.9994004), (0.0387771, -0.0023662, 0.9992451), (0.041801, -0.0097356, 0.9990785), (0.0434463, -0.0151144, 0.9989414), (0.0441455, -0.0189341, 0.9988457), (0.0442217, -0.0214674, 0.9987911), (0.0439307, -0.0228488, 0.9987733), (0.0434952, -0.0230593, 0.9987875), (0.0428941, -0.0228061, 0.9988193), (0.0421637, -0.0237884, 0.9988275), (0.041378, -0.0260203, 0.9988047), (0.0403326, -0.0286201, 0.9987763), (0.0389605, -0.0316318, 0.99874), (0.0371811, -0.0351083, 0.9986916), (0.0348974, -0.0391123, 0.9986253), (0.0319917, -0.0437171, 0.9985316), (0.0283216, -0.0490073, 0.9983968), (0.0237148, -0.0550786, 0.9982004), (0.0183117, -0.0615956, 0.9979332), (0.0124842, -0.0679098, 0.9976134), (0.0061809, -0.0740766, 0.9972334), (-0.000744, -0.0803053, 0.99677), (-0.008048, -0.0863063, 0.9962361), (-0.0154285, -0.091796, 0.9956583), (-0.0225733, -0.0965457, 0.9950725), (-0.029212, -0.100418, 0.9945164), (-0.0351555, -0.1033789, 0.9940206), (-0.0403102, -0.1054862, 0.9936034), (-0.0452381, -0.1070583, 0.9932231), (-0.0505333, -0.1085246, 0.9928085), (-0.0559361, -0.1097627, 0.9923826), (-0.0612371, -0.1106126, 0.9919752), (-0.0666083, -0.1111537, 0.9915685), (-0.0721785, -0.1114054, 0.9911504), (-0.0780706, -0.111341, 0.9907109), (-0.0844303, -0.1108878, 0.9902401), (-0.0914572, -0.1099155, 0.9897243), (-0.0994494, -0.1082083, 0.9891414), (-0.1072962, -0.1059921, 0.9885612), (-0.1129082, -0.1042156, 0.9881249), (-0.1176814, -0.1025273, 0.9877445), (-0.1236982, -0.0997963, 0.9872889), (-0.1308434, -0.0958809, 0.9867557), (-0.1388993, -0.0907286, 0.9861416), (-0.1475502, -0.0844009, 0.9854468), (-0.1564107, -0.0770788, 0.9846799), (-0.165075, -0.0690435, 0.9838614), (-0.173172, -0.0606344, 0.9830234), (-0.180924, -0.0513501, 0.9821556), (-0.1879905, -0.041819, 0.9812802), (-0.1931734, -0.0341311, 0.9805708), (-0.1965171, -0.0286288, 0.9800824), (-0.1986981, -0.0246507, 0.9797507), (-0.2001319, -0.0218095, 0.9795262), (-0.2010929, -0.0198848, 0.9793703), (-0.2017796, -0.0187768, 0.9792509), (-0.2023577, -0.0185, 0.9791369), (-0.2029994, -0.0192251, 0.9789901), (-0.2039916, -0.0224456, 0.9787153), (-0.2058033, -0.0289185, 0.978166), (-0.2079767, -0.0349915, 0.9775077), (-0.209436, -0.0377847, 0.9770921), (-0.2095263, -0.0364891, 0.9771219), (-0.2075722, -0.0304074, 0.977747), (-0.2030319, -0.0192862, 0.9789822), (-0.1957007, -0.0036423, 0.9806569), (-0.1858595, 0.0151353, 0.9824598), (-0.1742444, 0.0350683, 0.9840778), (-0.1616881, 0.0543783, 0.9853426), (-0.1496311, 0.0708256, 0.9862019), (-0.1393306, 0.0828358, 0.9867752), (-0.1307572, 0.0910608, 0.9872236), (-0.1234354, 0.0966886, 0.987631), (-0.1170749, 0.1005006, 0.9880249), (-0.1115117, 0.1030219, 0.9884086), (-0.1066748, 0.1046129, 0.9887753), (-0.1025714, 0.1055242, 0.9891126), (-0.09929, 0.1059317, 0.9894039), (-0.095994, 0.1061627, 0.9897043), (-0.0913324, 0.1067204, 0.9900854), (-0.0859638, 0.1073968, 0.9904929), (-0.080861, 0.1077618, 0.9908829), (-0.076018, 0.1078687, 0.9912546), (-0.0714284, 0.1077646, 0.9916072), (-0.0670863, 0.1074913, 0.99194), (-0.0629867, 0.1070852, 0.9922527), (-0.059126, 0.1065785, 0.9925448), (-0.0555023, 0.1059994, 0.992816), (-0.0533831, 0.1060533, 0.9929265), (-0.0536984, 0.1075745, 0.9927458), (-0.0538509, 0.1091959, 0.9925605), (-0.0518449, 0.1092956, 0.9926563), (-0.0477036, 0.107454, 0.993065), (-0.0414222, 0.1032159, 0.9937961), (-0.0330451, 0.0961607, 0.9948171), (-0.022748, 0.0860063, 0.9960349), (-0.0109093, 0.0727339, 0.9972917), (0.0018575, 0.056693, 0.9983899), (0.0147674, 0.0385317, 0.9991483), (0.0522568, 0.026201, 0.9982899), (0.0619626, 0.0093571, 0.9980346), (0.0681367, -0.0030589, 0.9976713), (0.0718536, -0.0122042, 0.9973405), (0.0738627, -0.018875, 0.9970898), (0.0747015, -0.0236079, 0.9969264), (0.0747705, -0.0267416, 0.9968421), (0.0743857, -0.0284422, 0.9968239), (0.073822, -0.0286838, 0.9968588), (0.073094, -0.0283793, 0.9969212), (0.0722176, -0.029632, 0.9969486), (0.0712319, -0.0324129, 0.996933), (0.0699225, -0.0356519, 0.9969151), (0.0682057, -0.039404, 0.9968928), (0.065981, -0.0437349, 0.996862), (0.0631273, -0.0487228, 0.9968154), (0.0594976, -0.0544588, 0.9967418), (0.0549141, -0.0610478, 0.9966231), (0.0491613, -0.0686086, 0.9964316), (0.0424209, -0.076707, 0.9961508), (0.0351614, -0.0845476, 0.9957989), (0.0273093, -0.0922137, 0.9953647), (0.0186865, -0.0999496, 0.994817), (0.0095969, -0.1073939, 0.9941702), (0.000418, -0.1141948, 0.9934583), (-0.008461, -0.1200699, 0.9927294), (-0.016705, -0.1248515, 0.9920348), (-0.02408, -0.1285008, 0.991417), (-0.0304718, -0.1310923, 0.9909018), (-0.0365923, -0.1330412, 0.9904348), (-0.0431767, -0.1348441, 0.9899257), (-0.0498865, -0.1363425, 0.9894049), (-0.0564679, -0.1373642, 0.9889097), (-0.0631345, -0.138006, 0.9884171), (-0.0700464, -0.1382904, 0.9879116), (-0.077357, -0.1381834, 0.987381), (-0.0852476, -0.1375938, 0.9868135), (-0.0939671, -0.1363581, 0.986193), (-0.1038866, -0.1342058, 0.985493), (-0.1135807, -0.1314577, 0.9847935), (-0.1205016, -0.1292741, 0.9842599), (-0.1264325, -0.1271642, 0.9837907), (-0.1339058, -0.1237585, 0.983236), (-0.1427765, -0.1188816, 0.9825895), (-0.1527718, -0.1124691, 0.9818409), (-0.1634967, -0.1045981, 0.9809832), (-0.1744705, -0.0954951, 0.9800208), (-0.1851884, -0.0855108, 0.9789756), (-0.1951908, -0.0750681, 0.9778882), (-0.2047836, -0.0635276, 0.9767435), (-0.2134793, -0.0517135, 0.9755779), (-0.2198147, -0.042209, 0.9746281), (-0.2238946, -0.0354084, 0.9739699), (-0.2265506, -0.0304933, 0.973522), (-0.228292, -0.0269847, 0.9732187), (-0.2294543, -0.0246103, 0.9730083), (-0.2302798, -0.0232472, 0.9728467), (-0.2309697, -0.0229145, 0.9726911), (-0.2317325, -0.0238253, 0.9724877), (-0.2329585, -0.027869, 0.9720873), (-0.235193, -0.0359022, 0.9712854), (-0.237823, -0.0433714, 0.9703397), (-0.2395852, -0.0467745, 0.9697479), (-0.2396876, -0.0451167, 0.9698012), (-0.2373063, -0.0375375, 0.9707094), (-0.231766, -0.023718, 0.9724824), (-0.2227887, -0.0042863, 0.9748573), (-0.2106875, 0.0190428, 0.977368), (-0.1963494, 0.0438094, 0.9795548), (-0.1807954, 0.0677978, 0.9811812), (-0.1658415, 0.0881759, 0.9822024), (-0.1530641, 0.1030244, 0.9828313), (-0.1424288, 0.1131808, 0.9833128), (-0.1333506, 0.1201203, 0.9837625), (-0.1254701, 0.1248124, 0.984215), (-0.1185831, 0.1279086, 0.9846712), (-0.112601, 0.1298549, 0.9851186), (-0.1075318, 0.1309612, 0.9855385), (-0.1034856, 0.1314434, 0.9859074), (-0.0993986, 0.1317504, 0.9862869), (-0.0936067, 0.1324783, 0.9867559), (-0.0869579, 0.133319, 0.9872509), (-0.0806385, 0.1337756, 0.9877254), (-0.0746408, 0.1339138, 0.988178), (-0.068957, 0.1337921, 0.9886074), (-0.0635796, 0.1334619, 0.9890124), (-0.0585025, 0.1329683, 0.9893922), (-0.0537213, 0.1323508, 0.9897461), (-0.0492338, 0.1316442, 0.9900737), (-0.0466526, 0.1317561, 0.9901838), (-0.0470711, 0.1336694, 0.9899075), (-0.0472388, 0.1356607, 0.9896286), (-0.0447256, 0.1357735, 0.9897298), (-0.0395575, 0.1334871, 0.9902608), (-0.0317245, 0.1282334, 0.9912365), (-0.0212768, 0.119482, 0.9926084), (-0.008429, 0.1068709, 0.9942372), (0.0063478, 0.0903641, 0.9958886), (0.0222826, 0.0703894, 0.9972707), (0.038393, 0.0477588, 0.9981208), (0.067509, 0.0242411, 0.9974241), (0.076994, 0.0070917, 0.9970063), (0.0829291, -0.0055235, 0.9965401), (0.086408, -0.0147894, 0.9961501), (0.088191, -0.021516, 0.9958712), (0.0888222, -0.0262426, 0.9957017), (0.0887065, -0.0292988, 0.9956268), (0.0881644, -0.0308259, 0.9956288), (0.0874765, -0.0307436, 0.9956921), (0.0868197, -0.0306245, 0.9957532), (0.085995, -0.0325347, 0.9957642), (0.0848605, -0.0356366, 0.9957554), (0.0833605, -0.0392461, 0.9957463), (0.081401, -0.0434254, 0.995735), (0.0788691, -0.048249, 0.9957167), (0.0756279, -0.0538048, 0.9956834), (0.0715117, -0.0601955, 0.9956217), (0.0663191, -0.0675389, 0.9955101), (0.0598067, -0.0759675, 0.9953151), (0.0523489, -0.0847377, 0.9950272), (0.0444258, -0.0931583, 0.9946597), (0.0357504, -0.1015775, 0.9941851), (0.0262828, -0.1100095, 0.993583), (0.0163701, -0.1180581, 0.9928718), (0.0064287, -0.1253489, 0.9920919), (-0.0031251, -0.1315942, 0.9912987), (-0.0119445, -0.1366362, 0.9905493), (-0.0197987, -0.1404564, 0.9898889), (-0.0265863, -0.1431535, 0.9893433), (-0.0333796, -0.1453787, 0.9888128), (-0.0407558, -0.1473785, 0.9882401), (-0.0481126, -0.1489021, 0.9876808), (-0.0553856, -0.1499494, 0.9871411), (-0.0627913, -0.1505954, 0.9865994), (-0.0704987, -0.1508423, 0.9860408), (-0.0786756, -0.1506336, 0.985454), (-0.0875273, -0.1498503, 0.9848268), (-0.0973405, -0.1482913, 0.9841415), (-0.1085491, -0.1456302, 0.9833661), (-0.1186362, -0.1426976, 0.9826306), (-0.1256168, -0.1405479, 0.9820727), (-0.1324808, -0.1379538, 0.9815384), (-0.1409985, -0.133899, 0.9809131), (-0.1509831, -0.1282146, 0.9801863), (-0.1621065, -0.1208607, 0.9793437), (-0.1739129, -0.1119559, 0.9783763), (-0.185865, -0.1017792, 0.9772897), (-0.1974152, -0.0907359, 0.9761118), (-0.2080813, -0.0792964, 0.9748919), (-0.2185597, -0.0663667, 0.9735641), (-0.2275376, -0.0537653, 0.9722839), (-0.2337103, -0.0440757, 0.9713068), (-0.2376609, -0.0371254, 0.9706385), (-0.240204, -0.0321064, 0.9701913), (-0.2418433, -0.0285453, 0.9698953), (-0.2429134, -0.0261776, 0.9696947), (-0.2436587, -0.0248953, 0.9695415), (-0.2442853, -0.0247486, 0.9693875), (-0.2450131, -0.026018, 0.9691706), (-0.246586, -0.0315111, 0.9686085), (-0.2492961, -0.040595, 0.9675761), (-0.2519897, -0.0478408, 0.9665467), (-0.2535959, -0.0504992, 0.9659912), (-0.253259, -0.0475081, 0.9662313), (-0.2501145, -0.038025, 0.9674693), (-0.243496, -0.021877, 0.9696551), (-0.2332018, 3.4e-05, 0.9724284), (-0.2196778, 0.0256671, 0.9752348), (-0.203952, 0.0523048, 0.9775826), (-0.1870283, 0.0777839, 0.9792702), (-0.1712305, 0.0985597, 0.9802888), (-0.1578961, 0.1133995, 0.9809227), (-0.146703, 0.1236299, 0.9814244), (-0.1370736, 0.1307003, 0.9819003), (-0.1286604, 0.1355542, 0.9823806), (-0.1212758, 0.1388184, 0.982864), (-0.1148526, 0.1409163, 0.9833369), (-0.1094279, 0.1421376, 0.9837797), (-0.1051538, 0.1426795, 0.9841673), (-0.1003209, 0.1433656, 0.984572), (-0.0934988, 0.1444949, 0.9850783), (-0.086221, 0.1454213, 0.9856057), (-0.0792956, 0.1459254, 0.9861126), (-0.0727169, 0.146075, 0.9865974), (-0.0664786, 0.1459308, 0.9870587), (-0.0605752, 0.1455466, 0.9874952), (-0.0550023, 0.1449702, 0.9879061), (-0.0497573, 0.1442438, 0.9882904), (-0.0448395, 0.1434054, 0.9886477), (-0.0427695, 0.1439619, 0.9886586), (-0.0435194, 0.1463228, 0.9882792), (-0.0430358, 0.1480406, 0.9880445), (-0.039643, 0.1475989, 0.9882525), (-0.0333601, 0.1444205, 0.9889539), (-0.0241879, 0.1378937, 0.9901516), (-0.0122155, 0.1274741, 0.9917667), (0.0022664, 0.1128339, 0.9936113), (0.0186718, 0.0940347, 0.9953938), (0.0360904, 0.0716626, 0.9967758), (0.053443, 0.0467296, 0.9974769), (-0.0808821, 1.5e-06, 0.9967237)] (interpolation = "vertex")
  uniform token subdivisionScheme = "none"
  uniform bool doubleSided = true
  rel material:binding = </Wayfarer/Materials/Lens>
 }
 def Mesh "Bridge" (prepend apiSchemas = ["MaterialBindingAPI"]) {
  point3f[] points = [(-0.0133189, 0.016, 0.0440584), (-0.0131704, 0.0175172, 0.0443931), (-0.0131481, 0.0188034, 0.0452769), (-0.0132556, 0.0196628, 0.0465752), (-0.0134763, 0.0199645, 0.0480905), (-0.0137768, 0.0196628, 0.049592), (-0.0141113, 0.0188034, 0.0508511), (-0.0144288, 0.0175172, 0.0516762), (-0.0146811, 0.016, 0.0519416), (-0.0148296, 0.0144828, 0.0516069), (-0.0148519, 0.0131966, 0.0507231), (-0.0147444, 0.0123372, 0.0494248), (-0.0145237, 0.0120355, 0.0479095), (-0.0142232, 0.0123372, 0.046408), (-0.0138887, 0.0131966, 0.0451489), (-0.0135712, 0.0144828, 0.0443238), (-0.0126808, 0.0159144, 0.0441687), (-0.0125491, 0.0174336, 0.0445008), (-0.0125423, 0.0187216, 0.0453823), (-0.0126616, 0.0195822, 0.0466788), (-0.0128889, 0.0198844, 0.0481931), (-0.0131894, 0.0195822, 0.0496945), (-0.0135175, 0.0187216, 0.0509545), (-0.0138231, 0.0174336, 0.0517812), (-0.0140599, 0.0159144, 0.0520489), (-0.0141917, 0.0143951, 0.0517167), (-0.0141984, 0.0131071, 0.0508353), (-0.0140791, 0.0122465, 0.0495388), (-0.0138519, 0.0119443, 0.0480245), (-0.0135514, 0.0122465, 0.0465231), (-0.0132233, 0.0131071, 0.0452631), (-0.0129176, 0.0143951, 0.0444364), (-0.0118262, 0.0158148, 0.0443196), (-0.0117, 0.0173347, 0.0446509), (-0.0116985, 0.0186233, 0.0455316), (-0.0118218, 0.0194842, 0.0468275), (-0.0120512, 0.0197866, 0.0483414), (-0.0123518, 0.0194842, 0.0498428), (-0.0126777, 0.0186233, 0.0511031), (-0.0129794, 0.0173347, 0.0519304), (-0.0132109, 0.0158148, 0.0521989), (-0.013337, 0.0142949, 0.0518676), (-0.0133385, 0.0130064, 0.0509869), (-0.0132152, 0.0121454, 0.049691), (-0.0129858, 0.0118431, 0.0481771), (-0.0126853, 0.0121454, 0.0466758), (-0.0123594, 0.0130064, 0.0454155), (-0.0120577, 0.0142949, 0.0445881), (-0.0108204, 0.0156875, 0.0444957), (-0.0106689, 0.0172043, 0.0448307), (-0.010644, 0.0184902, 0.0457149), (-0.0107494, 0.0193493, 0.0470136), (-0.0109691, 0.0196511, 0.048529), (-0.0112696, 0.0193493, 0.0500305), (-0.0116052, 0.0184902, 0.0512895), (-0.0119247, 0.0172043, 0.0521143), (-0.0121796, 0.0156875, 0.0523793), (-0.0123311, 0.0141707, 0.0520443), (-0.012356, 0.0128848, 0.0511601), (-0.0122506, 0.0120257, 0.0498614), (-0.0120309, 0.0117239, 0.048346), (-0.0117304, 0.0120257, 0.0468445), (-0.0113948, 0.0128848, 0.0455855), (-0.0110753, 0.0141707, 0.0447607), (-0.0097153, 0.0155185, 0.0446836), (-0.0095154, 0.0170282, 0.0450255), (-0.0094457, 0.018308, 0.045916), (-0.0095167, 0.0191631, 0.0472197), (-0.0097177, 0.0194634, 0.048738), (-0.0100181, 0.0191631, 0.0502398), (-0.0103721, 0.018308, 0.0514965), (-0.0107258, 0.0170282, 0.0523167), (-0.0110254, 0.0155185, 0.0525756), (-0.0112253, 0.0140089, 0.0522338), (-0.011295, 0.012729, 0.0513433), (-0.011224, 0.0118739, 0.0500396), (-0.011023, 0.0115736, 0.0485213), (-0.0107227, 0.0118739, 0.0470195), (-0.0103687, 0.012729, 0.0457628), (-0.010015, 0.0140089, 0.0449425), (-0.0085677, 0.015294, 0.0448697), (-0.0082952, 0.0167902, 0.0452205), (-0.0081582, 0.0180586, 0.0461195), (-0.0081776, 0.0189061, 0.0474299), (-0.0083503, 0.0192037, 0.0489522), (-0.0086502, 0.0189061, 0.0504547), (-0.0090315, 0.0180586, 0.0517085), (-0.0094362, 0.0167902, 0.0525229), (-0.0098027, 0.015294, 0.0527738), (-0.0100752, 0.0137978, 0.0524231), (-0.0102122, 0.0125294, 0.051524), (-0.0101928, 0.0116819, 0.0502136), (-0.0100201, 0.0113843, 0.0486913), (-0.0097202, 0.0116819, 0.0471889), (-0.0093389, 0.0125294, 0.045935), (-0.0089342, 0.0137978, 0.0451206), (-0.0073943, 0.015, 0.0450461), (-0.0069956, 0.0164631, 0.0454152), (-0.0067498, 0.0177034, 0.0463301), (-0.0066943, 0.0185322, 0.0476514), (-0.0068376, 0.0188232, 0.0491781), (-0.0071578, 0.0185322, 0.0506776), (-0.0076063, 0.0177034, 0.0519217), (-0.0081147, 0.0164631, 0.0527211), (-0.0086057, 0.015, 0.0529539), (-0.0090044, 0.0135369, 0.0525848), (-0.0092502, 0.0122966, 0.0516699), (-0.0093057, 0.0114678, 0.0503486), (-0.0091624, 0.0111768, 0.0488219), (-0.0088422, 0.0114678, 0.0473224), (-0.0083937, 0.0122966, 0.0460783), (-0.0078853, 0.0135369, 0.0452789), (-0.0061437, 0.0145463, 0.0452411), (-0.0056059, 0.0159571, 0.0456366), (-0.0052474, 0.0171531, 0.0465729), (-0.0051225, 0.0179523, 0.0479077), (-0.0052503, 0.0182329, 0.0494377), (-0.0056113, 0.0179523, 0.0509299), (-0.0061507, 0.0171531, 0.0521572), (-0.0067862, 0.0159571, 0.0529328), (-0.0074212, 0.0145463, 0.0531385), (-0.0079589, 0.0131355, 0.0527431), (-0.0083175, 0.0119395, 0.0518067), (-0.0084424, 0.0111403, 0.0504719), (-0.0083145, 0.0108597, 0.048942), (-0.0079535, 0.0111403, 0.0474497), (-0.0074141, 0.0119395, 0.0462224), (-0.0067786, 0.0131355, 0.0454469), (-0.004835, 0.0139259, 0.04546), (-0.004229, 0.0153052, 0.0458678), (-0.0038137, 0.0164744, 0.0468144), (-0.0036522, 0.0172557, 0.0481558), (-0.0037693, 0.0175301, 0.0496878), (-0.004147, 0.0172557, 0.0511771), (-0.0047279, 0.0164744, 0.0523969), (-0.0054235, 0.0153052, 0.0531616), (-0.0061279, 0.0139259, 0.0533548), (-0.0067339, 0.0125467, 0.052947), (-0.0071493, 0.0113774, 0.0520004), (-0.0073107, 0.0105961, 0.050659), (-0.0071937, 0.0103218, 0.049127), (-0.006816, 0.0105961, 0.0476377), (-0.0062351, 0.0113774, 0.0464179), (-0.0055395, 0.0125467, 0.0456532), (-0.0035369, 0.01325, 0.0456685), (-0.00294, 0.0146365, 0.046065), (-0.0025236, 0.0158119, 0.0470035), (-0.002351, 0.0165973, 0.0483412), (-0.0024484, 0.0168731, 0.0498742), (-0.0028011, 0.0165973, 0.0513693), (-0.0033553, 0.0158119, 0.0525989), (-0.0040268, 0.0146365, 0.0533757), (-0.0047131, 0.01325, 0.0535815), (-0.00531, 0.0118635, 0.053185), (-0.0057264, 0.0106881, 0.0522465), (-0.005899, 0.0099027, 0.0509088), (-0.0058016, 0.0096269, 0.0493758), (-0.0054489, 0.0099027, 0.0478807), (-0.0048947, 0.0106881, 0.0466511), (-0.0042232, 0.0118635, 0.0458743), (-0.0022757, 0.0126296, 0.0458419), (-0.0017644, 0.014058, 0.0462083), (-0.0014018, 0.0152689, 0.0471238), (-0.001243, 0.016078, 0.0484489), (-0.0013123, 0.0163621, 0.049982), (-0.001599, 0.016078, 0.0514897), (-0.0020595, 0.0152689, 0.0527423), (-0.0026237, 0.014058, 0.0535493), (-0.0032058, 0.0126296, 0.0537877), (-0.003717, 0.0112013, 0.0534213), (-0.0040797, 0.0099904, 0.0525058), (-0.0042385, 0.0091813, 0.0511807), (-0.0041692, 0.0088971, 0.0496476), (-0.0038825, 0.0091813, 0.04814), (-0.003422, 0.0099904, 0.0468873), (-0.0028577, 0.0112013, 0.0460804), (-0.0010868, 0.0121759, 0.0459582), (-0.0007661, 0.013668, 0.046285), (-0.0005353, 0.0149329, 0.0471697), (-0.0004295, 0.015778, 0.0484775), (-0.0004649, 0.0160748, 0.0500093), (-0.0006359, 0.015778, 0.051532), (-0.0009167, 0.0149329, 0.0528137), (-0.0012644, 0.013668, 0.0536592), (-0.0016261, 0.0121759, 0.05394), (-0.0019468, 0.0106839, 0.0536131), (-0.0021776, 0.009419, 0.0527285), (-0.0022834, 0.0085738, 0.0514207), (-0.0022481, 0.008277, 0.0498888), (-0.002077, 0.0085738, 0.0483662), (-0.0017963, 0.009419, 0.0470845), (-0.0014486, 0.0106839, 0.0462389), (0.0, 0.012, 0.046), (-0.0, 0.0135307, 0.0463045), (-0.0, 0.0148284, 0.0471716), (-0.0, 0.0156955, 0.0484693), (-0.0, 0.016, 0.05), (-0.0, 0.0156955, 0.0515307), (-0.0, 0.0148284, 0.0528284), (-0.0, 0.0135307, 0.0536955), (-0.0, 0.012, 0.054), (0.0, 0.0104693, 0.0536955), (0.0, 0.0091716, 0.0528284), (0.0, 0.0083045, 0.0515307), (0.0, 0.008, 0.05), (0.0, 0.0083045, 0.0484693), (0.0, 0.0091716, 0.0471716), (0.0, 0.0104693, 0.0463045), (0.0010868, 0.0121759, 0.0459582), (0.0007661, 0.013668, 0.046285), (0.0005353, 0.0149329, 0.0471697), (0.0004295, 0.015778, 0.0484775), (0.0004649, 0.0160748, 0.0500093), (0.0006359, 0.015778, 0.051532), (0.0009167, 0.0149329, 0.0528137), (0.0012644, 0.013668, 0.0536592), (0.0016261, 0.0121759, 0.05394), (0.0019468, 0.0106839, 0.0536131), (0.0021776, 0.009419, 0.0527285), (0.0022834, 0.0085738, 0.0514207), (0.0022481, 0.008277, 0.0498888), (0.002077, 0.0085738, 0.0483662), (0.0017963, 0.009419, 0.0470845), (0.0014486, 0.0106839, 0.0462389), (0.0022757, 0.0126296, 0.0458419), (0.0017644, 0.014058, 0.0462083), (0.0014018, 0.0152689, 0.0471238), (0.001243, 0.016078, 0.0484489), (0.0013123, 0.0163621, 0.049982), (0.001599, 0.016078, 0.0514897), (0.0020595, 0.0152689, 0.0527423), (0.0026237, 0.014058, 0.0535493), (0.0032058, 0.0126296, 0.0537877), (0.003717, 0.0112013, 0.0534213), (0.0040797, 0.0099904, 0.0525058), (0.0042385, 0.0091813, 0.0511807), (0.0041692, 0.0088971, 0.0496476), (0.0038825, 0.0091813, 0.04814), (0.003422, 0.0099904, 0.0468873), (0.0028577, 0.0112013, 0.0460804), (0.0035369, 0.01325, 0.0456685), (0.00294, 0.0146365, 0.046065), (0.0025236, 0.0158119, 0.0470035), (0.002351, 0.0165973, 0.0483412), (0.0024484, 0.0168731, 0.0498742), (0.0028011, 0.0165973, 0.0513693), (0.0033553, 0.0158119, 0.0525989), (0.0040268, 0.0146365, 0.0533757), (0.0047131, 0.01325, 0.0535815), (0.00531, 0.0118635, 0.053185), (0.0057264, 0.0106881, 0.0522465), (0.005899, 0.0099027, 0.0509088), (0.0058016, 0.0096269, 0.0493758), (0.0054489, 0.0099027, 0.0478807), (0.0048947, 0.0106881, 0.0466511), (0.0042232, 0.0118635, 0.0458743), (0.004835, 0.0139259, 0.04546), (0.004229, 0.0153052, 0.0458678), (0.0038137, 0.0164744, 0.0468144), (0.0036522, 0.0172557, 0.0481558), (0.0037693, 0.0175301, 0.0496878), (0.004147, 0.0172557, 0.0511771), (0.0047279, 0.0164744, 0.0523969), (0.0054235, 0.0153052, 0.0531616), (0.0061279, 0.0139259, 0.0533548), (0.0067339, 0.0125467, 0.052947), (0.0071493, 0.0113774, 0.0520004), (0.0073107, 0.0105961, 0.050659), (0.0071937, 0.0103218, 0.049127), (0.006816, 0.0105961, 0.0476377), (0.0062351, 0.0113774, 0.0464179), (0.0055395, 0.0125467, 0.0456532), (0.0061437, 0.0145463, 0.0452411), (0.0056059, 0.0159571, 0.0456366), (0.0052474, 0.0171531, 0.0465729), (0.0051225, 0.0179523, 0.0479077), (0.0052503, 0.0182329, 0.0494377), (0.0056113, 0.0179523, 0.0509299), (0.0061507, 0.0171531, 0.0521572), (0.0067862, 0.0159571, 0.0529328), (0.0074212, 0.0145463, 0.0531385), (0.0079589, 0.0131355, 0.0527431), (0.0083175, 0.0119395, 0.0518067), (0.0084424, 0.0111403, 0.0504719), (0.0083145, 0.0108597, 0.048942), (0.0079535, 0.0111403, 0.0474497), (0.0074141, 0.0119395, 0.0462224), (0.0067786, 0.0131355, 0.0454469), (0.0073943, 0.015, 0.0450461), (0.0069956, 0.0164631, 0.0454152), (0.0067498, 0.0177034, 0.0463301), (0.0066943, 0.0185322, 0.0476514), (0.0068376, 0.0188232, 0.0491781), (0.0071578, 0.0185322, 0.0506776), (0.0076063, 0.0177034, 0.0519217), (0.0081147, 0.0164631, 0.0527211), (0.0086057, 0.015, 0.0529539), (0.0090044, 0.0135369, 0.0525848), (0.0092502, 0.0122966, 0.0516699), (0.0093057, 0.0114678, 0.0503486), (0.0091624, 0.0111768, 0.0488219), (0.0088422, 0.0114678, 0.0473224), (0.0083937, 0.0122966, 0.0460783), (0.0078853, 0.0135369, 0.0452789), (0.0085677, 0.015294, 0.0448697), (0.0082952, 0.0167902, 0.0452205), (0.0081582, 0.0180586, 0.0461195), (0.0081776, 0.0189061, 0.0474299), (0.0083503, 0.0192037, 0.0489522), (0.0086502, 0.0189061, 0.0504547), (0.0090315, 0.0180586, 0.0517085), (0.0094362, 0.0167902, 0.0525229), (0.0098027, 0.015294, 0.0527738), (0.0100752, 0.0137978, 0.0524231), (0.0102122, 0.0125294, 0.051524), (0.0101928, 0.0116819, 0.0502136), (0.0100201, 0.0113843, 0.0486913), (0.0097202, 0.0116819, 0.0471889), (0.0093389, 0.0125294, 0.045935), (0.0089342, 0.0137978, 0.0451206), (0.0097153, 0.0155185, 0.0446836), (0.0095154, 0.0170282, 0.0450255), (0.0094457, 0.018308, 0.045916), (0.0095167, 0.0191631, 0.0472197), (0.0097177, 0.0194634, 0.048738), (0.0100181, 0.0191631, 0.0502398), (0.0103721, 0.018308, 0.0514965), (0.0107258, 0.0170282, 0.0523167), (0.0110254, 0.0155185, 0.0525756), (0.0112253, 0.0140089, 0.0522338), (0.011295, 0.012729, 0.0513433), (0.011224, 0.0118739, 0.0500396), (0.011023, 0.0115736, 0.0485213), (0.0107227, 0.0118739, 0.0470195), (0.0103687, 0.012729, 0.0457628), (0.010015, 0.0140089, 0.0449425), (0.0108204, 0.0156875, 0.0444957), (0.0106689, 0.0172043, 0.0448307), (0.010644, 0.0184902, 0.0457149), (0.0107494, 0.0193493, 0.0470136), (0.0109691, 0.0196511, 0.048529), (0.0112696, 0.0193493, 0.0500305), (0.0116052, 0.0184902, 0.0512895), (0.0119247, 0.0172043, 0.0521143), (0.0121796, 0.0156875, 0.0523793), (0.0123311, 0.0141707, 0.0520443), (0.012356, 0.0128848, 0.0511601), (0.0122506, 0.0120257, 0.0498614), (0.0120309, 0.0117239, 0.048346), (0.0117304, 0.0120257, 0.0468445), (0.0113948, 0.0128848, 0.0455855), (0.0110753, 0.0141707, 0.0447607), (0.0118262, 0.0158148, 0.0443196), (0.0117, 0.0173347, 0.0446509), (0.0116985, 0.0186233, 0.0455316), (0.0118218, 0.0194842, 0.0468275), (0.0120512, 0.0197866, 0.0483414), (0.0123518, 0.0194842, 0.0498428), (0.0126777, 0.0186233, 0.0511031), (0.0129794, 0.0173347, 0.0519304), (0.0132109, 0.0158148, 0.0521989), (0.013337, 0.0142949, 0.0518676), (0.0133385, 0.0130064, 0.0509869), (0.0132152, 0.0121454, 0.049691), (0.0129858, 0.0118431, 0.0481771), (0.0126853, 0.0121454, 0.0466758), (0.0123594, 0.0130064, 0.0454155), (0.0120577, 0.0142949, 0.0445881), (0.0126808, 0.0159144, 0.0441687), (0.0125491, 0.0174336, 0.0445008), (0.0125423, 0.0187216, 0.0453823), (0.0126616, 0.0195822, 0.0466788), (0.0128889, 0.0198844, 0.0481931), (0.0131894, 0.0195822, 0.0496945), (0.0135175, 0.0187216, 0.0509545), (0.0138231, 0.0174336, 0.0517812), (0.0140599, 0.0159144, 0.0520489), (0.0141917, 0.0143951, 0.0517167), (0.0141984, 0.0131071, 0.0508353), (0.0140791, 0.0122465, 0.0495388), (0.0138519, 0.0119443, 0.0480245), (0.0135514, 0.0122465, 0.0465231), (0.0132233, 0.0131071, 0.0452631), (0.0129176, 0.0143951, 0.0444364), (0.0133189, 0.016, 0.0440584), (0.0131704, 0.0175172, 0.0443931), (0.0131481, 0.0188034, 0.0452769), (0.0132556, 0.0196628, 0.0465752), (0.0134763, 0.0199645, 0.0480905), (0.0137768, 0.0196628, 0.049592), (0.0141113, 0.0188034, 0.0508511), (0.0144288, 0.0175172, 0.0516762), (0.0146811, 0.016, 0.0519416), (0.0148296, 0.0144828, 0.0516069), (0.0148519, 0.0131966, 0.0507231), (0.0147444, 0.0123372, 0.0494248), (0.0145237, 0.0120355, 0.0479095), (0.0142232, 0.0123372, 0.046408), (0.0138887, 0.0131966, 0.0451489), (0.0135712, 0.0144828, 0.0443238)]
  int[] faceVertexCounts = [3, 3, 3, 3, 3, 3, 3, 3, 3, 3, 3, 3, 3, 3, 3, 3, 3, 3, 3, 3, 3, 3, 3, 3, 3, 3, 3, 3, 3, 3, 3, 3, 3, 3, 3, 3, 3, 3, 3, 3, 3, 3, 3, 3, 3, 3, 3, 3, 3, 3, 3, 3, 3, 3, 3, 3, 3, 3, 3, 3, 3, 3, 3, 3, 3, 3, 3, 3, 3, 3, 3, 3, 3, 3, 3, 3, 3, 3, 3, 3, 3, 3, 3, 3, 3, 3, 3, 3, 3, 3, 3, 3, 3, 3, 3, 3, 3, 3, 3, 3, 3, 3, 3, 3, 3, 3, 3, 3, 3, 3, 3, 3, 3, 3, 3, 3, 3, 3, 3, 3, 3, 3, 3, 3, 3, 3, 3, 3, 3, 3, 3, 3, 3, 3, 3, 3, 3, 3, 3, 3, 3, 3, 3, 3, 3, 3, 3, 3, 3, 3, 3, 3, 3, 3, 3, 3, 3, 3, 3, 3, 3, 3, 3, 3, 3, 3, 3, 3, 3, 3, 3, 3, 3, 3, 3, 3, 3, 3, 3, 3, 3, 3, 3, 3, 3, 3, 3, 3, 3, 3, 3, 3, 3, 3, 3, 3, 3, 3, 3, 3, 3, 3, 3, 3, 3, 3, 3, 3, 3, 3, 3, 3, 3, 3, 3, 3, 3, 3, 3, 3, 3, 3, 3, 3, 3, 3, 3, 3, 3, 3, 3, 3, 3, 3, 3, 3, 3, 3, 3, 3, 3, 3, 3, 3, 3, 3, 3, 3, 3, 3, 3, 3, 3, 3, 3, 3, 3, 3, 3, 3, 3, 3, 3, 3, 3, 3, 3, 3, 3, 3, 3, 3, 3, 3, 3, 3, 3, 3, 3, 3, 3, 3, 3, 3, 3, 3, 3, 3, 3, 3, 3, 3, 3, 3, 3, 3, 3, 3, 3, 3, 3, 3, 3, 3, 3, 3, 3, 3, 3, 3, 3, 3, 3, 3, 3, 3, 3, 3, 3, 3, 3, 3, 3, 3, 3, 3, 3, 3, 3, 3, 3, 3, 3, 3, 3, 3, 3, 3, 3, 3, 3, 3, 3, 3, 3, 3, 3, 3, 3, 3, 3, 3, 3, 3, 3, 3, 3, 3, 3, 3, 3, 3, 3, 3, 3, 3, 3, 3, 3, 3, 3, 3, 3, 3, 3, 3, 3, 3, 3, 3, 3, 3, 3, 3, 3, 3, 3, 3, 3, 3, 3, 3, 3, 3, 3, 3, 3, 3, 3, 3, 3, 3, 3, 3, 3, 3, 3, 3, 3, 3, 3, 3, 3, 3, 3, 3, 3, 3, 3, 3, 3, 3, 3, 3, 3, 3, 3, 3, 3, 3, 3, 3, 3, 3, 3, 3, 3, 3, 3, 3, 3, 3, 3, 3, 3, 3, 3, 3, 3, 3, 3, 3, 3, 3, 3, 3, 3, 3, 3, 3, 3, 3, 3, 3, 3, 3, 3, 3, 3, 3, 3, 3, 3, 3, 3, 3, 3, 3, 3, 3, 3, 3, 3, 3, 3, 3, 3, 3, 3, 3, 3, 3, 3, 3, 3, 3, 3, 3, 3, 3, 3, 3, 3, 3, 3, 3, 3, 3, 3, 3, 3, 3, 3, 3, 3, 3, 3, 3, 3, 3, 3, 3, 3, 3, 3, 3, 3, 3, 3, 3, 3, 3, 3, 3, 3, 3, 3, 3, 3, 3, 3, 3, 3, 3, 3, 3, 3, 3, 3, 3, 3, 3, 3, 3, 3, 3, 3, 3, 3, 3, 3, 3, 3, 3, 3, 3, 3, 3, 3, 3, 3, 3, 3, 3, 3, 3, 3, 3, 3, 3, 3, 3, 3, 3, 3, 3, 3, 3, 3, 3, 3, 3, 3, 3, 3, 3, 3, 3, 3, 3, 3, 3, 3, 3, 3, 3, 3, 3, 3, 3, 3, 3, 3, 3, 3, 3, 3, 3, 3, 3, 3, 3, 3, 3, 3, 3, 3, 3, 3, 3, 3, 3, 3, 3, 3, 3, 3, 3, 3, 3, 3, 3, 3, 3, 3, 3, 3, 3, 3, 3, 3, 3, 3, 3, 3, 3, 3, 3, 3, 3, 3, 3, 3, 3, 3, 3, 3, 3, 3, 3, 3, 3, 3, 3, 3, 3, 3, 3, 3, 3, 3, 3, 3, 3, 3, 3, 3, 3, 3, 3, 3, 3, 3, 3, 3, 3, 3, 3, 3, 3, 3, 3, 3, 3, 3, 3, 3, 3, 3, 3, 3, 3, 3, 3, 3, 3, 3, 3, 3, 3, 3, 3, 3, 3, 3, 3, 3, 3, 3, 3, 3, 3, 3, 3, 3, 3, 3, 3, 3, 3, 3, 3, 3, 3, 3, 3, 3, 3, 3, 3, 3, 3, 3, 3, 3, 3, 3, 3, 3, 3, 3, 3, 3, 3, 3, 3, 3, 3, 3, 3, 3, 3, 3, 3, 3, 3, 3, 3, 3, 3, 3, 3, 3, 3, 3, 3, 3, 3, 3, 3, 3, 3, 3, 3, 3, 3]
  int[] faceVertexIndices = [0, 1, 17, 0, 17, 16, 1, 2, 18, 1, 18, 17, 2, 3, 19, 2, 19, 18, 3, 4, 20, 3, 20, 19, 4, 5, 21, 4, 21, 20, 5, 6, 22, 5, 22, 21, 6, 7, 23, 6, 23, 22, 7, 8, 24, 7, 24, 23, 8, 9, 25, 8, 25, 24, 9, 10, 26, 9, 26, 25, 10, 11, 27, 10, 27, 26, 11, 12, 28, 11, 28, 27, 12, 13, 29, 12, 29, 28, 13, 14, 30, 13, 30, 29, 14, 15, 31, 14, 31, 30, 15, 0, 16, 15, 16, 31, 16, 17, 33, 16, 33, 32, 17, 18, 34, 17, 34, 33, 18, 19, 35, 18, 35, 34, 19, 20, 36, 19, 36, 35, 20, 21, 37, 20, 37, 36, 21, 22, 38, 21, 38, 37, 22, 23, 39, 22, 39, 38, 23, 24, 40, 23, 40, 39, 24, 25, 41, 24, 41, 40, 25, 26, 42, 25, 42, 41, 26, 27, 43, 26, 43, 42, 27, 28, 44, 27, 44, 43, 28, 29, 45, 28, 45, 44, 29, 30, 46, 29, 46, 45, 30, 31, 47, 30, 47, 46, 31, 16, 32, 31, 32, 47, 32, 33, 49, 32, 49, 48, 33, 34, 50, 33, 50, 49, 34, 35, 51, 34, 51, 50, 35, 36, 52, 35, 52, 51, 36, 37, 53, 36, 53, 52, 37, 38, 54, 37, 54, 53, 38, 39, 55, 38, 55, 54, 39, 40, 56, 39, 56, 55, 40, 41, 57, 40, 57, 56, 41, 42, 58, 41, 58, 57, 42, 43, 59, 42, 59, 58, 43, 44, 60, 43, 60, 59, 44, 45, 61, 44, 61, 60, 45, 46, 62, 45, 62, 61, 46, 47, 63, 46, 63, 62, 47, 32, 48, 47, 48, 63, 48, 49, 65, 48, 65, 64, 49, 50, 66, 49, 66, 65, 50, 51, 67, 50, 67, 66, 51, 52, 68, 51, 68, 67, 52, 53, 69, 52, 69, 68, 53, 54, 70, 53, 70, 69, 54, 55, 71, 54, 71, 70, 55, 56, 72, 55, 72, 71, 56, 57, 73, 56, 73, 72, 57, 58, 74, 57, 74, 73, 58, 59, 75, 58, 75, 74, 59, 60, 76, 59, 76, 75, 60, 61, 77, 60, 77, 76, 61, 62, 78, 61, 78, 77, 62, 63, 79, 62, 79, 78, 63, 48, 64, 63, 64, 79, 64, 65, 81, 64, 81, 80, 65, 66, 82, 65, 82, 81, 66, 67, 83, 66, 83, 82, 67, 68, 84, 67, 84, 83, 68, 69, 85, 68, 85, 84, 69, 70, 86, 69, 86, 85, 70, 71, 87, 70, 87, 86, 71, 72, 88, 71, 88, 87, 72, 73, 89, 72, 89, 88, 73, 74, 90, 73, 90, 89, 74, 75, 91, 74, 91, 90, 75, 76, 92, 75, 92, 91, 76, 77, 93, 76, 93, 92, 77, 78, 94, 77, 94, 93, 78, 79, 95, 78, 95, 94, 79, 64, 80, 79, 80, 95, 80, 81, 97, 80, 97, 96, 81, 82, 98, 81, 98, 97, 82, 83, 99, 82, 99, 98, 83, 84, 100, 83, 100, 99, 84, 85, 101, 84, 101, 100, 85, 86, 102, 85, 102, 101, 86, 87, 103, 86, 103, 102, 87, 88, 104, 87, 104, 103, 88, 89, 105, 88, 105, 104, 89, 90, 106, 89, 106, 105, 90, 91, 107, 90, 107, 106, 91, 92, 108, 91, 108, 107, 92, 93, 109, 92, 109, 108, 93, 94, 110, 93, 110, 109, 94, 95, 111, 94, 111, 110, 95, 80, 96, 95, 96, 111, 96, 97, 113, 96, 113, 112, 97, 98, 114, 97, 114, 113, 98, 99, 115, 98, 115, 114, 99, 100, 116, 99, 116, 115, 100, 101, 117, 100, 117, 116, 101, 102, 118, 101, 118, 117, 102, 103, 119, 102, 119, 118, 103, 104, 120, 103, 120, 119, 104, 105, 121, 104, 121, 120, 105, 106, 122, 105, 122, 121, 106, 107, 123, 106, 123, 122, 107, 108, 124, 107, 124, 123, 108, 109, 125, 108, 125, 124, 109, 110, 126, 109, 126, 125, 110, 111, 127, 110, 127, 126, 111, 96, 112, 111, 112, 127, 112, 113, 129, 112, 129, 128, 113, 114, 130, 113, 130, 129, 114, 115, 131, 114, 131, 130, 115, 116, 132, 115, 132, 131, 116, 117, 133, 116, 133, 132, 117, 118, 134, 117, 134, 133, 118, 119, 135, 118, 135, 134, 119, 120, 136, 119, 136, 135, 120, 121, 137, 120, 137, 136, 121, 122, 138, 121, 138, 137, 122, 123, 139, 122, 139, 138, 123, 124, 140, 123, 140, 139, 124, 125, 141, 124, 141, 140, 125, 126, 142, 125, 142, 141, 126, 127, 143, 126, 143, 142, 127, 112, 128, 127, 128, 143, 128, 129, 145, 128, 145, 144, 129, 130, 146, 129, 146, 145, 130, 131, 147, 130, 147, 146, 131, 132, 148, 131, 148, 147, 132, 133, 149, 132, 149, 148, 133, 134, 150, 133, 150, 149, 134, 135, 151, 134, 151, 150, 135, 136, 152, 135, 152, 151, 136, 137, 153, 136, 153, 152, 137, 138, 154, 137, 154, 153, 138, 139, 155, 138, 155, 154, 139, 140, 156, 139, 156, 155, 140, 141, 157, 140, 157, 156, 141, 142, 158, 141, 158, 157, 142, 143, 159, 142, 159, 158, 143, 128, 144, 143, 144, 159, 144, 145, 161, 144, 161, 160, 145, 146, 162, 145, 162, 161, 146, 147, 163, 146, 163, 162, 147, 148, 164, 147, 164, 163, 148, 149, 165, 148, 165, 164, 149, 150, 166, 149, 166, 165, 150, 151, 167, 150, 167, 166, 151, 152, 168, 151, 168, 167, 152, 153, 169, 152, 169, 168, 153, 154, 170, 153, 170, 169, 154, 155, 171, 154, 171, 170, 155, 156, 172, 155, 172, 171, 156, 157, 173, 156, 173, 172, 157, 158, 174, 157, 174, 173, 158, 159, 175, 158, 175, 174, 159, 144, 160, 159, 160, 175, 160, 161, 177, 160, 177, 176, 161, 162, 178, 161, 178, 177, 162, 163, 179, 162, 179, 178, 163, 164, 180, 163, 180, 179, 164, 165, 181, 164, 181, 180, 165, 166, 182, 165, 182, 181, 166, 167, 183, 166, 183, 182, 167, 168, 184, 167, 184, 183, 168, 169, 185, 168, 185, 184, 169, 170, 186, 169, 186, 185, 170, 171, 187, 170, 187, 186, 171, 172, 188, 171, 188, 187, 172, 173, 189, 172, 189, 188, 173, 174, 190, 173, 190, 189, 174, 175, 191, 174, 191, 190, 175, 160, 176, 175, 176, 191, 176, 177, 193, 176, 193, 192, 177, 178, 194, 177, 194, 193, 178, 179, 195, 178, 195, 194, 179, 180, 196, 179, 196, 195, 180, 181, 197, 180, 197, 196, 181, 182, 198, 181, 198, 197, 182, 183, 199, 182, 199, 198, 183, 184, 200, 183, 200, 199, 184, 185, 201, 184, 201, 200, 185, 186, 202, 185, 202, 201, 186, 187, 203, 186, 203, 202, 187, 188, 204, 187, 204, 203, 188, 189, 205, 188, 205, 204, 189, 190, 206, 189, 206, 205, 190, 191, 207, 190, 207, 206, 191, 176, 192, 191, 192, 207, 192, 193, 209, 192, 209, 208, 193, 194, 210, 193, 210, 209, 194, 195, 211, 194, 211, 210, 195, 196, 212, 195, 212, 211, 196, 197, 213, 196, 213, 212, 197, 198, 214, 197, 214, 213, 198, 199, 215, 198, 215, 214, 199, 200, 216, 199, 216, 215, 200, 201, 217, 200, 217, 216, 201, 202, 218, 201, 218, 217, 202, 203, 219, 202, 219, 218, 203, 204, 220, 203, 220, 219, 204, 205, 221, 204, 221, 220, 205, 206, 222, 205, 222, 221, 206, 207, 223, 206, 223, 222, 207, 192, 208, 207, 208, 223, 208, 209, 225, 208, 225, 224, 209, 210, 226, 209, 226, 225, 210, 211, 227, 210, 227, 226, 211, 212, 228, 211, 228, 227, 212, 213, 229, 212, 229, 228, 213, 214, 230, 213, 230, 229, 214, 215, 231, 214, 231, 230, 215, 216, 232, 215, 232, 231, 216, 217, 233, 216, 233, 232, 217, 218, 234, 217, 234, 233, 218, 219, 235, 218, 235, 234, 219, 220, 236, 219, 236, 235, 220, 221, 237, 220, 237, 236, 221, 222, 238, 221, 238, 237, 222, 223, 239, 222, 239, 238, 223, 208, 224, 223, 224, 239, 224, 225, 241, 224, 241, 240, 225, 226, 242, 225, 242, 241, 226, 227, 243, 226, 243, 242, 227, 228, 244, 227, 244, 243, 228, 229, 245, 228, 245, 244, 229, 230, 246, 229, 246, 245, 230, 231, 247, 230, 247, 246, 231, 232, 248, 231, 248, 247, 232, 233, 249, 232, 249, 248, 233, 234, 250, 233, 250, 249, 234, 235, 251, 234, 251, 250, 235, 236, 252, 235, 252, 251, 236, 237, 253, 236, 253, 252, 237, 238, 254, 237, 254, 253, 238, 239, 255, 238, 255, 254, 239, 224, 240, 239, 240, 255, 240, 241, 257, 240, 257, 256, 241, 242, 258, 241, 258, 257, 242, 243, 259, 242, 259, 258, 243, 244, 260, 243, 260, 259, 244, 245, 261, 244, 261, 260, 245, 246, 262, 245, 262, 261, 246, 247, 263, 246, 263, 262, 247, 248, 264, 247, 264, 263, 248, 249, 265, 248, 265, 264, 249, 250, 266, 249, 266, 265, 250, 251, 267, 250, 267, 266, 251, 252, 268, 251, 268, 267, 252, 253, 269, 252, 269, 268, 253, 254, 270, 253, 270, 269, 254, 255, 271, 254, 271, 270, 255, 240, 256, 255, 256, 271, 256, 257, 273, 256, 273, 272, 257, 258, 274, 257, 274, 273, 258, 259, 275, 258, 275, 274, 259, 260, 276, 259, 276, 275, 260, 261, 277, 260, 277, 276, 261, 262, 278, 261, 278, 277, 262, 263, 279, 262, 279, 278, 263, 264, 280, 263, 280, 279, 264, 265, 281, 264, 281, 280, 265, 266, 282, 265, 282, 281, 266, 267, 283, 266, 283, 282, 267, 268, 284, 267, 284, 283, 268, 269, 285, 268, 285, 284, 269, 270, 286, 269, 286, 285, 270, 271, 287, 270, 287, 286, 271, 256, 272, 271, 272, 287, 272, 273, 289, 272, 289, 288, 273, 274, 290, 273, 290, 289, 274, 275, 291, 274, 291, 290, 275, 276, 292, 275, 292, 291, 276, 277, 293, 276, 293, 292, 277, 278, 294, 277, 294, 293, 278, 279, 295, 278, 295, 294, 279, 280, 296, 279, 296, 295, 280, 281, 297, 280, 297, 296, 281, 282, 298, 281, 298, 297, 282, 283, 299, 282, 299, 298, 283, 284, 300, 283, 300, 299, 284, 285, 301, 284, 301, 300, 285, 286, 302, 285, 302, 301, 286, 287, 303, 286, 303, 302, 287, 272, 288, 287, 288, 303, 288, 289, 305, 288, 305, 304, 289, 290, 306, 289, 306, 305, 290, 291, 307, 290, 307, 306, 291, 292, 308, 291, 308, 307, 292, 293, 309, 292, 309, 308, 293, 294, 310, 293, 310, 309, 294, 295, 311, 294, 311, 310, 295, 296, 312, 295, 312, 311, 296, 297, 313, 296, 313, 312, 297, 298, 314, 297, 314, 313, 298, 299, 315, 298, 315, 314, 299, 300, 316, 299, 316, 315, 300, 301, 317, 300, 317, 316, 301, 302, 318, 301, 318, 317, 302, 303, 319, 302, 319, 318, 303, 288, 304, 303, 304, 319, 304, 305, 321, 304, 321, 320, 305, 306, 322, 305, 322, 321, 306, 307, 323, 306, 323, 322, 307, 308, 324, 307, 324, 323, 308, 309, 325, 308, 325, 324, 309, 310, 326, 309, 326, 325, 310, 311, 327, 310, 327, 326, 311, 312, 328, 311, 328, 327, 312, 313, 329, 312, 329, 328, 313, 314, 330, 313, 330, 329, 314, 315, 331, 314, 331, 330, 315, 316, 332, 315, 332, 331, 316, 317, 333, 316, 333, 332, 317, 318, 334, 317, 334, 333, 318, 319, 335, 318, 335, 334, 319, 304, 320, 319, 320, 335, 320, 321, 337, 320, 337, 336, 321, 322, 338, 321, 338, 337, 322, 323, 339, 322, 339, 338, 323, 324, 340, 323, 340, 339, 324, 325, 341, 324, 341, 340, 325, 326, 342, 325, 342, 341, 326, 327, 343, 326, 343, 342, 327, 328, 344, 327, 344, 343, 328, 329, 345, 328, 345, 344, 329, 330, 346, 329, 346, 345, 330, 331, 347, 330, 347, 346, 331, 332, 348, 331, 348, 347, 332, 333, 349, 332, 349, 348, 333, 334, 350, 333, 350, 349, 334, 335, 351, 334, 351, 350, 335, 320, 336, 335, 336, 351, 336, 337, 353, 336, 353, 352, 337, 338, 354, 337, 354, 353, 338, 339, 355, 338, 355, 354, 339, 340, 356, 339, 356, 355, 340, 341, 357, 340, 357, 356, 341, 342, 358, 341, 358, 357, 342, 343, 359, 342, 359, 358, 343, 344, 360, 343, 360, 359, 344, 345, 361, 344, 361, 360, 345, 346, 362, 345, 362, 361, 346, 347, 363, 346, 363, 362, 347, 348, 364, 347, 364, 363, 348, 349, 365, 348, 365, 364, 349, 350, 366, 349, 366, 365, 350, 351, 367, 350, 367, 366, 351, 336, 352, 351, 352, 367, 352, 353, 369, 352, 369, 368, 353, 354, 370, 353, 370, 369, 354, 355, 371, 354, 371, 370, 355, 356, 372, 355, 372, 371, 356, 357, 373, 356, 373, 372, 357, 358, 374, 357, 374, 373, 358, 359, 375, 358, 375, 374, 359, 360, 376, 359, 376, 375, 360, 361, 377, 360, 377, 376, 361, 362, 378, 361, 378, 377, 362, 363, 379, 362, 379, 378, 363, 364, 380, 363, 380, 379, 364, 365, 381, 364, 381, 380, 365, 366, 382, 365, 382, 381, 366, 367, 383, 366, 383, 382, 367, 352, 368, 367, 368, 383, 368, 369, 385, 368, 385, 384, 369, 370, 386, 369, 386, 385, 370, 371, 387, 370, 387, 386, 371, 372, 388, 371, 388, 387, 372, 373, 389, 372, 389, 388, 373, 374, 390, 373, 390, 389, 374, 375, 391, 374, 391, 390, 375, 376, 392, 375, 392, 391, 376, 377, 393, 376, 393, 392, 377, 378, 394, 377, 394, 393, 378, 379, 395, 378, 395, 394, 379, 380, 396, 379, 396, 395, 380, 381, 397, 380, 397, 396, 381, 382, 398, 381, 398, 397, 382, 383, 399, 382, 399, 398, 383, 368, 384, 383, 384, 399, 15, 14, 13, 15, 13, 12, 15, 12, 11, 15, 11, 10, 15, 10, 9, 15, 9, 8, 15, 8, 7, 15, 7, 6, 15, 6, 5, 15, 5, 4, 15, 4, 3, 15, 3, 2, 15, 2, 1, 15, 1, 0, 384, 385, 386, 384, 386, 387, 384, 387, 388, 384, 388, 389, 384, 389, 390, 384, 390, 391, 384, 391, 392, 384, 392, 393, 384, 393, 394, 384, 394, 395, 384, 395, 396, 384, 396, 397, 384, 397, 398, 384, 398, 399]
  normal3f[] normals = [(-0.1212149, 0.1012262, -0.9874514), (-0.6266256, 0.3789333, -0.6809919), (-0.8403994, 0.386162, -0.3802733), (-0.9125905, 0.3380117, -0.2300578), (-0.9445885, 0.2907525, -0.1523663), (-0.962628, 0.2487863, -0.1070173), (-0.9747437, 0.2093858, -0.0776678), (-0.9839351, 0.1689346, -0.0577306), (-0.9913083, 0.1235088, -0.0453141), (-0.9967875, 0.0683382, -0.0417684), (-0.9986216, -0.0036162, -0.0523619), (-0.9903773, -0.1048794, -0.0902944), (-0.9469774, -0.2593967, -0.1895972), (-0.7610284, -0.4872934, -0.42823), (-0.2397135, -0.5880523, -0.7724842), (-0.9724762, 0.1228567, -0.1979806), (0.172776, 0.0086135, -0.9849235), (0.2051018, 0.3882973, -0.89842), (0.2060631, 0.7087849, -0.6746569), (0.1755097, 0.9209924, -0.3478066), (0.1181498, 0.9924773, 0.0320858), (0.0428009, 0.9124733, 0.4068913), (-0.0390059, 0.6934644, 0.7194342), (-0.1148198, 0.369092, 0.922273), (-0.1731626, -0.0111553, 0.9848301), (-0.205235, -0.3895328, 0.8978545), (-0.2062055, -0.7087312, 0.6746699), (-0.1759187, -0.9204207, 0.3491107), (-0.1189271, -0.9924637, -0.0295333), (-0.0438321, -0.9137677, -0.4038656), (0.0379842, -0.6960492, -0.7169886), (0.1140652, -0.372193, -0.9211197), (0.1739821, 0.0059383, -0.9847309), (0.2051181, 0.3863205, -0.8992681), (0.2049411, 0.7074744, -0.6763721), (0.1734981, 0.9203994, -0.350376), (0.1156203, 0.9928777, 0.0287364), (0.0401619, 0.9142584, 0.403136), (-0.0413717, 0.6968629, 0.7160102), (-0.1165842, 0.3739138, 0.9201068), (-0.1740671, -0.0055962, 0.9847179), (-0.2051135, -0.3842724, 0.9001462), (-0.2050183, -0.7048413, 0.6790922), (-0.1737807, -0.9186456, 0.3548105), (-0.1161116, -0.9929529, -0.0237196), (-0.0407428, -0.9160405, -0.399011), (0.0408727, -0.6992293, -0.7137281), (0.1162907, -0.3754001, -0.9195386), (0.1713275, 0.0051816, -0.9852005), (0.2088695, 0.384392, -0.899231), (0.2146891, 0.7046615, -0.6762845), (0.1878974, 0.9174615, -0.3506551), (0.1325507, 0.9907812, 0.0279798), (0.0570452, 0.913795, 0.4021499), (-0.0271457, 0.698349, 0.7152424), (-0.1072072, 0.3770973, 0.919948), (-0.1709315, -0.0014086, 0.9852819), (-0.2085849, -0.3799393, 0.9011872), (-0.2144078, -0.7010753, 0.6800902), (-0.1875087, -0.9157894, 0.3552046), (-0.1320065, -0.9909525, -0.0242365), (-0.0563891, -0.9146502, -0.4002941), (0.0278043, -0.698325, -0.7152406), (0.1077579, -0.375155, -0.9206774), (0.1656551, 0.0044402, -0.9861738), (0.2154404, 0.381825, -0.8987742), (0.2325704, 0.7005635, -0.6746271), (0.2144118, 0.9125484, -0.3482571), (0.1636858, 0.9860372, 0.0306208), (0.0880748, 0.9102284, 0.404632), (-0.0009287, 0.6967473, 0.717316), (-0.0897627, 0.3778409, 0.921509), (-0.1648638, 0.0015626, 0.9863151), (-0.2147489, -0.375324, 0.9016734), (-0.231791, -0.695688, 0.6799199), (-0.2134059, -0.9105009, 0.3541835), (-0.1624466, -0.9863688, -0.0262225), (-0.0867348, -0.9110653, -0.4030348), (0.0021772, -0.6959147, -0.7181212), (0.0907836, -0.3741732, -0.9229045), (0.1576232, 0.006188, -0.9874799), (0.2263023, 0.3801117, -0.896829), (0.2609043, 0.6951339, -0.669864), (0.2558633, 0.9042365, -0.3418924), (0.211818, 0.9766027, 0.0371533), (0.1355274, 0.9018836, 0.4101687), (0.0388169, 0.6915651, 0.7212704), (-0.0632836, 0.3771951, 0.9239692), (-0.1549435, 0.0057033, 0.9879069), (-0.2221062, -0.367427, 0.9031424), (-0.2547736, -0.6860281, 0.68151), (-0.2484935, -0.9011506, 0.3552162), (-0.2046896, -0.9784555, -0.026964), (-0.1299992, -0.9045283, -0.4061143), (-0.035249, -0.6903921, -0.7225762), (0.0656961, -0.3700036, -0.9267046), (0.1586119, 0.0092475, -0.9872977), (0.2579165, 0.372853, -0.8913247), (0.3180346, 0.6796491, -0.6610076), (0.3298606, 0.8839487, -0.331401), (0.2917383, 0.9552998, 0.0478639), (0.2096671, 0.8830431, 0.4198507), (0.0963315, 0.6779372, 0.7287808), (-0.0309101, 0.3705236, 0.9283086), (-0.1527507, 0.0065566, 0.988243), (-0.2509089, -0.3595929, 0.8987423), (-0.3108175, -0.672424, 0.6717429), (-0.3235696, -0.8829826, 0.3400654), (-0.2869887, -0.95684, -0.0457676), (-0.2060888, -0.8815899, -0.4246487), (-0.0928522, -0.6700852, -0.7364538), (0.0353403, -0.3568611, -0.9334887), (0.1651521, 0.0063772, -0.9862475), (0.2971643, 0.356621, -0.8857284), (0.3836115, 0.6537508, -0.6522668), (0.4121361, 0.8528712, -0.3205536), (0.3788001, 0.9235398, 0.0598731), (0.2886027, 0.8545363, 0.4318289), (0.154761, 0.655734, 0.73896), (-0.0031444, 0.3568036, 0.9341741), (-0.161854, 0.002965, 0.9868103), (-0.2975387, -0.3516232, 0.8875989), (-0.3890173, -0.6520357, 0.6507803), (-0.4210286, -0.8513997, 0.3128154), (-0.3874424, -0.9189953, -0.0730485), (-0.293362, -0.8454626, -0.4462418), (-0.1544316, -0.6434598, -0.7497402), (0.0067501, -0.3444705, -0.9387729), (0.1619165, 0.000519, -0.9868043), (0.3127085, 0.343865, -0.8854209), (0.4159097, 0.635724, -0.6502877), (0.4560361, 0.8317901, -0.3164748), (0.4269912, 0.9018532, 0.065873), (0.3329925, 0.8346011, 0.4388131), (0.1880477, 0.6396823, 0.7452816), (0.013994, 0.3465613, 0.9379229), (-0.1626959, 0.0001743, 0.9866763), (-0.3149268, -0.3460579, 0.8837788), (-0.419215, -0.6387508, 0.6451792), (-0.4594404, -0.8331066, 0.3079739), (-0.4294482, -0.899913, -0.0757027), (-0.33401, -0.8297689, -0.4471252), (-0.187977, -0.6340211, -0.7501213), (-0.0138248, -0.3426162, -0.9393737), (0.143977, -0.0041373, -0.9895724), (0.2948307, 0.3411502, -0.8925757), (0.4013606, 0.635217, -0.6598553), (0.4464928, 0.8332623, -0.3260646), (0.4227331, 0.9043816, 0.058229), (0.3337578, 0.8367929, 0.4340316), (0.193774, 0.6403221, 0.7432626), (0.0248647, 0.3451742, 0.9382092), (-0.1468466, -0.0029559, 0.9891549), (-0.2953381, -0.3503504, 0.8888363), (-0.3985158, -0.6438187, 0.6532094), (-0.4412865, -0.8388851, 0.3186502), (-0.4175583, -0.9064069, -0.0638095), (-0.3309722, -0.8367349, -0.4362706), (-0.1943166, -0.6408984, -0.7426239), (-0.0277419, -0.3487055, -0.9368217), (0.1110707, -0.0101503, -0.9937607), (0.244539, 0.3439455, -0.9065882), (0.3430496, 0.6467934, -0.6811573), (0.3881384, 0.8525651, -0.3499733), (0.3704982, 0.9281076, 0.0367061), (0.2940472, 0.8595097, 0.4180662), (0.1738427, 0.6566212, 0.7339123), (0.030508, 0.351637, 0.9356392), (-0.1140467, -0.0073737, 0.993448), (-0.2391357, -0.3648218, 0.899844), (-0.3273627, -0.6662236, 0.6700595), (-0.3665912, -0.8662488, 0.3394465), (-0.3514593, -0.9352647, -0.0419087), (-0.2840709, -0.863552, -0.4166313), (-0.1736952, -0.6625927, -0.7285608), (-0.0355368, -0.3631186, -0.931065), (0.0629399, -0.0184451, -0.9978469), (0.1578999, 0.3474972, -0.9242907), (0.2378322, 0.662258, -0.7105281), (0.2787568, 0.8805439, -0.3833238), (0.2631688, 0.964708, 0.008975), (0.2017083, 0.8942848, 0.3994601), (0.1177004, 0.680555, 0.7231815), (0.0269263, 0.360795, 0.9322564), (-0.0605079, -0.0136805, 0.998074), (-0.135543, -0.3853888, 0.9127451), (-0.1897072, -0.6983084, 0.6902004), (-0.2163589, -0.9057662, 0.364385), (-0.2119138, -0.9771632, -0.0156427), (-0.176518, -0.902476, -0.3929103), (-0.1140228, -0.6938115, -0.7110727), (-0.03127, -0.3834625, -0.9230269), (-0.0036011, -0.0184692, -0.9998229), (0.0034882, 0.3623783, -0.9320246), (0.0087939, 0.6936204, -0.720287), (0.006324, 0.9226603, -0.3855619), (-0.0004589, 0.9998467, 0.017502), (-0.00078, 0.9133041, 0.4072776), (0.0043044, 0.6885951, 0.7251333), (0.0094403, 0.3628992, 0.9317806), (0.0119352, -0.0162616, 0.9997965), (0.0111769, -0.3933494, 0.9193211), (0.0076344, -0.7123044, 0.7018292), (0.0023756, -0.9252213, 0.3794204), (-0.0032149, -0.9999948, 0.0002771), (-0.0076775, -0.9254745, -0.378732), (-0.0097108, -0.7131566, -0.7009375), (-0.0084122, -0.3951028, -0.9185984), (-0.0710558, -0.0105853, -0.9974162), (-0.1588793, 0.3662917, -0.9168357), (-0.233636, 0.686741, -0.6883321), (-0.2751667, 0.896941, -0.3460927), (-0.2624266, 0.9637723, 0.0477001), (-0.1990924, 0.8827526, 0.4255704), (-0.1090288, 0.6697716, 0.7345194), (-0.0126038, 0.3565138, 0.934205), (0.0771815, -0.0114076, 0.9969518), (0.1505363, -0.3795569, 0.9128392), (0.1995616, -0.6925647, 0.6932022), (0.2189594, -0.9028796, 0.3699529), (0.2069215, -0.9783155, -0.0090721), (0.1654479, -0.9069454, -0.3873978), (0.099948, -0.6988077, -0.7082925), (0.0182003, -0.3844502, -0.9229663), (-0.1185042, -0.0060267, -0.9929353), (-0.250623, 0.3540627, -0.9010148), (-0.3468862, 0.6587539, -0.6676176), (-0.3891155, 0.8601374, -0.3297768), (-0.368335, 0.9279134, 0.057499), (-0.2889427, 0.8537878, 0.4330802), (-0.1666329, 0.6506382, 0.7408802), (-0.0225131, 0.3494534, 0.9366832), (0.1214199, -0.0048677, 0.9925893), (0.2447166, -0.3594427, 0.9005081), (0.330359, -0.6609537, 0.6737976), (0.3666367, -0.8637002, 0.3458316), (0.3486214, -0.9366218, -0.0346793), (0.2788025, -0.8680585, -0.4107841), (0.1667354, -0.6676224, -0.7255892), (0.0278152, -0.3650263, -0.9305816), (-0.1480275, -0.0030816, -0.9889784), (-0.2991273, 0.3456475, -0.8894103), (-0.4045964, 0.6407164, -0.6525215), (-0.4475487, 0.8367393, -0.3155432), (-0.4213517, 0.9042788, 0.0688672), (-0.3307146, 0.8340184, 0.4416347), (-0.1904288, 0.6374612, 0.7465789), (-0.0224424, 0.3446874, 0.9384492), (0.1477729, -0.0001971, 0.9890213), (0.294929, -0.345409, 0.8909038), (0.3973752, -0.6389821, 0.6586311), (0.4400243, -0.8364394, 0.3267228), (0.4164311, -0.9074914, -0.0551775), (0.3297515, -0.8407322, -0.4294569), (0.1924489, -0.6456258, -0.7390066), (0.024752, -0.3514336, -0.9358855), (-0.1616068, -0.0002242, -0.9868552), (-0.3134573, 0.3463264, -0.884196), (-0.4168057, 0.6392456, -0.6462492), (-0.4563673, 0.8339732, -0.3101897), (-0.4267309, 0.9014817, 0.072329), (-0.3328389, 0.8323101, 0.4432586), (-0.1890191, 0.6375706, 0.7468437), (-0.0167991, 0.3469777, 0.9377229), (0.1581788, 0.0042906, 0.9874012), (0.3097595, -0.339125, 0.8882811), (0.4149791, -0.6316995, 0.6547886), (0.457461, -0.8290772, 0.3214972), (0.4300855, -0.9006865, -0.0615648), (0.3364665, -0.8346617, -0.4360391), (0.1907695, -0.6402633, -0.74409), (0.0156261, -0.3470085, -0.9377318), (-0.1578822, 0.003088, -0.9874531), (-0.2914478, 0.3566778, -0.887603), (-0.3797841, 0.655353, -0.6528985), (-0.4104651, 0.8540249, -0.3196246), (-0.3795372, 0.9231304, 0.0614964), (-0.2919084, 0.8528509, 0.4329374), (-0.160548, 0.6543667, 0.7389374), (-0.0045986, 0.3579467, 0.9337307), (0.1532676, 0.0081961, 0.9881507), (0.2897767, -0.3426524, 0.8936547), (0.3839363, -0.6421807, 0.6634734), (0.4199894, -0.8449466, 0.3311709), (0.3906699, -0.9189892, -0.0532521), (0.2998631, -0.8514451, -0.4302597), (0.1625705, -0.6518972, -0.740676), (0.0014833, -0.3513892, -0.9362283), (-0.1490061, 0.0058223, -0.9888191), (-0.248621, 0.3697396, -0.8952543), (-0.3109125, 0.6774826, -0.6665964), (-0.3263217, 0.8829699, -0.3374585), (-0.2923666, 0.9553591, 0.0425521), (-0.2140864, 0.8837207, 0.4161788), (-0.1033092, 0.6787147, 0.7270994), (0.0231334, 0.3709782, 0.9283534), (0.1459517, 0.0065452, 0.9892701), (0.2463125, -0.3598523, 0.8999092), (0.3087196, -0.6725041, 0.6726295), (0.3235003, -0.8826567, 0.3409762), (0.2884977, -0.9564611, -0.044174), (0.2094155, -0.88195, -0.4222668), (0.0985921, -0.671763, -0.7341758), (-0.0271659, -0.3597531, -0.932652), (-0.1535814, 0.0051373, -0.9881227), (-0.2213674, 0.3770593, -0.8993457), (-0.2566062, 0.6918117, -0.6749443), (-0.2534737, 0.9022887, -0.3487495), (-0.211939, 0.9768158, 0.0302129), (-0.1379605, 0.9038934, 0.4048995), (-0.0426934, 0.6940317, 0.7186775), (0.0591556, 0.378375, 0.9237602), (0.1515958, 0.004297, 0.9884332), (0.2199522, -0.3714325, 0.9020305), (0.2534304, -0.6910222, 0.67695), (0.2471412, -0.9045919, 0.3473252), (0.2029013, -0.9785426, -0.0358533), (0.1283545, -0.9016529, -0.4129736), (0.0349866, -0.6868728, -0.7259351), (-0.0637077, -0.3682832, -0.9275283), (-0.1630269, 0.0019351, -0.9866197), (-0.2126635, 0.3785811, -0.9008055), (-0.2303537, 0.6974984, -0.6785522), (-0.2133922, 0.9106975, -0.353686), (-0.1642169, 0.9861157, 0.0246704), (-0.0901201, 0.912344, 0.3993831), (-0.0022267, 0.7003541, 0.7137921), (0.0861312, 0.3819416, 0.9201641), (0.1614117, 0.005095, 0.986874), (0.2119501, -0.3730557, 0.9032755), (0.2298292, -0.6947425, 0.6815507), (0.2122264, -0.9103804, 0.3552006), (0.1619446, -0.9864623, -0.0258078), (0.0869313, -0.9111632, -0.4027712), (-0.0011413, -0.6963657, -0.7176862), (-0.088843, -0.3755372, -0.9225393), (-0.1691137, -0.0010202, -0.985596), (-0.2069626, 0.3777062, -0.902499), (-0.2135972, 0.6989166, -0.6825626), (-0.1879891, 0.91412, -0.359228), (-0.1339253, 0.9908176, 0.0185604), (-0.0594959, 0.9173342, 0.3936474), (0.024069, 0.7046065, 0.70919), (0.1040588, 0.3846405, 0.9171823), (0.1682076, 0.005827, 0.9857344), (0.2065983, -0.3742439, 0.9040236), (0.2132529, -0.6974699, 0.6841483), (0.1871287, -0.9141864, 0.3595081), (0.1323125, -0.9910023, -0.0201946), (0.0573373, -0.9161658, -0.3966771), (-0.0262441, -0.7014124, -0.7122724), (-0.1057141, -0.3799419, -0.9189498), (-0.1723518, -0.0048462, -0.9850235), (-0.20419, 0.3746253, -0.9044127), (-0.2051763, 0.6973227, -0.6867632), (-0.1751211, 0.9144165, -0.3649317), (-0.1184909, 0.9928768, 0.0124761), (-0.043791, 0.920498, 0.3882857), (0.0376651, 0.7079045, 0.7053032), (0.1134453, 0.3871524, 0.9150099), (0.1719076, 0.0070263, 0.985088), (0.2040303, -0.3743519, 0.9045619), (0.2048561, -0.6985075, 0.6856539), (0.1742892, -0.9157567, 0.361957), (0.1170957, -0.992978, -0.0168303), (0.042111, -0.9186914, -0.3927248), (-0.0391843, -0.7046396, -0.7084827), (-0.1144526, -0.3837331, -0.9163239), (-0.1717137, -0.0105907, -0.98509), (-0.2054188, 0.36943, -0.9062696), (-0.2079101, 0.6935208, -0.6897843), (-0.1787729, 0.912367, -0.3682754), (-0.1223982, 0.9924351, 0.009551), (-0.0473423, 0.9212068, 0.3861823), (0.0349585, 0.7092928, 0.7040466), (0.1119358, 0.3889641, 0.9144273), (0.1718275, 0.009224, 0.9850839), (0.2054947, -0.3718061, 0.9052801), (0.2078233, -0.6959185, 0.6873914), (0.1784937, -0.9137846, 0.3648804), (0.1220096, -0.9924443, -0.0129585), (0.0469917, -0.9202055, -0.3886047), (-0.0351461, -0.7082717, -0.7050645), (-0.1119311, -0.3889242, -0.9144449), (0.9712143, 0.1307342, -0.1991264), (0.100245, 0.3421632, -0.934278), (0.627441, 0.5118674, -0.586779), (0.8477711, 0.4347595, -0.3037571), (0.9210136, 0.3484627, -0.1740912), (0.9526559, 0.2826468, -0.1120601), (0.9699066, 0.2302659, -0.0791126), (0.9809969, 0.1842825, -0.0607039), (0.9888721, 0.1395119, -0.0516567), (0.9944599, 0.0917665, -0.0512676), (0.9973887, 0.0369298, -0.0620643), (0.9954113, -0.0302363, -0.0907862), (0.9811597, -0.1180724, -0.15292), (0.9276846, -0.2399812, -0.2860252), (0.725373, -0.3918639, -0.56593), (0.1909045, -0.3827401, -0.9039168)] (interpolation = "vertex")
  uniform token subdivisionScheme = "none"
  uniform bool doubleSided = true
  rel material:binding = </Wayfarer/Materials/Frame>
 }
 def Mesh "RightTemple" (prepend apiSchemas = ["MaterialBindingAPI"]) {
  point3f[] points = [(0.0619611, 0.015, 0.0422635), (0.0624305, 0.0180237, 0.0419792), (0.063291, 0.020587, 0.0420025), (0.0644117, 0.0222997, 0.04233), (0.0656219, 0.0229012, 0.0429116), (0.0667375, 0.0222997, 0.043659), (0.0675886, 0.020587, 0.0444583), (0.0680455, 0.0180237, 0.0451878), (0.0680389, 0.015, 0.0457365), (0.0675695, 0.0119763, 0.0460208), (0.066709, 0.009413, 0.0459975), (0.0655883, 0.0077003, 0.04567), (0.0643781, 0.0070988, 0.0450884), (0.0632625, 0.0077003, 0.044341), (0.0624114, 0.009413, 0.0435417), (0.0619545, 0.0119763, 0.0428122), (0.0626185, 0.0148389, 0.0412028), (0.0631233, 0.0178061, 0.0409191), (0.0639904, 0.0203217, 0.0409702), (0.065088, 0.0220025, 0.0413484), (0.0662489, 0.0225927, 0.0419959), (0.0672964, 0.0220025, 0.0428143), (0.0680709, 0.0203217, 0.043679), (0.0684547, 0.0178061, 0.0444583), (0.0683893, 0.0148389, 0.0450336), (0.0678846, 0.0118716, 0.0453172), (0.0670174, 0.0093561, 0.0452661), (0.0659198, 0.0076752, 0.044888), (0.0647589, 0.007085, 0.0442404), (0.0637115, 0.0076752, 0.043422), (0.0629369, 0.0093561, 0.0425573), (0.0625531, 0.0118716, 0.041778), (0.0634897, 0.0146172, 0.0400921), (0.0640271, 0.0175285, 0.0398156), (0.0648982, 0.0199967, 0.0398966), (0.0659703, 0.0216458, 0.0403228), (0.0670802, 0.0222249, 0.0410293), (0.068059, 0.0216458, 0.0419086), (0.0687577, 0.0199967, 0.0428268), (0.0690698, 0.0175285, 0.043644), (0.0689478, 0.0146172, 0.044236), (0.0684104, 0.0117058, 0.0445125), (0.0675393, 0.0092377, 0.0444315), (0.0664672, 0.0075885, 0.0440053), (0.0653573, 0.0070094, 0.0432988), (0.0643785, 0.0075885, 0.0424195), (0.0636798, 0.0092377, 0.0415014), (0.0633677, 0.0117058, 0.0406841), (0.0643223, 0.0143525, 0.0390705), (0.064836, 0.0172178, 0.0387982), (0.0656904, 0.0196468, 0.0388687), (0.0667555, 0.0212698, 0.0392713), (0.0678691, 0.0218398, 0.0399446), (0.0688617, 0.0212698, 0.0407862), (0.0695822, 0.0196468, 0.0416679), (0.0699208, 0.0172178, 0.0424555), (0.0698261, 0.0143525, 0.0430291), (0.0693124, 0.0114873, 0.0433014), (0.068458, 0.0090583, 0.0432309), (0.0673929, 0.0074352, 0.0428283), (0.0662793, 0.0068653, 0.042155), (0.0652867, 0.0074352, 0.0413135), (0.0645663, 0.0090583, 0.0404318), (0.0642276, 0.0114873, 0.0396441), (0.0651311, 0.0140625, 0.0379519), (0.0655898, 0.0168871, 0.0376868), (0.0664154, 0.0192816, 0.0377263), (0.0674823, 0.0208816, 0.0380644), (0.0686279, 0.0214435, 0.0386496), (0.069678, 0.0208816, 0.0393928), (0.0704726, 0.0192816, 0.0401808), (0.0708908, 0.0168871, 0.0408938), (0.0708689, 0.0140625, 0.0414231), (0.0704102, 0.0112379, 0.0416882), (0.0695846, 0.0088434, 0.0416487), (0.0685177, 0.0072434, 0.0413106), (0.0673721, 0.0066815, 0.0407254), (0.066322, 0.0072434, 0.0399822), (0.0655274, 0.0088434, 0.0391942), (0.0651092, 0.0112379, 0.0384812), (0.0659202, 0.0137646, 0.0365879), (0.0663126, 0.0165506, 0.0363436), (0.0671029, 0.0189124, 0.0363498), (0.0681707, 0.0204905, 0.0366056), (0.0693534, 0.0210446, 0.0370721), (0.0704711, 0.0204905, 0.0376782), (0.0713534, 0.0189124, 0.0383316), (0.0718662, 0.0165506, 0.038933), (0.0719314, 0.0137646, 0.0393906), (0.0715389, 0.0109787, 0.039635), (0.0707487, 0.0086169, 0.0396287), (0.0696809, 0.0070388, 0.0393729), (0.0684981, 0.0064846, 0.0389064), (0.0673805, 0.0070388, 0.0383003), (0.0664981, 0.0086169, 0.0376469), (0.0659853, 0.0109787, 0.0370455), (0.0666671, 0.0134766, 0.0348389), (0.0669985, 0.0162231, 0.0346314), (0.0677536, 0.0185515, 0.034612), (0.0688173, 0.0201073, 0.0347837), (0.0700278, 0.0206536, 0.0351204), (0.0712008, 0.0201073, 0.0355707), (0.0721576, 0.0185515, 0.0360662), (0.0727527, 0.0162231, 0.0365314), (0.0728954, 0.0134766, 0.0368954), (0.072564, 0.01073, 0.037103), (0.0718089, 0.0084016, 0.0371223), (0.0707452, 0.0068458, 0.0369506), (0.0695347, 0.0062995, 0.036614), (0.0683617, 0.0068458, 0.0361637), (0.0674049, 0.0084016, 0.0356682), (0.0668098, 0.01073, 0.035203), (0.0673211, 0.0132158, 0.0325739), (0.0676065, 0.0159205, 0.0324135), (0.0683319, 0.0182134, 0.0323779), (0.0693867, 0.0197455, 0.0324726), (0.0706104, 0.0202835, 0.0326831), (0.0718167, 0.0197455, 0.0329773), (0.072822, 0.0182134, 0.0333106), (0.0734731, 0.0159205, 0.0336321), (0.0736711, 0.0132158, 0.0338929), (0.0733856, 0.0105111, 0.0340533), (0.0726603, 0.0082182, 0.0340889), (0.0716055, 0.0066861, 0.0339942), (0.0703818, 0.0061481, 0.0337837), (0.0691755, 0.0066861, 0.0334894), (0.0681702, 0.0082182, 0.0331562), (0.0675191, 0.0105111, 0.0328347), (0.0678132, 0.013, 0.0296492), (0.0680705, 0.0156601, 0.0295424), (0.0687738, 0.0179152, 0.0295053), (0.069816, 0.019422, 0.0295435), (0.0710384, 0.0199511, 0.0296511), (0.072255, 0.019422, 0.0298119), (0.0732805, 0.0179152, 0.0300014), (0.0739589, 0.0156601, 0.0301906), (0.0741868, 0.013, 0.0303508), (0.0739295, 0.0103399, 0.0304576), (0.0732262, 0.0080848, 0.0304947), (0.072184, 0.006578, 0.0304565), (0.0709616, 0.0060489, 0.0303489), (0.069745, 0.006578, 0.0301881), (0.0687195, 0.0080848, 0.0299986), (0.0680411, 0.0103399, 0.0298094), (0.0681287, 0.0128477, 0.0258253), (0.0683734, 0.0154603, 0.0257635), (0.0690627, 0.0176753, 0.0257354), (0.0700917, 0.0191552, 0.0257454), (0.0713037, 0.0196749, 0.025792), (0.0725143, 0.0191552, 0.025868), (0.073539, 0.0176753, 0.0259618), (0.074222, 0.0154603, 0.0260593), (0.0744591, 0.0128477, 0.0261454), (0.0742145, 0.010235, 0.0262072), (0.0735252, 0.0080201, 0.0262353), (0.0724962, 0.0065401, 0.0262253), (0.0712842, 0.0060204, 0.0261787), (0.0700736, 0.0065401, 0.0261027), (0.0690489, 0.0080201, 0.0260089), (0.0683659, 0.010235, 0.0259114), (0.0683134, 0.01275, 0.0211369), (0.0685525, 0.0153136, 0.0211), (0.0692321, 0.017487, 0.0210776), (0.0702486, 0.0189392, 0.0210731), (0.0714473, 0.0194491, 0.0210872), (0.0726457, 0.0189392, 0.0211178), (0.0736614, 0.017487, 0.0211601), (0.0743396, 0.0153136, 0.0212079), (0.0745773, 0.01275, 0.0212537), (0.0743381, 0.0101864, 0.0212906), (0.0736585, 0.008013, 0.0213131), (0.072642, 0.0065608, 0.0213175), (0.0714433, 0.0060509, 0.0213034), (0.0702449, 0.0065608, 0.0212729), (0.0692293, 0.008013, 0.0212305), (0.068551, 0.0101864, 0.0211827), (0.0683876, 0.0126836, 0.0158254), (0.0686233, 0.0151977, 0.015797), (0.0692943, 0.017329, 0.0157726), (0.0702987, 0.0187531, 0.0157559), (0.0714833, 0.0192532, 0.0157495), (0.072668, 0.0187531, 0.0157543), (0.0736724, 0.017329, 0.0157695), (0.0743435, 0.0151977, 0.015793), (0.0745791, 0.0126836, 0.0158211), (0.0743435, 0.0101695, 0.0158495), (0.0736725, 0.0080382, 0.0158739), (0.0726681, 0.0066141, 0.0158906), (0.0714835, 0.006114, 0.015897), (0.0702988, 0.0066141, 0.0158922), (0.0692944, 0.0080382, 0.0158769), (0.0686233, 0.0101695, 0.0158535), (0.0683787, 0.012625, 0.0101007), (0.0686112, 0.0150893, 0.0100699), (0.069274, 0.0171785, 0.0100379), (0.0702661, 0.0185744, 0.0100097), (0.0714366, 0.0190646, 0.0099895), (0.0726072, 0.0185744, 0.0099804), (0.0735997, 0.0171785, 0.0099839), (0.0742631, 0.0150893, 0.0099992), (0.0744963, 0.012625, 0.0100243), (0.0742638, 0.0101607, 0.0100551), (0.073601, 0.0080715, 0.0100871), (0.0726089, 0.0066756, 0.0101153), (0.0714384, 0.0061854, 0.0101355), (0.0702678, 0.0066756, 0.0101446), (0.0692753, 0.0080715, 0.0101411), (0.0686119, 0.0101607, 0.0101258), (0.0683152, 0.0125508, 0.0041639), (0.0685445, 0.0149652, 0.0041215), (0.0691989, 0.0170121, 0.0040769), (0.0701788, 0.0183797, 0.0040367), (0.071335, 0.01886, 0.0040072), (0.0724915, 0.0183797, 0.0039928), (0.0734722, 0.0170121, 0.0039956), (0.0741279, 0.0149652, 0.0040154), (0.0743586, 0.0125508, 0.004049), (0.0741293, 0.0101363, 0.0040913), (0.0734749, 0.0080895, 0.004136), (0.072495, 0.0067218, 0.0041762), (0.0713388, 0.0062416, 0.0042057), (0.0701823, 0.0067218, 0.0042201), (0.0692016, 0.0080895, 0.0042173), (0.0685459, 0.0101363, 0.0041975), (0.0682261, 0.0124375, -0.0017884), (0.0684521, 0.0148018, -0.0018515), (0.0690981, 0.0168061, -0.0019146), (0.0700657, 0.0181453, -0.0019681), (0.0712077, 0.0186156, -0.0020038), (0.0723502, 0.0181453, -0.0020164), (0.0733193, 0.0168061, -0.0020039), (0.0739673, 0.0148018, -0.0019682), (0.0741958, 0.0124375, -0.0019147), (0.0739698, 0.0100732, -0.0018516), (0.0733238, 0.0080689, -0.0017886), (0.0723562, 0.0067297, -0.0017351), (0.0712142, 0.0062594, -0.0016993), (0.0700717, 0.0067297, -0.0016867), (0.0691026, 0.0080689, -0.0016993), (0.0684545, 0.0100732, -0.001735), (0.0681406, 0.0122617, -0.0075624), (0.0683633, 0.0145752, -0.0076574), (0.069001, 0.0165364, -0.0077464), (0.0699565, 0.0178469, -0.0078159), (0.0710844, 0.0183071, -0.0078553), (0.072213, 0.0178469, -0.0078586), (0.0731704, 0.0165364, -0.0078253), (0.073811, 0.0145752, -0.0077605), (0.0740371, 0.0122617, -0.0076739), (0.0738144, 0.0099483, -0.0075789), (0.0731767, 0.007987, -0.0074899), (0.0722212, 0.0066765, -0.0074204), (0.0710934, 0.0062164, -0.007381), (0.0699648, 0.0066765, -0.0073777), (0.0690073, 0.007987, -0.007411), (0.0683668, 0.0099483, -0.0074759), (0.0680883, 0.012, -0.0129578), (0.0683082, 0.0142622, -0.0130822), (0.0689379, 0.0161801, -0.013194), (0.0698815, 0.0174615, -0.0132762), (0.0709954, 0.0179115, -0.0133165), (0.07211, 0.0174615, -0.0133085), (0.0730556, 0.0161801, -0.0132536), (0.0736883, 0.0142622, -0.01316), (0.0739117, 0.012, -0.0130422), (0.0736918, 0.0097378, -0.0129178), (0.0730621, 0.0078199, -0.012806), (0.0721185, 0.0065385, -0.0127238), (0.0710046, 0.0060885, -0.0126835), (0.06989, 0.0065385, -0.0126915), (0.0689444, 0.0078199, -0.0127464), (0.0683117, 0.0097378, -0.01284), (0.0680615, 0.0116982, -0.0181045), (0.0682787, 0.0139102, -0.0182366), (0.0689005, 0.0157854, -0.0183543), (0.0698323, 0.0170384, -0.0184396), (0.0709322, 0.0174784, -0.0184795), (0.0720327, 0.0170384, -0.018468), (0.0729664, 0.0157854, -0.0184068), (0.073591, 0.0139102, -0.0183052), (0.0738115, 0.0116982, -0.0181787), (0.0735944, 0.0094863, -0.0180466), (0.0729725, 0.0076111, -0.0179289), (0.0720408, 0.0063581, -0.0178436), (0.0709409, 0.0059181, -0.0178037), (0.0698403, 0.0063581, -0.0178152), (0.0689067, 0.0076111, -0.0178764), (0.068282, 0.0094863, -0.017978), (0.068029, 0.0113984, -0.0232475), (0.0682431, 0.0135604, -0.0233827), (0.0688567, 0.0153932, -0.0235037), (0.0697764, 0.0166179, -0.023592), (0.0708621, 0.0170479, -0.0236342), (0.0719486, 0.0166179, -0.0236239), (0.0728705, 0.0153932, -0.0235625), (0.0734874, 0.0135604, -0.0234596), (0.0737054, 0.0113984, -0.0233307), (0.0734913, 0.0092365, -0.0231954), (0.0728777, 0.0074037, -0.0230744), (0.071958, 0.006179, -0.0229861), (0.0708722, 0.005749, -0.0229439), (0.0697857, 0.006179, -0.0229543), (0.0688639, 0.0074037, -0.0230156), (0.068247, 0.0092365, -0.0231185), (0.0679848, 0.0110713, -0.0283518), (0.0681954, 0.0131824, -0.0285034), (0.0688005, 0.014972, -0.0286395), (0.0697078, 0.0161679, -0.0287393), (0.0707793, 0.0165878, -0.0287877), (0.0718518, 0.0161679, -0.0287773), (0.0727621, 0.014972, -0.0287096), (0.0733716, 0.0131824, -0.028595), (0.0735874, 0.0110713, -0.028451), (0.0733768, 0.0089602, -0.0282993), (0.0727718, 0.0071705, -0.0281633), (0.0718645, 0.0059747, -0.0280634), (0.070793, 0.0055548, -0.028015), (0.0697204, 0.0059747, -0.0280255), (0.0688101, 0.0071705, -0.0280931), (0.0682007, 0.0089602, -0.0282077), (0.0679232, 0.0106875, -0.0333762), (0.0681297, 0.0127464, -0.0335573), (0.0687256, 0.0144919, -0.0337202), (0.0696202, 0.0156582, -0.03384), (0.0706773, 0.0160678, -0.0338986), (0.0717359, 0.0156582, -0.0338869), (0.0726349, 0.0144919, -0.0338069), (0.0732375, 0.0127464, -0.0336706), (0.0734518, 0.0106875, -0.0334988), (0.0732453, 0.0086286, -0.0333177), (0.0726494, 0.0068831, -0.0331548), (0.0717548, 0.0057168, -0.033035), (0.0706977, 0.0053072, -0.0329764), (0.0696391, 0.0057168, -0.0329881), (0.0687401, 0.0068831, -0.0330681), (0.0681375, 0.0086286, -0.0332044), (0.0678383, 0.0102178, -0.0382794), (0.0680397, 0.0122227, -0.0385035), (0.0686256, 0.0139223, -0.0387053), (0.0695069, 0.015058, -0.0388539), (0.0705493, 0.0154568, -0.0389268), (0.0715942, 0.015058, -0.0389129), (0.0724824, 0.0139223, -0.0388142), (0.0730788, 0.0122227, -0.0386459), (0.0732926, 0.0102178, -0.0384335), (0.0730912, 0.0082129, -0.0382093), (0.0725052, 0.0065132, -0.0380076), (0.071624, 0.0053776, -0.037859), (0.0705815, 0.0049788, -0.0377861), (0.0695367, 0.0053776, -0.0378), (0.0686484, 0.0065132, -0.0378986), (0.068052, 0.0082129, -0.038067), (0.0677243, 0.0096328, -0.0430197), (0.0679191, 0.0115806, -0.0433014), (0.0684938, 0.0132318, -0.043555), (0.0693607, 0.0143351, -0.043742), (0.0703881, 0.0147225, -0.0438339), (0.0714194, 0.0143351, -0.0438167), (0.0722976, 0.0132318, -0.0436929), (0.0728891, 0.0115806, -0.0434815), (0.0731038, 0.0096328, -0.0432147), (0.072909, 0.0076851, -0.042933), (0.0723344, 0.0060338, -0.0426793), (0.0714674, 0.0049305, -0.0424923), (0.07044, 0.0045431, -0.0424005), (0.0694087, 0.0049305, -0.0424177), (0.0685305, 0.0060338, -0.0425415), (0.067939, 0.0076851, -0.0427528), (0.0675757, 0.0089033, -0.0475551), (0.0677614, 0.010789, -0.0479104), (0.0683226, 0.0123877, -0.0482304), (0.0691738, 0.0134558, -0.0484664), (0.0701854, 0.0138309, -0.0485825), (0.0712034, 0.0134558, -0.048561), (0.0720729, 0.0123877, -0.0484052), (0.0726614, 0.010789, -0.0481388), (0.0728794, 0.0089033, -0.0478023), (0.0726937, 0.0070176, -0.047447), (0.0721325, 0.005419, -0.047127), (0.0712813, 0.0043508, -0.046891), (0.0702697, 0.0039757, -0.0467749), (0.0692516, 0.0043508, -0.0467964), (0.0683822, 0.005419, -0.0469522), (0.0677937, 0.0070176, -0.0472186), (0.0673867, 0.008, -0.0518439), (0.0675597, 0.0098162, -0.0522897), (0.0681042, 0.0113559, -0.0526913), (0.0689373, 0.0123847, -0.0529878), (0.0699323, 0.012746, -0.0531338), (0.0709375, 0.0123847, -0.0531073), (0.0718, 0.0113559, -0.0529121), (0.0723885, 0.0098162, -0.0525781), (0.0726133, 0.008, -0.0521561), (0.0724403, 0.0061838, -0.0517103), (0.0718958, 0.0046441, -0.0513087), (0.0710627, 0.0036153, -0.0510122), (0.0700677, 0.003254, -0.0508662), (0.0690625, 0.0036153, -0.0508927), (0.0682, 0.0046441, -0.0510879), (0.0676115, 0.0061838, -0.0514219), (0.0671465, 0.0068691, -0.0559728), (0.0673038, 0.0086099, -0.0565091), (0.0678292, 0.0100857, -0.0569928), (0.0686424, 0.0110718, -0.0573501), (0.0696199, 0.0114181, -0.0575268), (0.0706127, 0.0110718, -0.0574958), (0.0714697, 0.0100857, -0.0572619), (0.0720604, 0.0086099, -0.0568608), (0.0722949, 0.0068691, -0.0563534), (0.0721376, 0.0051283, -0.0558171), (0.0716122, 0.0036526, -0.0553334), (0.070799, 0.0026665, -0.054976), (0.0698215, 0.0023202, -0.0547994), (0.0688287, 0.0026665, -0.0548304), (0.0679717, 0.0036526, -0.0550642), (0.067381, 0.0051283, -0.0554654), (0.0668557, 0.0055156, -0.0600212), (0.0669971, 0.0071809, -0.0606296), (0.0675029, 0.0085927, -0.061179), (0.0682961, 0.009536, -0.0615858), (0.0692559, 0.0098673, -0.061788), (0.0702362, 0.009536, -0.0617549), (0.0710878, 0.0085927, -0.0614915), (0.071681, 0.0071809, -0.0610379), (0.0719255, 0.0055156, -0.0604631), (0.0717841, 0.0038503, -0.0598548), (0.0712783, 0.0024386, -0.0593054), (0.0704852, 0.0014952, -0.0588986), (0.0695254, 0.001164, -0.0586964), (0.0685451, 0.0014952, -0.0587295), (0.0676935, 0.0024386, -0.0589929), (0.0671003, 0.0038503, -0.0594465), (0.0665261, 0.003998, -0.0639363), (0.066652, 0.00559, -0.0645985), (0.0671387, 0.0069396, -0.0651978), (0.067912, 0.0078414, -0.0656427), (0.0688542, 0.0081581, -0.0658657), (0.0698219, 0.0078414, -0.0658328), (0.0706677, 0.0069396, -0.0655489), (0.071263, 0.00559, -0.0650573), (0.0715169, 0.003998, -0.0644328), (0.071391, 0.0024061, -0.0637706), (0.0709043, 0.0010565, -0.0631714), (0.070131, 0.0001547, -0.0627264), (0.0691887, -0.000162, -0.0625034), (0.0682211, 0.0001547, -0.0625364), (0.0673752, 0.0010565, -0.0628203), (0.06678, 0.0024061, -0.0633118), (0.0661692, 0.002375, -0.0676641), (0.0662803, 0.0038962, -0.0683661), (0.0667483, 0.0051858, -0.0690029), (0.0675021, 0.0060475, -0.0694774), (0.0684268, 0.0063501, -0.0697176), (0.0693817, 0.0060475, -0.0696867), (0.0702214, 0.0051858, -0.0693895), (0.0708181, 0.0038962, -0.0688713), (0.0710808, 0.002375, -0.0682109), (0.0709697, 0.0008538, -0.0675089), (0.0705017, -0.0004358, -0.0668721), (0.0697479, -0.0012975, -0.0663976), (0.0688232, -0.0016001, -0.0661574), (0.0678683, -0.0012975, -0.0661883), (0.0670286, -0.0004358, -0.0664855), (0.0664319, 0.0008538, -0.0670037), (0.0657969, 0.0007051, -0.0711508), (0.0658936, 0.0021581, -0.0718816), (0.0663434, 0.0033899, -0.0725465), (0.0670778, 0.004213, -0.0730441), (0.0679851, 0.004502, -0.0732988), (0.068927, 0.004213, -0.0732718), (0.0697602, 0.0033899, -0.0729671), (0.0703578, 0.0021581, -0.0724312), (0.0706289, 0.0007051, -0.0717457), (0.0705322, -0.0007479, -0.0710149), (0.0700824, -0.0019797, -0.07035), (0.0693479, -0.0028028, -0.0698524), (0.0684407, -0.0030918, -0.0695977), (0.0674988, -0.0028028, -0.0696247), (0.0666656, -0.0019797, -0.0699294), (0.066068, -0.0007479, -0.0704653), (0.0654211, -0.0009531, -0.0743422), (0.0655035, 0.0004339, -0.0750934), (0.065935, 0.0016098, -0.0757793), (0.06665, 0.0023955, -0.0762954), (0.0675396, 0.0026714, -0.0765631), (0.0684684, 0.0023955, -0.0765417), (0.0692949, 0.0016098, -0.0762345), (0.0698934, 0.0004339, -0.0756881), (0.0701727, -0.0009531, -0.0749859), (0.0700903, -0.0023402, -0.0742347), (0.0696587, -0.0035161, -0.0735488), (0.0689437, -0.0043018, -0.0730328), (0.0680541, -0.0045777, -0.072765), (0.0671254, -0.0043018, -0.0727864), (0.0662988, -0.0035161, -0.0730937), (0.0657004, -0.0023402, -0.07364), (0.0650538, -0.002541, -0.0771835), (0.0651212, -0.0012181, -0.077949), (0.0655338, -9.67e-05, -0.078651), (0.0662288, 0.0006527, -0.0791826), (0.0671003, 0.0009158, -0.079463), (0.0680158, 0.0006527, -0.0794495), (0.0688358, -9.67e-05, -0.0791441), (0.0694355, -0.0012181, -0.0785933), (0.0697235, -0.002541, -0.0778809), (0.0696561, -0.0038639, -0.0771155), (0.0692436, -0.0049854, -0.0764135), (0.0685486, -0.0057347, -0.0758818), (0.067677, -0.0059978, -0.0756014), (0.0667616, -0.0057347, -0.0756149), (0.0659416, -0.0049854, -0.0759204), (0.0653419, -0.0038639, -0.0764712), (0.0647108, -0.004, -0.0795993), (0.0647497, -0.0027577, -0.0804029), (0.0651312, -0.0017045, -0.0811452), (0.0657972, -0.0010007, -0.0817131), (0.0666463, -0.0007536, -0.0820203), (0.0675493, -0.0010007, -0.0820198), (0.0683686, -0.0017045, -0.0817119), (0.0689796, -0.0027577, -0.0811434), (0.0692892, -0.004, -0.0804007), (0.0692503, -0.0052423, -0.0795971), (0.0688688, -0.0062955, -0.0788548), (0.0682028, -0.0069993, -0.0782869), (0.0673537, -0.0072464, -0.0779797), (0.0664507, -0.0069993, -0.0779802), (0.0656314, -0.0062955, -0.0782881), (0.0650204, -0.0052423, -0.0788566), (0.0643746, -0.0054141, -0.0815027), (0.06435, -0.0042945, -0.0823927), (0.0646687, -0.0033455, -0.0832247), (0.065282, -0.0027113, -0.0838721), (0.0660967, -0.0024886, -0.0842362), (0.0669887, -0.0027113, -0.0842616), (0.0678222, -0.0033455, -0.0839446), (0.0684703, -0.0042945, -0.0833332), (0.0688344, -0.0054141, -0.0825207), (0.068859, -0.0065336, -0.0816307), (0.0685403, -0.0074827, -0.0807987), (0.0679269, -0.0081168, -0.0801514), (0.0671122, -0.0083395, -0.0797873), (0.0662203, -0.0081168, -0.0797618), (0.0653868, -0.0074827, -0.0800789), (0.0647386, -0.0065336, -0.0806902), (0.0640284, -0.006875, -0.0829331), (0.0639083, -0.0059043, -0.0839075), (0.0641341, -0.0050813, -0.0848342), (0.0646712, -0.0045314, -0.085572), (0.0654381, -0.0043383, -0.0860086), (0.0663178, -0.0045314, -0.0860777), (0.0671765, -0.0050813, -0.0857685), (0.0678835, -0.0059043, -0.0851283), (0.068331, -0.006875, -0.0842544), (0.0684511, -0.0078457, -0.08328), (0.0682253, -0.0086687, -0.0823533), (0.0676881, -0.0092186, -0.0816155), (0.0669213, -0.0094117, -0.0811789), (0.0660416, -0.0092186, -0.0811098), (0.0651829, -0.0086687, -0.081419), (0.0644759, -0.0078457, -0.0820592), (0.0636893, -0.0083359, -0.0839904), (0.0634625, -0.0075059, -0.0850059), (0.063583, -0.0068023, -0.0859925), (0.0640323, -0.0063322, -0.0868), (0.0647421, -0.0061671, -0.0873056), (0.0656042, -0.0063322, -0.0874323), (0.0664876, -0.0068023, -0.0871606), (0.0672576, -0.0075059, -0.0865321), (0.067797, -0.0083359, -0.0856424), (0.0680238, -0.0091659, -0.084627), (0.0679034, -0.0098696, -0.0836403), (0.067454, -0.0103397, -0.0828328), (0.0667443, -0.0105048, -0.0823272), (0.0658821, -0.0103397, -0.0822006), (0.0649987, -0.0098696, -0.0824722), (0.0642287, -0.0091659, -0.0831007), (0.0633718, -0.00975, -0.0847636), (0.0630427, -0.0090383, -0.0857768), (0.0630591, -0.0084349, -0.086786), (0.0634185, -0.0080317, -0.0876375), (0.0640664, -0.0078902, -0.0882016), (0.0649039, -0.0080317, -0.0883925), (0.0658036, -0.0084349, -0.0881811), (0.0666286, -0.0090383, -0.0875996), (0.0672532, -0.00975, -0.0867364), (0.0675823, -0.0104617, -0.0857232), (0.0675659, -0.0110651, -0.084714), (0.0672065, -0.0114683, -0.0838625), (0.0665586, -0.0116098, -0.0832984), (0.0657211, -0.0114683, -0.0831075), (0.0648214, -0.0110651, -0.0833189), (0.0639964, -0.0104617, -0.0839004), (0.063073, -0.0110703, -0.0853588), (0.0626712, -0.0104433, -0.0863397), (0.0626095, -0.0099117, -0.0873396), (0.0628973, -0.0095565, -0.0882064), (0.0634908, -0.0094318, -0.088808), (0.0642996, -0.0095565, -0.089053), (0.0652007, -0.0099117, -0.0889039), (0.0660568, -0.0104433, -0.0883834), (0.0667376, -0.0110703, -0.0875709), (0.0671394, -0.0116973, -0.08659), (0.0672011, -0.0122289, -0.0855901), (0.0669133, -0.0125841, -0.0847233), (0.0663198, -0.0127088, -0.0841216), (0.0655109, -0.0125841, -0.0838767), (0.0646099, -0.0122289, -0.0840258), (0.0637538, -0.0116973, -0.0845463), (0.0627665, -0.01225, -0.0858987), (0.0623551, -0.0116653, -0.08684), (0.0622763, -0.0111697, -0.0878103), (0.0625419, -0.0108385, -0.088662), (0.0631116, -0.0107222, -0.0892655), (0.0638986, -0.0108385, -0.0895288), (0.0647831, -0.0111697, -0.0894119), (0.0656305, -0.0116653, -0.0889325), (0.0663117, -0.01225, -0.0881638), (0.066723, -0.0128347, -0.0872225), (0.0668018, -0.0133303, -0.0862522), (0.0665362, -0.0136615, -0.0854005), (0.0659665, -0.0137778, -0.084797), (0.0651795, -0.0136615, -0.0845337), (0.064295, -0.0133303, -0.0846506), (0.0634476, -0.0128347, -0.08513), (0.0624255, -0.0132422, -0.0865146), (0.0621024, -0.0126421, -0.0874188), (0.0621034, -0.0121334, -0.0883383), (0.0624284, -0.0117935, -0.0891332), (0.0630279, -0.0116742, -0.0896824), (0.0638107, -0.0117935, -0.0899023), (0.0646575, -0.0121334, -0.0897595), (0.0654394, -0.0126421, -0.0892757), (0.0660374, -0.0132422, -0.0885245), (0.0663605, -0.0138422, -0.0876203), (0.0663595, -0.0143509, -0.0867008), (0.0660345, -0.0146908, -0.0859059), (0.065435, -0.0148102, -0.0853567), (0.0646522, -0.0146908, -0.0851368), (0.0638054, -0.0143509, -0.0852796), (0.0630235, -0.0138422, -0.0857634), (0.0621711, -0.014, -0.087119), (0.0619301, -0.0133833, -0.0879755), (0.0620041, -0.0128605, -0.0888358), (0.062382, -0.0125112, -0.0895688), (0.0630063, -0.0123886, -0.0900629), (0.0637818, -0.0125112, -0.090243), (0.0645905, -0.0128605, -0.0900817), (0.0653094, -0.0133833, -0.0896034), (0.0658289, -0.014, -0.088881), (0.0660699, -0.0146167, -0.0880245), (0.0659959, -0.0151395, -0.0871642), (0.065618, -0.0154888, -0.0864312), (0.0649937, -0.0156114, -0.0859371), (0.0642182, -0.0154888, -0.085757), (0.0634095, -0.0151395, -0.0859183), (0.0626906, -0.0146167, -0.0863966)]
  int[] faceVertexCounts = [3, 3, 3, 3, 3, 3, 3, 3, 3, 3, 3, 3, 3, 3, 3, 3, 3, 3, 3, 3, 3, 3, 3, 3, 3, 3, 3, 3, 3, 3, 3, 3, 3, 3, 3, 3, 3, 3, 3, 3, 3, 3, 3, 3, 3, 3, 3, 3, 3, 3, 3, 3, 3, 3, 3, 3, 3, 3, 3, 3, 3, 3, 3, 3, 3, 3, 3, 3, 3, 3, 3, 3, 3, 3, 3, 3, 3, 3, 3, 3, 3, 3, 3, 3, 3, 3, 3, 3, 3, 3, 3, 3, 3, 3, 3, 3, 3, 3, 3, 3, 3, 3, 3, 3, 3, 3, 3, 3, 3, 3, 3, 3, 3, 3, 3, 3, 3, 3, 3, 3, 3, 3, 3, 3, 3, 3, 3, 3, 3, 3, 3, 3, 3, 3, 3, 3, 3, 3, 3, 3, 3, 3, 3, 3, 3, 3, 3, 3, 3, 3, 3, 3, 3, 3, 3, 3, 3, 3, 3, 3, 3, 3, 3, 3, 3, 3, 3, 3, 3, 3, 3, 3, 3, 3, 3, 3, 3, 3, 3, 3, 3, 3, 3, 3, 3, 3, 3, 3, 3, 3, 3, 3, 3, 3, 3, 3, 3, 3, 3, 3, 3, 3, 3, 3, 3, 3, 3, 3, 3, 3, 3, 3, 3, 3, 3, 3, 3, 3, 3, 3, 3, 3, 3, 3, 3, 3, 3, 3, 3, 3, 3, 3, 3, 3, 3, 3, 3, 3, 3, 3, 3, 3, 3, 3, 3, 3, 3, 3, 3, 3, 3, 3, 3, 3, 3, 3, 3, 3, 3, 3, 3, 3, 3, 3, 3, 3, 3, 3, 3, 3, 3, 3, 3, 3, 3, 3, 3, 3, 3, 3, 3, 3, 3, 3, 3, 3, 3, 3, 3, 3, 3, 3, 3, 3, 3, 3, 3, 3, 3, 3, 3, 3, 3, 3, 3, 3, 3, 3, 3, 3, 3, 3, 3, 3, 3, 3, 3, 3, 3, 3, 3, 3, 3, 3, 3, 3, 3, 3, 3, 3, 3, 3, 3, 3, 3, 3, 3, 3, 3, 3, 3, 3, 3, 3, 3, 3, 3, 3, 3, 3, 3, 3, 3, 3, 3, 3, 3, 3, 3, 3, 3, 3, 3, 3, 3, 3, 3, 3, 3, 3, 3, 3, 3, 3, 3, 3, 3, 3, 3, 3, 3, 3, 3, 3, 3, 3, 3, 3, 3, 3, 3, 3, 3, 3, 3, 3, 3, 3, 3, 3, 3, 3, 3, 3, 3, 3, 3, 3, 3, 3, 3, 3, 3, 3, 3, 3, 3, 3, 3, 3, 3, 3, 3, 3, 3, 3, 3, 3, 3, 3, 3, 3, 3, 3, 3, 3, 3, 3, 3, 3, 3, 3, 3, 3, 3, 3, 3, 3, 3, 3, 3, 3, 3, 3, 3, 3, 3, 3, 3, 3, 3, 3, 3, 3, 3, 3, 3, 3, 3, 3, 3, 3, 3, 3, 3, 3, 3, 3, 3, 3, 3, 3, 3, 3, 3, 3, 3, 3, 3, 3, 3, 3, 3, 3, 3, 3, 3, 3, 3, 3, 3, 3, 3, 3, 3, 3, 3, 3, 3, 3, 3, 3, 3, 3, 3, 3, 3, 3, 3, 3, 3, 3, 3, 3, 3, 3, 3, 3, 3, 3, 3, 3, 3, 3, 3, 3, 3, 3, 3, 3, 3, 3, 3, 3, 3, 3, 3, 3, 3, 3, 3, 3, 3, 3, 3, 3, 3, 3, 3, 3, 3, 3, 3, 3, 3, 3, 3, 3, 3, 3, 3, 3, 3, 3, 3, 3, 3, 3, 3, 3, 3, 3, 3, 3, 3, 3, 3, 3, 3, 3, 3, 3, 3, 3, 3, 3, 3, 3, 3, 3, 3, 3, 3, 3, 3, 3, 3, 3, 3, 3, 3, 3, 3, 3, 3, 3, 3, 3, 3, 3, 3, 3, 3, 3, 3, 3, 3, 3, 3, 3, 3, 3, 3, 3, 3, 3, 3, 3, 3, 3, 3, 3, 3, 3, 3, 3, 3, 3, 3, 3, 3, 3, 3, 3, 3, 3, 3, 3, 3, 3, 3, 3, 3, 3, 3, 3, 3, 3, 3, 3, 3, 3, 3, 3, 3, 3, 3, 3, 3, 3, 3, 3, 3, 3, 3, 3, 3, 3, 3, 3, 3, 3, 3, 3, 3, 3, 3, 3, 3, 3, 3, 3, 3, 3, 3, 3, 3, 3, 3, 3, 3, 3, 3, 3, 3, 3, 3, 3, 3, 3, 3, 3, 3, 3, 3, 3, 3, 3, 3, 3, 3, 3, 3, 3, 3, 3, 3, 3, 3, 3, 3, 3, 3, 3, 3, 3, 3, 3, 3, 3, 3, 3, 3, 3, 3, 3, 3, 3, 3, 3, 3, 3, 3, 3, 3, 3, 3, 3, 3, 3, 3, 3, 3, 3, 3, 3, 3, 3, 3, 3, 3, 3, 3, 3, 3, 3, 3, 3, 3, 3, 3, 3, 3, 3, 3, 3, 3, 3, 3, 3, 3, 3, 3, 3, 3, 3, 3, 3, 3, 3, 3, 3, 3, 3, 3, 3, 3, 3, 3, 3, 3, 3, 3, 3, 3, 3, 3, 3, 3, 3, 3, 3, 3, 3, 3, 3, 3, 3, 3, 3, 3, 3, 3, 3, 3, 3, 3, 3, 3, 3, 3, 3, 3, 3, 3, 3, 3, 3, 3, 3, 3, 3, 3, 3, 3, 3, 3, 3, 3, 3, 3, 3, 3, 3, 3, 3, 3, 3, 3, 3, 3, 3, 3, 3, 3, 3, 3, 3, 3, 3, 3, 3, 3, 3, 3, 3, 3, 3, 3, 3, 3, 3, 3, 3, 3, 3, 3, 3, 3, 3, 3, 3, 3, 3, 3, 3, 3, 3, 3, 3, 3, 3, 3, 3, 3, 3, 3, 3, 3, 3, 3, 3, 3, 3, 3, 3, 3, 3, 3, 3, 3, 3, 3, 3, 3, 3, 3, 3, 3, 3, 3, 3, 3, 3, 3, 3, 3, 3, 3, 3, 3, 3, 3, 3, 3, 3, 3, 3, 3, 3, 3, 3, 3, 3, 3, 3, 3, 3, 3, 3, 3, 3, 3, 3, 3, 3, 3, 3, 3, 3, 3, 3, 3, 3, 3, 3, 3, 3, 3, 3, 3, 3, 3, 3, 3, 3, 3, 3, 3, 3, 3, 3, 3, 3, 3, 3, 3, 3, 3, 3, 3, 3, 3, 3, 3, 3, 3, 3, 3, 3, 3, 3, 3, 3, 3, 3, 3, 3, 3, 3, 3, 3, 3, 3, 3, 3, 3, 3, 3, 3, 3, 3, 3, 3, 3, 3, 3, 3, 3, 3, 3, 3, 3, 3, 3, 3, 3, 3, 3, 3, 3, 3, 3, 3, 3, 3, 3, 3, 3, 3, 3, 3, 3, 3, 3, 3, 3, 3, 3, 3, 3, 3, 3, 3, 3, 3, 3, 3, 3, 3, 3, 3, 3, 3, 3, 3, 3, 3, 3, 3, 3, 3, 3, 3, 3, 3, 3, 3, 3, 3, 3, 3, 3, 3, 3, 3, 3, 3, 3, 3, 3, 3, 3, 3, 3, 3, 3, 3, 3, 3, 3, 3, 3, 3, 3, 3, 3, 3, 3, 3, 3, 3, 3, 3, 3, 3, 3, 3, 3, 3, 3, 3, 3, 3, 3, 3, 3, 3, 3, 3, 3, 3, 3, 3, 3, 3, 3, 3, 3, 3, 3, 3, 3, 3, 3, 3, 3, 3, 3, 3, 3, 3, 3, 3, 3, 3, 3, 3, 3, 3, 3, 3, 3, 3, 3, 3, 3, 3, 3, 3, 3, 3, 3, 3, 3, 3, 3, 3, 3, 3, 3, 3, 3, 3, 3, 3, 3, 3, 3, 3, 3, 3, 3, 3, 3, 3, 3, 3, 3, 3, 3, 3, 3, 3, 3, 3, 3, 3, 3, 3, 3, 3, 3, 3, 3, 3, 3, 3, 3, 3, 3, 3, 3, 3, 3, 3, 3, 3, 3, 3, 3, 3, 3, 3, 3, 3, 3, 3, 3, 3, 3, 3, 3, 3, 3, 3, 3, 3, 3, 3, 3, 3, 3, 3, 3, 3, 3, 3, 3, 3, 3, 3, 3, 3, 3, 3, 3, 3]
  int[] faceVertexIndices = [0, 1, 17, 0, 17, 16, 1, 2, 18, 1, 18, 17, 2, 3, 19, 2, 19, 18, 3, 4, 20, 3, 20, 19, 4, 5, 21, 4, 21, 20, 5, 6, 22, 5, 22, 21, 6, 7, 23, 6, 23, 22, 7, 8, 24, 7, 24, 23, 8, 9, 25, 8, 25, 24, 9, 10, 26, 9, 26, 25, 10, 11, 27, 10, 27, 26, 11, 12, 28, 11, 28, 27, 12, 13, 29, 12, 29, 28, 13, 14, 30, 13, 30, 29, 14, 15, 31, 14, 31, 30, 15, 0, 16, 15, 16, 31, 16, 17, 33, 16, 33, 32, 17, 18, 34, 17, 34, 33, 18, 19, 35, 18, 35, 34, 19, 20, 36, 19, 36, 35, 20, 21, 37, 20, 37, 36, 21, 22, 38, 21, 38, 37, 22, 23, 39, 22, 39, 38, 23, 24, 40, 23, 40, 39, 24, 25, 41, 24, 41, 40, 25, 26, 42, 25, 42, 41, 26, 27, 43, 26, 43, 42, 27, 28, 44, 27, 44, 43, 28, 29, 45, 28, 45, 44, 29, 30, 46, 29, 46, 45, 30, 31, 47, 30, 47, 46, 31, 16, 32, 31, 32, 47, 32, 33, 49, 32, 49, 48, 33, 34, 50, 33, 50, 49, 34, 35, 51, 34, 51, 50, 35, 36, 52, 35, 52, 51, 36, 37, 53, 36, 53, 52, 37, 38, 54, 37, 54, 53, 38, 39, 55, 38, 55, 54, 39, 40, 56, 39, 56, 55, 40, 41, 57, 40, 57, 56, 41, 42, 58, 41, 58, 57, 42, 43, 59, 42, 59, 58, 43, 44, 60, 43, 60, 59, 44, 45, 61, 44, 61, 60, 45, 46, 62, 45, 62, 61, 46, 47, 63, 46, 63, 62, 47, 32, 48, 47, 48, 63, 48, 49, 65, 48, 65, 64, 49, 50, 66, 49, 66, 65, 50, 51, 67, 50, 67, 66, 51, 52, 68, 51, 68, 67, 52, 53, 69, 52, 69, 68, 53, 54, 70, 53, 70, 69, 54, 55, 71, 54, 71, 70, 55, 56, 72, 55, 72, 71, 56, 57, 73, 56, 73, 72, 57, 58, 74, 57, 74, 73, 58, 59, 75, 58, 75, 74, 59, 60, 76, 59, 76, 75, 60, 61, 77, 60, 77, 76, 61, 62, 78, 61, 78, 77, 62, 63, 79, 62, 79, 78, 63, 48, 64, 63, 64, 79, 64, 65, 81, 64, 81, 80, 65, 66, 82, 65, 82, 81, 66, 67, 83, 66, 83, 82, 67, 68, 84, 67, 84, 83, 68, 69, 85, 68, 85, 84, 69, 70, 86, 69, 86, 85, 70, 71, 87, 70, 87, 86, 71, 72, 88, 71, 88, 87, 72, 73, 89, 72, 89, 88, 73, 74, 90, 73, 90, 89, 74, 75, 91, 74, 91, 90, 75, 76, 92, 75, 92, 91, 76, 77, 93, 76, 93, 92, 77, 78, 94, 77, 94, 93, 78, 79, 95, 78, 95, 94, 79, 64, 80, 79, 80, 95, 80, 81, 97, 80, 97, 96, 81, 82, 98, 81, 98, 97, 82, 83, 99, 82, 99, 98, 83, 84, 100, 83, 100, 99, 84, 85, 101, 84, 101, 100, 85, 86, 102, 85, 102, 101, 86, 87, 103, 86, 103, 102, 87, 88, 104, 87, 104, 103, 88, 89, 105, 88, 105, 104, 89, 90, 106, 89, 106, 105, 90, 91, 107, 90, 107, 106, 91, 92, 108, 91, 108, 107, 92, 93, 109, 92, 109, 108, 93, 94, 110, 93, 110, 109, 94, 95, 111, 94, 111, 110, 95, 80, 96, 95, 96, 111, 96, 97, 113, 96, 113, 112, 97, 98, 114, 97, 114, 113, 98, 99, 115, 98, 115, 114, 99, 100, 116, 99, 116, 115, 100, 101, 117, 100, 117, 116, 101, 102, 118, 101, 118, 117, 102, 103, 119, 102, 119, 118, 103, 104, 120, 103, 120, 119, 104, 105, 121, 104, 121, 120, 105, 106, 122, 105, 122, 121, 106, 107, 123, 106, 123, 122, 107, 108, 124, 107, 124, 123, 108, 109, 125, 108, 125, 124, 109, 110, 126, 109, 126, 125, 110, 111, 127, 110, 127, 126, 111, 96, 112, 111, 112, 127, 112, 113, 129, 112, 129, 128, 113, 114, 130, 113, 130, 129, 114, 115, 131, 114, 131, 130, 115, 116, 132, 115, 132, 131, 116, 117, 133, 116, 133, 132, 117, 118, 134, 117, 134, 133, 118, 119, 135, 118, 135, 134, 119, 120, 136, 119, 136, 135, 120, 121, 137, 120, 137, 136, 121, 122, 138, 121, 138, 137, 122, 123, 139, 122, 139, 138, 123, 124, 140, 123, 140, 139, 124, 125, 141, 124, 141, 140, 125, 126, 142, 125, 142, 141, 126, 127, 143, 126, 143, 142, 127, 112, 128, 127, 128, 143, 128, 129, 145, 128, 145, 144, 129, 130, 146, 129, 146, 145, 130, 131, 147, 130, 147, 146, 131, 132, 148, 131, 148, 147, 132, 133, 149, 132, 149, 148, 133, 134, 150, 133, 150, 149, 134, 135, 151, 134, 151, 150, 135, 136, 152, 135, 152, 151, 136, 137, 153, 136, 153, 152, 137, 138, 154, 137, 154, 153, 138, 139, 155, 138, 155, 154, 139, 140, 156, 139, 156, 155, 140, 141, 157, 140, 157, 156, 141, 142, 158, 141, 158, 157, 142, 143, 159, 142, 159, 158, 143, 128, 144, 143, 144, 159, 144, 145, 161, 144, 161, 160, 145, 146, 162, 145, 162, 161, 146, 147, 163, 146, 163, 162, 147, 148, 164, 147, 164, 163, 148, 149, 165, 148, 165, 164, 149, 150, 166, 149, 166, 165, 150, 151, 167, 150, 167, 166, 151, 152, 168, 151, 168, 167, 152, 153, 169, 152, 169, 168, 153, 154, 170, 153, 170, 169, 154, 155, 171, 154, 171, 170, 155, 156, 172, 155, 172, 171, 156, 157, 173, 156, 173, 172, 157, 158, 174, 157, 174, 173, 158, 159, 175, 158, 175, 174, 159, 144, 160, 159, 160, 175, 160, 161, 177, 160, 177, 176, 161, 162, 178, 161, 178, 177, 162, 163, 179, 162, 179, 178, 163, 164, 180, 163, 180, 179, 164, 165, 181, 164, 181, 180, 165, 166, 182, 165, 182, 181, 166, 167, 183, 166, 183, 182, 167, 168, 184, 167, 184, 183, 168, 169, 185, 168, 185, 184, 169, 170, 186, 169, 186, 185, 170, 171, 187, 170, 187, 186, 171, 172, 188, 171, 188, 187, 172, 173, 189, 172, 189, 188, 173, 174, 190, 173, 190, 189, 174, 175, 191, 174, 191, 190, 175, 160, 176, 175, 176, 191, 176, 177, 193, 176, 193, 192, 177, 178, 194, 177, 194, 193, 178, 179, 195, 178, 195, 194, 179, 180, 196, 179, 196, 195, 180, 181, 197, 180, 197, 196, 181, 182, 198, 181, 198, 197, 182, 183, 199, 182, 199, 198, 183, 184, 200, 183, 200, 199, 184, 185, 201, 184, 201, 200, 185, 186, 202, 185, 202, 201, 186, 187, 203, 186, 203, 202, 187, 188, 204, 187, 204, 203, 188, 189, 205, 188, 205, 204, 189, 190, 206, 189, 206, 205, 190, 191, 207, 190, 207, 206, 191, 176, 192, 191, 192, 207, 192, 193, 209, 192, 209, 208, 193, 194, 210, 193, 210, 209, 194, 195, 211, 194, 211, 210, 195, 196, 212, 195, 212, 211, 196, 197, 213, 196, 213, 212, 197, 198, 214, 197, 214, 213, 198, 199, 215, 198, 215, 214, 199, 200, 216, 199, 216, 215, 200, 201, 217, 200, 217, 216, 201, 202, 218, 201, 218, 217, 202, 203, 219, 202, 219, 218, 203, 204, 220, 203, 220, 219, 204, 205, 221, 204, 221, 220, 205, 206, 222, 205, 222, 221, 206, 207, 223, 206, 223, 222, 207, 192, 208, 207, 208, 223, 208, 209, 225, 208, 225, 224, 209, 210, 226, 209, 226, 225, 210, 211, 227, 210, 227, 226, 211, 212, 228, 211, 228, 227, 212, 213, 229, 212, 229, 228, 213, 214, 230, 213, 230, 229, 214, 215, 231, 214, 231, 230, 215, 216, 232, 215, 232, 231, 216, 217, 233, 216, 233, 232, 217, 218, 234, 217, 234, 233, 218, 219, 235, 218, 235, 234, 219, 220, 236, 219, 236, 235, 220, 221, 237, 220, 237, 236, 221, 222, 238, 221, 238, 237, 222, 223, 239, 222, 239, 238, 223, 208, 224, 223, 224, 239, 224, 225, 241, 224, 241, 240, 225, 226, 242, 225, 242, 241, 226, 227, 243, 226, 243, 242, 227, 228, 244, 227, 244, 243, 228, 229, 245, 228, 245, 244, 229, 230, 246, 229, 246, 245, 230, 231, 247, 230, 247, 246, 231, 232, 248, 231, 248, 247, 232, 233, 249, 232, 249, 248, 233, 234, 250, 233, 250, 249, 234, 235, 251, 234, 251, 250, 235, 236, 252, 235, 252, 251, 236, 237, 253, 236, 253, 252, 237, 238, 254, 237, 254, 253, 238, 239, 255, 238, 255, 254, 239, 224, 240, 239, 240, 255, 240, 241, 257, 240, 257, 256, 241, 242, 258, 241, 258, 257, 242, 243, 259, 242, 259, 258, 243, 244, 260, 243, 260, 259, 244, 245, 261, 244, 261, 260, 245, 246, 262, 245, 262, 261, 246, 247, 263, 246, 263, 262, 247, 248, 264, 247, 264, 263, 248, 249, 265, 248, 265, 264, 249, 250, 266, 249, 266, 265, 250, 251, 267, 250, 267, 266, 251, 252, 268, 251, 268, 267, 252, 253, 269, 252, 269, 268, 253, 254, 270, 253, 270, 269, 254, 255, 271, 254, 271, 270, 255, 240, 256, 255, 256, 271, 256, 257, 273, 256, 273, 272, 257, 258, 274, 257, 274, 273, 258, 259, 275, 258, 275, 274, 259, 260, 276, 259, 276, 275, 260, 261, 277, 260, 277, 276, 261, 262, 278, 261, 278, 277, 262, 263, 279, 262, 279, 278, 263, 264, 280, 263, 280, 279, 264, 265, 281, 264, 281, 280, 265, 266, 282, 265, 282, 281, 266, 267, 283, 266, 283, 282, 267, 268, 284, 267, 284, 283, 268, 269, 285, 268, 285, 284, 269, 270, 286, 269, 286, 285, 270, 271, 287, 270, 287, 286, 271, 256, 272, 271, 272, 287, 272, 273, 289, 272, 289, 288, 273, 274, 290, 273, 290, 289, 274, 275, 291, 274, 291, 290, 275, 276, 292, 275, 292, 291, 276, 277, 293, 276, 293, 292, 277, 278, 294, 277, 294, 293, 278, 279, 295, 278, 295, 294, 279, 280, 296, 279, 296, 295, 280, 281, 297, 280, 297, 296, 281, 282, 298, 281, 298, 297, 282, 283, 299, 282, 299, 298, 283, 284, 300, 283, 300, 299, 284, 285, 301, 284, 301, 300, 285, 286, 302, 285, 302, 301, 286, 287, 303, 286, 303, 302, 287, 272, 288, 287, 288, 303, 288, 289, 305, 288, 305, 304, 289, 290, 306, 289, 306, 305, 290, 291, 307, 290, 307, 306, 291, 292, 308, 291, 308, 307, 292, 293, 309, 292, 309, 308, 293, 294, 310, 293, 310, 309, 294, 295, 311, 294, 311, 310, 295, 296, 312, 295, 312, 311, 296, 297, 313, 296, 313, 312, 297, 298, 314, 297, 314, 313, 298, 299, 315, 298, 315, 314, 299, 300, 316, 299, 316, 315, 300, 301, 317, 300, 317, 316, 301, 302, 318, 301, 318, 317, 302, 303, 319, 302, 319, 318, 303, 288, 304, 303, 304, 319, 304, 305, 321, 304, 321, 320, 305, 306, 322, 305, 322, 321, 306, 307, 323, 306, 323, 322, 307, 308, 324, 307, 324, 323, 308, 309, 325, 308, 325, 324, 309, 310, 326, 309, 326, 325, 310, 311, 327, 310, 327, 326, 311, 312, 328, 311, 328, 327, 312, 313, 329, 312, 329, 328, 313, 314, 330, 313, 330, 329, 314, 315, 331, 314, 331, 330, 315, 316, 332, 315, 332, 331, 316, 317, 333, 316, 333, 332, 317, 318, 334, 317, 334, 333, 318, 319, 335, 318, 335, 334, 319, 304, 320, 319, 320, 335, 320, 321, 337, 320, 337, 336, 321, 322, 338, 321, 338, 337, 322, 323, 339, 322, 339, 338, 323, 324, 340, 323, 340, 339, 324, 325, 341, 324, 341, 340, 325, 326, 342, 325, 342, 341, 326, 327, 343, 326, 343, 342, 327, 328, 344, 327, 344, 343, 328, 329, 345, 328, 345, 344, 329, 330, 346, 329, 346, 345, 330, 331, 347, 330, 347, 346, 331, 332, 348, 331, 348, 347, 332, 333, 349, 332, 349, 348, 333, 334, 350, 333, 350, 349, 334, 335, 351, 334, 351, 350, 335, 320, 336, 335, 336, 351, 336, 337, 353, 336, 353, 352, 337, 338, 354, 337, 354, 353, 338, 339, 355, 338, 355, 354, 339, 340, 356, 339, 356, 355, 340, 341, 357, 340, 357, 356, 341, 342, 358, 341, 358, 357, 342, 343, 359, 342, 359, 358, 343, 344, 360, 343, 360, 359, 344, 345, 361, 344, 361, 360, 345, 346, 362, 345, 362, 361, 346, 347, 363, 346, 363, 362, 347, 348, 364, 347, 364, 363, 348, 349, 365, 348, 365, 364, 349, 350, 366, 349, 366, 365, 350, 351, 367, 350, 367, 366, 351, 336, 352, 351, 352, 367, 352, 353, 369, 352, 369, 368, 353, 354, 370, 353, 370, 369, 354, 355, 371, 354, 371, 370, 355, 356, 372, 355, 372, 371, 356, 357, 373, 356, 373, 372, 357, 358, 374, 357, 374, 373, 358, 359, 375, 358, 375, 374, 359, 360, 376, 359, 376, 375, 360, 361, 377, 360, 377, 376, 361, 362, 378, 361, 378, 377, 362, 363, 379, 362, 379, 378, 363, 364, 380, 363, 380, 379, 364, 365, 381, 364, 381, 380, 365, 366, 382, 365, 382, 381, 366, 367, 383, 366, 383, 382, 367, 352, 368, 367, 368, 383, 368, 369, 385, 368, 385, 384, 369, 370, 386, 369, 386, 385, 370, 371, 387, 370, 387, 386, 371, 372, 388, 371, 388, 387, 372, 373, 389, 372, 389, 388, 373, 374, 390, 373, 390, 389, 374, 375, 391, 374, 391, 390, 375, 376, 392, 375, 392, 391, 376, 377, 393, 376, 393, 392, 377, 378, 394, 377, 394, 393, 378, 379, 395, 378, 395, 394, 379, 380, 396, 379, 396, 395, 380, 381, 397, 380, 397, 396, 381, 382, 398, 381, 398, 397, 382, 383, 399, 382, 399, 398, 383, 368, 384, 383, 384, 399, 384, 385, 401, 384, 401, 400, 385, 386, 402, 385, 402, 401, 386, 387, 403, 386, 403, 402, 387, 388, 404, 387, 404, 403, 388, 389, 405, 388, 405, 404, 389, 390, 406, 389, 406, 405, 390, 391, 407, 390, 407, 406, 391, 392, 408, 391, 408, 407, 392, 393, 409, 392, 409, 408, 393, 394, 410, 393, 410, 409, 394, 395, 411, 394, 411, 410, 395, 396, 412, 395, 412, 411, 396, 397, 413, 396, 413, 412, 397, 398, 414, 397, 414, 413, 398, 399, 415, 398, 415, 414, 399, 384, 400, 399, 400, 415, 400, 401, 417, 400, 417, 416, 401, 402, 418, 401, 418, 417, 402, 403, 419, 402, 419, 418, 403, 404, 420, 403, 420, 419, 404, 405, 421, 404, 421, 420, 405, 406, 422, 405, 422, 421, 406, 407, 423, 406, 423, 422, 407, 408, 424, 407, 424, 423, 408, 409, 425, 408, 425, 424, 409, 410, 426, 409, 426, 425, 410, 411, 427, 410, 427, 426, 411, 412, 428, 411, 428, 427, 412, 413, 429, 412, 429, 428, 413, 414, 430, 413, 430, 429, 414, 415, 431, 414, 431, 430, 415, 400, 416, 415, 416, 431, 416, 417, 433, 416, 433, 432, 417, 418, 434, 417, 434, 433, 418, 419, 435, 418, 435, 434, 419, 420, 436, 419, 436, 435, 420, 421, 437, 420, 437, 436, 421, 422, 438, 421, 438, 437, 422, 423, 439, 422, 439, 438, 423, 424, 440, 423, 440, 439, 424, 425, 441, 424, 441, 440, 425, 426, 442, 425, 442, 441, 426, 427, 443, 426, 443, 442, 427, 428, 444, 427, 444, 443, 428, 429, 445, 428, 445, 444, 429, 430, 446, 429, 446, 445, 430, 431, 447, 430, 447, 446, 431, 416, 432, 431, 432, 447, 432, 433, 449, 432, 449, 448, 433, 434, 450, 433, 450, 449, 434, 435, 451, 434, 451, 450, 435, 436, 452, 435, 452, 451, 436, 437, 453, 436, 453, 452, 437, 438, 454, 437, 454, 453, 438, 439, 455, 438, 455, 454, 439, 440, 456, 439, 456, 455, 440, 441, 457, 440, 457, 456, 441, 442, 458, 441, 458, 457, 442, 443, 459, 442, 459, 458, 443, 444, 460, 443, 460, 459, 444, 445, 461, 444, 461, 460, 445, 446, 462, 445, 462, 461, 446, 447, 463, 446, 463, 462, 447, 432, 448, 447, 448, 463, 448, 449, 465, 448, 465, 464, 449, 450, 466, 449, 466, 465, 450, 451, 467, 450, 467, 466, 451, 452, 468, 451, 468, 467, 452, 453, 469, 452, 469, 468, 453, 454, 470, 453, 470, 469, 454, 455, 471, 454, 471, 470, 455, 456, 472, 455, 472, 471, 456, 457, 473, 456, 473, 472, 457, 458, 474, 457, 474, 473, 458, 459, 475, 458, 475, 474, 459, 460, 476, 459, 476, 475, 460, 461, 477, 460, 477, 476, 461, 462, 478, 461, 478, 477, 462, 463, 479, 462, 479, 478, 463, 448, 464, 463, 464, 479, 464, 465, 481, 464, 481, 480, 465, 466, 482, 465, 482, 481, 466, 467, 483, 466, 483, 482, 467, 468, 484, 467, 484, 483, 468, 469, 485, 468, 485, 484, 469, 470, 486, 469, 486, 485, 470, 471, 487, 470, 487, 486, 471, 472, 488, 471, 488, 487, 472, 473, 489, 472, 489, 488, 473, 474, 490, 473, 490, 489, 474, 475, 491, 474, 491, 490, 475, 476, 492, 475, 492, 491, 476, 477, 493, 476, 493, 492, 477, 478, 494, 477, 494, 493, 478, 479, 495, 478, 495, 494, 479, 464, 480, 479, 480, 495, 480, 481, 497, 480, 497, 496, 481, 482, 498, 481, 498, 497, 482, 483, 499, 482, 499, 498, 483, 484, 500, 483, 500, 499, 484, 485, 501, 484, 501, 500, 485, 486, 502, 485, 502, 501, 486, 487, 503, 486, 503, 502, 487, 488, 504, 487, 504, 503, 488, 489, 505, 488, 505, 504, 489, 490, 506, 489, 506, 505, 490, 491, 507, 490, 507, 506, 491, 492, 508, 491, 508, 507, 492, 493, 509, 492, 509, 508, 493, 494, 510, 493, 510, 509, 494, 495, 511, 494, 511, 510, 495, 480, 496, 495, 496, 511, 496, 497, 513, 496, 513, 512, 497, 498, 514, 497, 514, 513, 498, 499, 515, 498, 515, 514, 499, 500, 516, 499, 516, 515, 500, 501, 517, 500, 517, 516, 501, 502, 518, 501, 518, 517, 502, 503, 519, 502, 519, 518, 503, 504, 520, 503, 520, 519, 504, 505, 521, 504, 521, 520, 505, 506, 522, 505, 522, 521, 506, 507, 523, 506, 523, 522, 507, 508, 524, 507, 524, 523, 508, 509, 525, 508, 525, 524, 509, 510, 526, 509, 526, 525, 510, 511, 527, 510, 527, 526, 511, 496, 512, 511, 512, 527, 512, 513, 529, 512, 529, 528, 513, 514, 530, 513, 530, 529, 514, 515, 531, 514, 531, 530, 515, 516, 532, 515, 532, 531, 516, 517, 533, 516, 533, 532, 517, 518, 534, 517, 534, 533, 518, 519, 535, 518, 535, 534, 519, 520, 536, 519, 536, 535, 520, 521, 537, 520, 537, 536, 521, 522, 538, 521, 538, 537, 522, 523, 539, 522, 539, 538, 523, 524, 540, 523, 540, 539, 524, 525, 541, 524, 541, 540, 525, 526, 542, 525, 542, 541, 526, 527, 543, 526, 543, 542, 527, 512, 528, 527, 528, 543, 528, 529, 545, 528, 545, 544, 529, 530, 546, 529, 546, 545, 530, 531, 547, 530, 547, 546, 531, 532, 548, 531, 548, 547, 532, 533, 549, 532, 549, 548, 533, 534, 550, 533, 550, 549, 534, 535, 551, 534, 551, 550, 535, 536, 552, 535, 552, 551, 536, 537, 553, 536, 553, 552, 537, 538, 554, 537, 554, 553, 538, 539, 555, 538, 555, 554, 539, 540, 556, 539, 556, 555, 540, 541, 557, 540, 557, 556, 541, 542, 558, 541, 558, 557, 542, 543, 559, 542, 559, 558, 543, 528, 544, 543, 544, 559, 544, 545, 561, 544, 561, 560, 545, 546, 562, 545, 562, 561, 546, 547, 563, 546, 563, 562, 547, 548, 564, 547, 564, 563, 548, 549, 565, 548, 565, 564, 549, 550, 566, 549, 566, 565, 550, 551, 567, 550, 567, 566, 551, 552, 568, 551, 568, 567, 552, 553, 569, 552, 569, 568, 553, 554, 570, 553, 570, 569, 554, 555, 571, 554, 571, 570, 555, 556, 572, 555, 572, 571, 556, 557, 573, 556, 573, 572, 557, 558, 574, 557, 574, 573, 558, 559, 575, 558, 575, 574, 559, 544, 560, 559, 560, 575, 560, 561, 577, 560, 577, 576, 561, 562, 578, 561, 578, 577, 562, 563, 579, 562, 579, 578, 563, 564, 580, 563, 580, 579, 564, 565, 581, 564, 581, 580, 565, 566, 582, 565, 582, 581, 566, 567, 583, 566, 583, 582, 567, 568, 584, 567, 584, 583, 568, 569, 585, 568, 585, 584, 569, 570, 586, 569, 586, 585, 570, 571, 587, 570, 587, 586, 571, 572, 588, 571, 588, 587, 572, 573, 589, 572, 589, 588, 573, 574, 590, 573, 590, 589, 574, 575, 591, 574, 591, 590, 575, 560, 576, 575, 576, 591, 576, 577, 593, 576, 593, 592, 577, 578, 594, 577, 594, 593, 578, 579, 595, 578, 595, 594, 579, 580, 596, 579, 596, 595, 580, 581, 597, 580, 597, 596, 581, 582, 598, 581, 598, 597, 582, 583, 599, 582, 599, 598, 583, 584, 600, 583, 600, 599, 584, 585, 601, 584, 601, 600, 585, 586, 602, 585, 602, 601, 586, 587, 603, 586, 603, 602, 587, 588, 604, 587, 604, 603, 588, 589, 605, 588, 605, 604, 589, 590, 606, 589, 606, 605, 590, 591, 607, 590, 607, 606, 591, 576, 592, 591, 592, 607, 592, 593, 609, 592, 609, 608, 593, 594, 610, 593, 610, 609, 594, 595, 611, 594, 611, 610, 595, 596, 612, 595, 612, 611, 596, 597, 613, 596, 613, 612, 597, 598, 614, 597, 614, 613, 598, 599, 615, 598, 615, 614, 599, 600, 616, 599, 616, 615, 600, 601, 617, 600, 617, 616, 601, 602, 618, 601, 618, 617, 602, 603, 619, 602, 619, 618, 603, 604, 620, 603, 620, 619, 604, 605, 621, 604, 621, 620, 605, 606, 622, 605, 622, 621, 606, 607, 623, 606, 623, 622, 607, 592, 608, 607, 608, 623, 608, 609, 625, 608, 625, 624, 609, 610, 626, 609, 626, 625, 610, 611, 627, 610, 627, 626, 611, 612, 628, 611, 628, 627, 612, 613, 629, 612, 629, 628, 613, 614, 630, 613, 630, 629, 614, 615, 631, 614, 631, 630, 615, 616, 632, 615, 632, 631, 616, 617, 633, 616, 633, 632, 617, 618, 634, 617, 634, 633, 618, 619, 635, 618, 635, 634, 619, 620, 636, 619, 636, 635, 620, 621, 637, 620, 637, 636, 621, 622, 638, 621, 638, 637, 622, 623, 639, 622, 639, 638, 623, 608, 624, 623, 624, 639, 624, 625, 641, 624, 641, 640, 625, 626, 642, 625, 642, 641, 626, 627, 643, 626, 643, 642, 627, 628, 644, 627, 644, 643, 628, 629, 645, 628, 645, 644, 629, 630, 646, 629, 646, 645, 630, 631, 647, 630, 647, 646, 631, 632, 648, 631, 648, 647, 632, 633, 649, 632, 649, 648, 633, 634, 650, 633, 650, 649, 634, 635, 651, 634, 651, 650, 635, 636, 652, 635, 652, 651, 636, 637, 653, 636, 653, 652, 637, 638, 654, 637, 654, 653, 638, 639, 655, 638, 655, 654, 639, 624, 640, 639, 640, 655, 15, 14, 13, 15, 13, 12, 15, 12, 11, 15, 11, 10, 15, 10, 9, 15, 9, 8, 15, 8, 7, 15, 7, 6, 15, 6, 5, 15, 5, 4, 15, 4, 3, 15, 3, 2, 15, 2, 1, 15, 1, 0, 640, 641, 642, 640, 642, 643, 640, 643, 644, 640, 644, 645, 640, 645, 646, 640, 646, 647, 640, 647, 648, 640, 648, 649, 640, 649, 650, 640, 650, 651, 640, 651, 652, 640, 652, 653, 640, 653, 654, 640, 654, 655]
  normal3f[] normals = [(-0.9086643, 0.0474714, -0.4148201), (-0.9634606, 0.2602166, -0.0634904), (-0.8222581, 0.3795449, 0.4240722), (-0.5977959, 0.3597909, 0.7163732), (-0.4533764, 0.3034778, 0.8380639), (-0.380338, 0.2525615, 0.8896941), (-0.3474518, 0.211827, 0.9134586), (-0.3347567, 0.1786672, 0.9252113), (-0.331236, 0.1487325, 0.9317518), (-0.3329501, 0.1160639, 0.9357742), (-0.344905, 0.0717313, 0.9358927), (-0.3894971, 0.0001207, 0.9210277), (-0.5310081, -0.1304693, 0.8372623), (-0.8400943, -0.3308399, 0.429868), (-0.9116557, -0.3162724, -0.2624035), (-0.543184, 0.1476526, 0.8265288), (-0.8173101, -0.0022084, -0.5761939), (-0.7750494, 0.170018, -0.6085987), (-0.682157, 0.3843248, -0.6220581), (-0.4456016, 0.6968596, -0.5619839), (0.1443571, 0.9643989, -0.2215756), (0.6610784, 0.7107994, 0.2402907), (0.807908, 0.394688, 0.4376141), (0.8456523, 0.1730844, 0.5048901), (0.8546568, -0.0087124, 0.5191202), (0.8421335, -0.1927348, 0.5036511), (0.7817939, -0.4204754, 0.4604332), (0.5700554, -0.7453023, 0.3457764), (-0.0409707, -0.99904, 0.0155046), (-0.6167083, -0.7153812, -0.3284822), (-0.792041, -0.3934506, -0.4667629), (-0.8281745, -0.1754229, -0.5323098), (-0.7847492, -0.0068949, -0.6197751), (-0.746639, 0.167783, -0.6437228), (-0.6562455, 0.3838104, -0.6496395), (-0.4202457, 0.6968405, -0.5812116), (0.1639629, 0.9607574, -0.2237441), (0.6617628, 0.7044141, 0.2566531), (0.7929875, 0.3900076, 0.4680437), (0.8158954, 0.171359, 0.5522235), (0.8089117, -0.0066598, 0.5878924), (0.7815043, -0.1872852, 0.5951263), (0.7116838, -0.4141082, 0.5674686), (0.5034272, -0.7410195, 0.4443547), (-0.0640267, -0.9966187, 0.051495), (-0.588346, -0.7234673, -0.3611703), (-0.7529203, -0.4036407, -0.5197934), (-0.7910665, -0.1830791, -0.5836916), (-0.7956315, -0.0066034, -0.605745), (-0.7685057, 0.1740215, -0.6157236), (-0.6851827, 0.396253, -0.6111532), (-0.4439542, 0.7131327, -0.5425371), (0.1651432, 0.9629741, -0.213093), (0.6802092, 0.6977805, 0.2245392), (0.8179434, 0.3857912, 0.4267713), (0.8386659, 0.1694602, 0.5176125), (0.8242095, -0.0058526, 0.5662547), (0.7866323, -0.1830899, 0.5896505), (0.7067184, -0.4060383, 0.5793808), (0.4938036, -0.7302192, 0.472163), (-0.0642615, -0.9947001, 0.0802636), (-0.5808162, -0.732412, -0.3552818), (-0.7461303, -0.4121369, -0.522908), (-0.7912996, -0.1879322, -0.5818303), (-0.8412461, -0.0046776, -0.5406321), (-0.8195513, 0.1793367, -0.5442187), (-0.7396472, 0.4053968, -0.5371922), (-0.4940519, 0.7250958, -0.4797382), (0.1408181, 0.9694728, -0.2007305), (0.6904222, 0.7009616, 0.1788018), (0.8471896, 0.3882342, 0.3626898), (0.8762167, 0.1708121, 0.4506301), (0.8652517, -0.0054368, 0.5013082), (0.828383, -0.1833121, 0.5293186), (0.7463877, -0.406389, 0.5270231), (0.5257428, -0.7295566, 0.4374262), (-0.0545811, -0.9946175, 0.088074), (-0.6000999, -0.7362163, -0.3128347), (-0.7789304, -0.415066, -0.4700931), (-0.8310557, -0.1887615, -0.5231783), (-0.8962542, -0.0022309, -0.4435351), (-0.8755341, 0.1831735, -0.4470878), (-0.7963446, 0.4113421, -0.4434332), (-0.5482872, 0.7334026, -0.4018729), (0.1065746, 0.9774574, -0.1822603), (0.6934698, 0.7089635, 0.1283369), (0.8739277, 0.3938897, 0.2847828), (0.9158214, 0.173678, 0.3620871), (0.9129653, -0.005055, 0.4080058), (0.881299, -0.1851221, 0.4347895), (0.800928, -0.4099616, 0.4364011), (0.5728761, -0.7332504, 0.3662742), (-0.0392628, -0.995833, 0.0823105), (-0.6269195, -0.7378479, -0.2501046), (-0.8250002, -0.4152962, -0.3832801), (-0.8838093, -0.187509, -0.4286275), (-0.9435902, -0.0001406, -0.3311156), (-0.9229258, 0.1860238, -0.3370507), (-0.8441056, 0.4156177, -0.3387441), (-0.5953969, 0.739556, -0.3139419), (0.0726541, 0.9850428, -0.1562436), (0.6914227, 0.7181123, 0.0790528), (0.8938459, 0.4003538, 0.2018821), (0.9482424, 0.176961, 0.2636687), (0.9536855, -0.0045916, 0.3007706), (0.9277301, -0.1872007, 0.3229131), (0.8498026, -0.4142455, 0.3259388), (0.6158, -0.7381423, 0.2755654), (-0.0242207, -0.9974698, 0.0668381), (-0.6491649, -0.738905, -0.1805666), (-0.8650366, -0.4151033, -0.2817816), (-0.9297887, -0.1861364, -0.3175629), (-0.9761379, 0.0014754, -0.2171463), (-0.9559622, 0.1884706, -0.2249781), (-0.8778612, 0.4192831, -0.2314335), (-0.6296106, 0.744381, -0.2224576), (0.0450131, 0.9911022, -0.125261), (0.6863048, 0.7265187, 0.0340047), (0.9056041, 0.406421, 0.1212569), (0.9695675, 0.1801003, 0.1658393), (0.9812696, -0.0040482, 0.192597), (0.9595547, -0.1890217, 0.2086279), (0.8833571, -0.4181906, 0.2116528), (0.644906, -0.7428043, 0.1798279), (-0.0137536, -0.9988447, 0.0460443), (-0.6631017, -0.7398417, -0.1137118), (-0.891605, -0.4152856, -0.1804948), (-0.9609437, -0.1853014, -0.2055496), (-0.9928029, 0.002819, -0.1197264), (-0.9733269, 0.1909487, -0.1271747), (-0.8958633, 0.4231821, -0.1354467), (-0.6479124, 0.7492183, -0.1374101), (0.0283686, 0.9955463, -0.0899041), (0.6804989, 0.7327466, 0.0019009), (0.9098639, 0.4111414, 0.0557706), (0.9796197, 0.1825436, 0.0838037), (0.9949411, -0.0037311, 0.1003902), (0.9754598, -0.1907253, 0.1100093), (0.8997649, -0.4218252, 0.1117433), (0.6579264, -0.7471828, 0.0940786), (-0.0099148, -0.9997014, 0.0223318), (-0.6692815, -0.7404294, -0.06186), (-0.9042569, -0.4157548, -0.0973005), (-0.976404, -0.1849175, -0.111538), (-0.9982573, 0.0023615, -0.058965), (-0.9793531, 0.1915873, -0.0645125), (-0.9024534, 0.4247497, -0.0718713), (-0.655942, 0.750753, -0.078167), (0.0163178, 0.9980525, -0.0602071), (0.6734791, 0.7390942, -0.0128713), (0.9091476, 0.4161059, 0.0175068), (0.9821006, 0.1853607, 0.0334629), (0.9990947, -0.0027794, 0.0424517), (0.9803795, -0.1914257, 0.0470335), (0.9044814, -0.423923, 0.0469335), (0.6611284, -0.7493648, 0.0368995), (-0.0068927, -0.9999721, 0.0028636), (-0.6683409, -0.7431008, -0.0334923), (-0.9069742, -0.4184399, -0.0480197), (-0.9809528, -0.1865115, -0.0542689), (-0.9996601, 0.0013501, -0.0260356), (-0.9809871, 0.1917295, -0.0300675), (-0.904147, 0.4256574, -0.0365248), (-0.6586853, 0.7510726, -0.0449844), (0.007852, 0.9990328, -0.0432649), (0.6669022, 0.7448586, -0.0206686), (0.9070855, 0.4209338, -0.003254), (0.9821034, 0.1882377, 0.0062802), (0.9999335, -0.0016021, 0.0114191), (0.9813581, -0.1917074, 0.0135852), (0.9049562, -0.4253123, 0.0127938), (0.6609114, -0.7504308, 0.0070615), (-0.0036456, -0.9999679, -0.0071314), (-0.6647137, -0.7468674, -0.018569), (-0.9062722, -0.4221238, -0.0219592), (-0.9817223, -0.1888429, -0.023656), (-0.9999813, 0.0006962, -0.0060717), (-0.9812772, 0.1923692, -0.0094432), (-0.9039985, 0.4272423, -0.0158339), (-0.6585046, 0.7521099, -0.0265026), (0.0030205, 0.9993668, -0.0354522), (0.6615968, 0.7493555, -0.0274948), (0.905023, 0.4250155, -0.0171821), (0.9816007, 0.190639, -0.0108125), (0.9999729, -0.0007887, -0.0073191), (0.9813155, -0.192314, -0.0059294), (0.9042196, -0.4270199, -0.0063963), (0.6593738, -0.7517649, -0.0087034), (-0.0012596, -0.9999416, -0.0107347), (-0.6608657, -0.7504597, -0.0081723), (-0.9048782, -0.4256342, -0.0055679), (-0.9815922, -0.1909266, -0.0048734), (-0.9999818, 0.0001519, 0.0060346), (-0.9811537, 0.1932125, 0.0025085), (-0.9032262, 0.4291403, -0.0045816), (-0.6572169, 0.7534945, -0.0176606), (-0.0003246, 0.9994267, -0.0338548), (0.656798, 0.7532965, -0.0340695), (0.9029942, 0.4287969, -0.0271055), (0.9809855, 0.1928409, -0.021906), (0.9998237, -0.0001617, -0.0187756), (0.9810213, -0.193133, -0.0172271), (0.9031604, -0.4289762, -0.0167519), (0.6574526, -0.753326, -0.0160022), (0.0009259, -0.9999489, -0.0100681), (-0.6568095, -0.7540565, 0.0001531), (-0.9032049, -0.4291743, 0.0055104), (-0.9811771, -0.1929819, 0.0070349), (-0.9999204, -0.0003565, 0.0126158), (-0.9809361, 0.1941594, 0.0081586), (-0.9022556, 0.4312014, -0.0003842), (-0.6554978, 0.7550224, -0.0162411), (-0.003086, 0.9992952, -0.0374101), (0.6521446, 0.7569823, -0.0410522), (0.900979, 0.4324862, -0.0345322), (0.9803793, 0.1949848, -0.0289357), (0.9996833, 0.0003856, -0.0251605), (0.9807242, -0.1940738, -0.0227039), (0.9020685, -0.4310945, -0.0207365), (0.6554687, -0.755031, -0.0169999), (0.0031421, -0.9999783, -0.0057904), (-0.6525605, -0.7576982, 0.0076341), (-0.9013958, -0.432793, 0.0132608), (-0.9806855, -0.1950672, 0.01431), (-0.9998929, -0.0008756, 0.0146057), (-0.9807398, 0.1951403, 0.0083549), (-0.9012402, 0.4333125, -0.0025074), (-0.6536087, 0.7565208, -0.0217244), (-0.005653, 0.9989166, -0.0461925), (0.6474722, 0.7605029, -0.0491426), (0.8989635, 0.4361627, -0.0403327), (0.9798269, 0.1971371, -0.0328059), (0.9996247, 0.0009182, -0.0273776), (0.9805155, -0.1950625, -0.0232364), (0.9010565, -0.433279, -0.0191417), (0.6535817, -0.7567571, -0.0122323), (0.0055667, -0.9999819, 0.002288), (-0.6480877, -0.7614151, 0.0151465), (-0.8994986, -0.4365231, 0.0187065), (-0.9801953, -0.1972181, 0.0179527), (-0.9999269, -0.0015506, 0.0119901), (-0.9806163, 0.1959173, 0.0028483), (-0.9003107, 0.4350968, -0.0114687), (-0.6519451, 0.7574598, -0.0349605), (-0.0087427, 0.9980775, -0.0613587), (0.6424947, 0.7639897, -0.0593321), (0.8969084, 0.4399115, -0.0450905), (0.9793485, 0.199338, -0.0337783), (0.9996755, 0.0014508, -0.025431), (0.980406, -0.196109, -0.0185835), (0.9000793, -0.4355758, -0.0114477), (0.6515831, -0.7585768, -0.0008315), (0.0078096, -0.999852, 0.0153263), (-0.6435495, -0.7650396, 0.0236313), (-0.8975542, -0.4403357, 0.0223839), (-0.9797285, -0.1995019, 0.0181931), (-0.9999723, -0.0014324, 0.0073048), (-0.9802693, 0.1976093, -0.0047621), (-0.898643, 0.4381027, -0.0225125), (-0.6481311, 0.7598872, -0.049976), (-0.0078495, 0.996993, -0.0770932), (0.6395881, 0.7656399, -0.0687215), (0.8955763, 0.4422701, -0.0483756), (0.9791509, 0.2004458, -0.0329401), (0.9997687, 0.0009208, -0.0214863), (0.9800504, -0.1983954, -0.0118482), (0.8982386, -0.4395047, -0.001735), (0.647087, -0.7623199, 0.0121138), (0.0057089, -0.9995778, 0.0284901), (-0.6410351, -0.7668904, 0.0308715), (-0.8962212, -0.4429432, 0.0242668), (-0.9794684, -0.2009263, 0.0164412), (-0.9999835, -0.0008274, 0.0056894), (-0.9797426, 0.2001186, -0.0075508), (-0.8964162, 0.4424062, -0.0267353), (-0.6427214, 0.7640624, -0.0558377), (-0.0041951, 0.996527, -0.0831651), (0.6379488, 0.7666507, -0.0725812), (0.8945537, 0.4441557, -0.0499939), (0.9789968, 0.2012008, -0.0329153), (0.9997964, 3.73e-05, -0.0201778), (0.9795285, -0.2010869, -0.0093843), (0.896082, -0.4438843, 0.0019349), (0.6421007, -0.7664313, 0.0170199), (0.0032147, -0.9994378, 0.0333739), (-0.638665, -0.7687496, 0.0336327), (-0.8949464, -0.4454663, 0.0251136), (-0.9792353, -0.2020988, 0.0159473), (-0.9999729, -0.0009412, 0.0073061), (-0.9793773, 0.2019319, -0.0066054), (-0.894724, 0.44582, -0.0267121), (-0.6390737, 0.7670214, -0.0571224), (-0.0042547, 0.9962959, -0.085886), (0.6340649, 0.7695373, -0.0759875), (0.8926548, 0.4476138, -0.0530028), (0.9785113, 0.2031553, -0.0352638), (0.9997612, 0.0001759, -0.0218536), (0.9791777, -0.2027411, -0.010348), (0.8945466, -0.4469709, 0.0018439), (0.6390838, -0.7689228, 0.0181555), (0.0044952, -0.9993446, 0.0359177), (-0.6342565, -0.7722526, 0.0366685), (-0.8929614, -0.4492742, 0.0277952), (-0.9787659, -0.2041788, 0.0181185), (-0.9999477, -0.0010777, 0.0101726), (-0.9790265, 0.2036521, -0.00574), (-0.8930895, 0.448979, -0.0284447), (-0.6357181, 0.7693863, -0.0625083), (-0.0051608, 0.9954726, -0.0949085), (0.6294783, 0.7723412, -0.085124), (0.8904171, 0.4511652, -0.0600603), (0.9778941, 0.2051969, -0.0402168), (0.9996906, 0.0003494, -0.0248723), (0.9788154, -0.2044297, -0.0113588), (0.8929413, -0.450161, 0.0033097), (0.6358108, -0.7714993, 0.0230977), (0.0053654, -0.9989992, 0.0444049), (-0.6298722, -0.7753853, 0.04515), (-0.8908784, -0.4529407, 0.0343569), (-0.9782388, -0.2062269, 0.0227902), (-0.9998955, -0.0012771, 0.0143974), (-0.9786933, 0.2052677, -0.004961), (-0.8914858, 0.4519104, -0.032096), (-0.6324472, 0.7712162, -0.0723611), (-0.0063888, 0.9938292, -0.1107371), (0.6244343, 0.7745819, -0.1005218), (0.8878717, 0.454487, -0.0715921), (0.9771285, 0.2071498, -0.0480501), (0.9995689, 0.0004901, -0.0293555), (0.9784493, -0.2061161, -0.0123759), (0.8913449, -0.4532784, 0.0065541), (0.6326038, -0.773804, 0.0322467), (0.0065423, -0.9982181, 0.0593109), (-0.6250729, -0.7782931, 0.0595296), (-0.8885318, -0.4565899, 0.0451329), (-0.9775958, -0.2083166, 0.0301761), (-0.9997953, -0.0015497, 0.0201737), (-0.9783967, 0.2066924, -0.004258), (-0.8899778, 0.4544278, -0.0378802), (-0.6293912, 0.7721851, -0.0871601), (-0.0081388, 0.9909411, -0.1340504), (0.6187394, 0.7759219, -0.1229094), (0.8848846, 0.4573864, -0.0881871), (0.9761395, 0.2089306, -0.0591587), (0.9993695, 0.0006006, -0.0354998), (0.9780972, -0.2077178, -0.0133871), (0.8898248, -0.4561491, 0.0118247), (0.6295992, -0.7755511, 0.046102), (0.0082223, -0.9966562, 0.0812947), (-0.6196842, -0.7807146, 0.0804751), (-0.8858052, -0.4600767, 0.0606518), (-0.976773, -0.210388, 0.0406365), (-0.9996117, -0.0019132, 0.0278005), (-0.9781699, 0.2077759, -0.0035925), (-0.8886784, 0.4562094, -0.0460827), (-0.6267718, 0.7717393, -0.10759), (-0.0107378, 0.9860909, -0.1658596), (0.6120827, 0.7757805, -0.1533602), (0.8812394, 0.4595221, -0.1107098), (0.9748037, 0.2103871, -0.0741279), (0.9990486, 0.0006812, -0.0436047), (0.9777905, -0.2090903, -0.0143899), (0.8884973, -0.4584687, 0.0194674), (0.6270257, -0.7762493, 0.0653891), (0.0107266, -0.9937239, 0.1113453), (-0.6134228, -0.7822001, 0.1089748), (-0.8825089, -0.4631465, 0.0816907), (-0.9756646, -0.2123339, 0.0547074), (-0.9992854, -0.0023848, 0.0377231), (-0.9780663, 0.2082738, -0.0028733), (-0.8877783, 0.4567218, -0.0570518), (-0.6249696, 0.7689675, -0.1345437), (-0.0147413, 0.978119, -0.2075233), (0.6039567, 0.7732137, -0.1933309), (0.876588, 0.460321, -0.1403501), (0.9729221, 0.2112517, -0.0937829), (0.9985344, 0.0007188, -0.0541159), (0.9775786, -0.2100055, -0.0154202), (0.8875465, -0.4597455, 0.0299216), (0.62523, -0.7751065, 0.0910899), (0.0145207, -0.9884502, 0.1508489), (-0.6058638, -0.7819784, 0.14642), (-0.8783465, -0.4653493, 0.1093504), (-0.9740998, -0.2139568, 0.0731582), (-0.9987307, -0.0024209, 0.05031), (-0.9780558, 0.2083319, -0.0021392), (-0.8872671, 0.4557286, -0.0711939), (-0.6238125, 0.7631488, -0.1687064), (-0.0196763, 0.9654907, -0.2596932), (0.5944921, 0.7663768, -0.2434044), (0.870818, 0.458388, -0.1776414), (0.9703691, 0.2105636, -0.1185195), (0.9977398, 6.67e-05, -0.0671963), (0.9773767, -0.2108807, -0.0162502), (0.8867112, -0.460219, 0.0440661), (0.623202, -0.7720053, 0.1250084), (0.017649, -0.9791944, 0.2021553), (-0.5978723, -0.7775578, 0.1948142), (-0.873383, -0.4649355, 0.1450419), (-0.9719753, -0.2142126, 0.0968347), (-0.9979228, -0.0025617, 0.06437), (-0.9782361, 0.2074928, -0.0009637), (-0.8874407, 0.4528351, -0.0859616), (-0.6240836, 0.7541298, -0.2044697), (-0.0267918, 0.9490429, -0.3140059), (0.5830881, 0.756531, -0.2960896), (0.8637648, 0.4546104, -0.217347), (0.9671107, 0.2089254, -0.1450761), (0.9966844, -0.0008073, -0.0813608), (0.9772826, -0.2112389, -0.0172306), (0.8863407, -0.4592148, 0.0593454), (0.6221562, -0.7660192, 0.1616669), (0.0225805, -0.9660401, 0.2574038), (-0.5879381, -0.7701121, 0.2474997), (-0.8670584, -0.4628565, 0.1843195), (-0.9691007, -0.2137897, 0.123036), (-0.9969661, -0.0033344, 0.0777655), (-0.9785786, 0.2058723, 0.0007254), (-0.8881376, 0.4488664, -0.0986436), (-0.6255828, 0.7437257, -0.2356232), (-0.0359141, 0.9317652, -0.3612807), (0.5701122, 0.7465599, -0.3429584), (0.8558123, 0.4509953, -0.2533545), (0.963416, 0.2076176, -0.169483), (0.9955066, -0.0011732, -0.0946849), (0.9773482, -0.2108041, -0.0187653), (0.886582, -0.4568966, 0.0722355), (0.6229095, -0.7580679, 0.1931755), (0.0309416, -0.9517906, 0.3051839), (-0.575455, -0.7629875, 0.2944515), (-0.8594559, -0.461348, 0.2202125), (-0.9656608, -0.2139471, 0.1473971), (-0.9959217, -0.0041313, 0.0901268), (-0.9788916, 0.2043616, 0.0027481), (-0.8887863, 0.4451057, -0.1092695), (-0.6270292, 0.7335837, -0.2620864), (-0.0451963, 0.9148343, -0.4012922), (0.5566407, 0.7368527, -0.3836655), (0.847427, 0.447643, -0.2854526), (0.9594917, 0.2065005, -0.1916592), (0.99424, -0.0014653, -0.107167), (0.9773884, -0.2104148, -0.0209179), (0.8868076, -0.454702, 0.0825732), (0.6237419, -0.7502673, 0.2191916), (0.0396931, -0.9378538, 0.3447532), (-0.562367, -0.7561775, 0.3345728), (-0.8513963, -0.4601211, 0.2518192), (-0.961989, -0.2142714, 0.1693071), (-0.9947891, -0.0049756, 0.1018331), (-0.9791644, 0.2030032, 0.0051704), (-0.8893725, 0.4416424, -0.1181884), (-0.6284495, 0.723823, -0.2848359), (-0.0547606, 0.8984245, -0.4357003), (0.5425516, 0.7275991, -0.4198062), (0.8385325, 0.4446801, -0.3148378), (0.9552977, 0.2056282, -0.2124226), (0.9928611, -0.0017029, -0.1192638), (0.9773752, -0.2101744, -0.0237583), (0.886957, -0.4528456, 0.0907644), (0.6245167, -0.7429704, 0.2407778), (0.0486208, -0.9246209, 0.3777728), (-0.548794, -0.7499642, 0.369295), (-0.8429152, -0.4593639, 0.2801406), (-0.9580958, -0.2148645, 0.1894351), (-0.9935416, -0.0059408, 0.1133129), (-0.9794018, 0.2017566, 0.0081494), (-0.889939, 0.4384359, -0.1256285), (-0.6299531, 0.7143671, -0.3046944), (-0.0647907, 0.8824236, -0.4659728), (0.5276448, 0.7186996, -0.4528374), (0.8289679, 0.4420474, -0.342646), (0.9507323, 0.2049673, -0.2325866), (0.9913167, -0.0019125, -0.1314821), (0.9772894, -0.2101199, -0.0274789), (0.8870391, -0.4513924, 0.0969868), (0.6252915, -0.7362923, 0.2586197), (0.0578513, -0.9122853, 0.4054489), (-0.5345965, -0.744578, 0.3997627), (-0.8339068, -0.4592684, 0.3060587), (-0.953919, -0.2158556, 0.2084344), (-0.9921168, -0.0071322, 0.1251134), (-0.9796148, 0.2005259, 0.0120104), (-0.890591, 0.4353434, -0.13162), (-0.6317914, 0.7049673, -0.3222744), (-0.0756861, 0.8664983, -0.4934088), (0.5115074, 0.7098682, -0.4841975), (0.8184131, 0.4395703, -0.3701054), (0.9455925, 0.2044345, -0.2531034), (0.989504, -0.0021147, -0.1444901), (0.9771122, -0.2102339, -0.0324573), (0.8871195, -0.4503111, 0.1011873), (0.6262517, -0.7302247, 0.2730948), (0.0676962, -0.9009359, 0.4286395), (-0.5194658, -0.7402083, 0.426904), (-0.8241448, -0.4600281, 0.3303928), (-0.9493208, -0.2173926, 0.2270033), (-0.9903062, -0.0091394, 0.1386003), (-0.9797608, 0.1993245, 0.0183966), (-0.8913698, 0.4327557, -0.1348424), (-0.6338981, 0.6959285, -0.3374267), (-0.0873896, 0.8499913, -0.5194977), (0.4934487, 0.6999438, -0.5163207), (0.8059518, 0.4366377, -0.3997364), (0.9392409, 0.204146, -0.2759545), (0.9872004, -0.0015216, -0.1594773), (0.977089, -0.2091933, -0.0391817), (0.8880492, -0.4480245, 0.1031633), (0.6292346, -0.7236001, 0.2836667), (0.080926, -0.8911792, 0.446375), (-0.5013525, -0.7390281, 0.4499813), (-0.8126014, -0.4636962, 0.3530791), (-0.9438183, -0.2208098, 0.2458661), (-0.9866392, -0.0116397, 0.162504), (-0.9799683, 0.1964937, 0.0324408), (-0.8945415, 0.4258508, -0.1358179), (-0.6415236, 0.6777029, -0.359397), (-0.1081795, 0.819268, -0.5631138), (0.464906, 0.6763202, -0.571361), (0.7850096, 0.424674, -0.4510122), (0.9275426, 0.1998138, -0.315815), (0.9826608, -0.0003016, -0.1854121), (0.977844, -0.2032318, -0.050178), (0.8928688, -0.4372737, 0.1075966), (0.6393732, -0.7067837, 0.3027518), (0.1033836, -0.8731618, 0.4763405), (-0.4747402, -0.7339749, 0.485698), (-0.794954, -0.4664538, 0.3879033), (-0.9345294, -0.2242677, 0.276331), (-0.9774646, -0.0127731, 0.2107127), (-0.9799758, 0.188923, 0.0628936), (-0.9045198, 0.4056723, -0.1314304), (-0.6656644, 0.6350807, -0.3918717), (-0.1545619, 0.7562627, -0.6357495), (0.410487, 0.6230946, -0.6657729), (0.7440339, 0.3917645, -0.5412339), (0.9027245, 0.1838135, -0.3889744), (0.9717179, -0.001599, -0.2361391), (0.9788717, -0.1904183, -0.0745053), (0.9048456, -0.4102028, 0.113965), (0.6629874, -0.6654976, 0.3428711), (0.1425056, -0.827271, 0.5434287), (-0.4308958, -0.7065208, 0.5613886), (-0.762768, -0.4559469, 0.4585819), (-0.915075, -0.2210902, 0.3372786), (-0.9597028, -0.0141587, 0.2806599), (-0.9779627, 0.1761814, 0.1120223), (-0.9205763, 0.374123, -0.1121213), (-0.7061988, 0.5738937, -0.4146435), (-0.2263313, 0.6702397, -0.7067905), (0.3291832, 0.5483094, -0.7687622), (0.6806473, 0.3431041, -0.6473012), (0.8619227, 0.1587394, -0.4815507), (0.9515476, -0.0053655, -0.3074548), (0.9777585, -0.1731743, -0.1183174), (0.9226314, -0.3710133, 0.1053588), (0.7015855, -0.6042478, 0.3777068), (0.2045801, -0.7578265, 0.619553), (-0.3623969, -0.6602452, 0.6578334), (-0.7099883, -0.4346275, 0.5540899), (-0.8809475, -0.2133639, 0.422383), (-0.9329553, -0.0168007, 0.3595999), (-0.9714542, 0.161431, 0.1738295), (-0.9374146, 0.3398995, -0.0756446), (-0.7537574, 0.5098428, -0.4146204), (-0.310729, 0.5817705, -0.7516585), (0.2319182, 0.4703625, -0.8514535), (0.6016134, 0.2915848, -0.7436663), (0.8083184, 0.131902, -0.5737798), (0.9222343, -0.0100071, -0.3865019), (0.9715835, -0.1564404, -0.1776286), (0.9402994, -0.3322949, 0.0736006), (0.7468541, -0.5432423, 0.3835319), (0.2811535, -0.6880368, 0.6689978), (-0.2757952, -0.6125177, 0.7407827), (-0.6405101, -0.4121932, 0.6479534), (-0.833695, -0.2058218, 0.5124354), (-0.898891, -0.0198926, 0.4377206), (-0.9600984, 0.1452089, 0.2390093), (-0.9517485, 0.3054626, -0.0294515), (-0.8008461, 0.4499788, -0.3951766), (-0.3966921, 0.5034104, -0.7676024), (0.1299008, 0.4032017, -0.9058444), (0.5154986, 0.2476506, -0.8203234), (0.7469698, 0.1084022, -0.6559612), (0.8852313, -0.0162918, -0.4648657), (0.9581761, -0.1468852, -0.245608), (0.9517827, -0.3058447, 0.0238494), (0.7883695, -0.4965687, 0.3631708), (0.3591381, -0.6281118, 0.6902865), (-0.1818637, -0.566045, 0.8040639), (-0.5611391, -0.3870772, 0.731638), (-0.7770899, -0.1965449, 0.5979142), (-0.8669136, -0.0239849, 0.4978811), (-0.9495791, 0.1241863, 0.2878841), (-0.9635886, 0.267327, 0.0057739), (-0.8388032, 0.3949987, -0.3746802), (-0.4663939, 0.4435182, -0.765355), (0.0451794, 0.360364, -0.931717), (0.4425863, 0.2235616, -0.8684109), (0.6931556, 0.0949482, -0.7145069), (0.849527, -0.0249864, -0.5269531), (0.9396161, -0.1529965, -0.3061269), (0.9515585, -0.3061818, -0.0280895), (0.8124636, -0.4803792, 0.3303616), (0.4188836, -0.5892527, 0.6908819), (-0.1003421, -0.5237598, 0.8459357), (-0.4882276, -0.3571328, 0.7962977), (-0.723838, -0.1832679, 0.6651852), (-0.856528, -0.0296476, 0.5152484), (-0.9521757, 0.0951684, 0.2903523), (-0.9756375, 0.2193633, -0.0033578), (-0.8583827, 0.3396807, -0.3844427), (-0.4985586, 0.4045287, -0.7666785), (0.0078186, 0.3532036, -0.9355138), (0.4143516, 0.2321172, -0.8800195), (0.6735398, 0.0987795, -0.7325208), (0.8337518, -0.037295, -0.5508785), (0.9244936, -0.183599, -0.3340704), (0.936454, -0.3464254, -0.0551661), (0.8030377, -0.5084546, 0.3108123), (0.4319426, -0.5835756, 0.6876519), (-0.064893, -0.4936772, 0.8672207), (-0.4524401, -0.3257907, 0.8301556), (-0.6993462, -0.1665862, 0.6950999), (-0.8769742, -0.0311879, 0.4795244), (-0.9668046, 0.0881797, 0.2398191), (-0.9764314, 0.2060862, -0.0641105), (-0.8378419, 0.3279059, -0.4364615), (-0.4622472, 0.4135777, -0.7843985), (0.0501739, 0.3923545, -0.9184446), (0.4585976, 0.2809485, -0.8430635), (0.712312, 0.1332058, -0.6891065), (0.8596765, -0.0310729, -0.5098929), (0.9309368, -0.2084983, -0.2998084), (0.9181555, -0.394998, -0.031099), (0.7625086, -0.5636931, 0.3175386), (0.3896395, -0.6272554, 0.674338), (-0.0945698, -0.519435, 0.8492608), (-0.4762351, -0.335711, 0.8127104), (-0.7216407, -0.1682211, 0.6715179), (-0.3310244, -0.8177917, -0.4707861), (-0.9841735, -0.0107846, 0.1768789), (-0.9488458, -0.1649744, -0.2692121), (-0.6774541, -0.3955489, -0.6201588), (-0.4027096, -0.5445119, -0.7357525), (-0.2260263, -0.628162, -0.7445298), (-0.1139362, -0.6832008, -0.7212872), (-0.0355196, -0.7272902, -0.6854103), (0.0235523, -0.7696013, -0.6380902), (0.0664899, -0.8160856, -0.5740936), (0.088354, -0.8708744, -0.4834992), (0.0743777, -0.9344816, -0.3481554), (-0.0086235, -0.9909255, -0.1341356), (-0.2154726, -0.957113, 0.1936655), (-0.5186515, -0.6778517, 0.5210736), (-0.7418559, -0.2927707, 0.6032703)] (interpolation = "vertex")
  uniform token subdivisionScheme = "none"
  uniform bool doubleSided = true
  rel material:binding = </Wayfarer/Materials/Frame>
 }
 def Mesh "RightNosePad" (prepend apiSchemas = ["MaterialBindingAPI"]) {
  point3f[] points = [(0.0095023, 0.004, 0.0461074), (0.0097928, 0.0050919, 0.0450655), (0.0106747, 0.0058913, 0.044274), (0.0119117, 0.0061839, 0.0439451), (0.0131724, 0.0058913, 0.0441667), (0.0141189, 0.0050919, 0.0448796), (0.0144977, 0.004, 0.0458926), (0.0142072, 0.0029081, 0.0469345), (0.0133253, 0.0021087, 0.047726), (0.0120883, 0.0018161, 0.0480549), (0.0108276, 0.0021087, 0.0478333), (0.0098811, 0.0029081, 0.0471204), (0.0094693, 0.0032384, 0.0453334), (0.0097462, 0.0043406, 0.0442987), (0.0106177, 0.0051475, 0.0435034), (0.0118503, 0.0054429, 0.0431606), (0.0131137, 0.0051475, 0.0433621), (0.0140694, 0.0043406, 0.044054), (0.0144613, 0.0032384, 0.0450508), (0.0141844, 0.0021362, 0.0460856), (0.0133129, 0.0013293, 0.0468809), (0.0120803, 0.001034, 0.0472237), (0.0108169, 0.0013293, 0.0470222), (0.0098612, 0.0021362, 0.0463303), (0.0093935, 0.0021852, 0.0441892), (0.0096661, 0.0032908, 0.043157), (0.0105343, 0.0041001, 0.0423605), (0.0117654, 0.0043963, 0.0420133), (0.0130297, 0.0041001, 0.0422083), (0.0139882, 0.0032908, 0.0428933), (0.0143843, 0.0021852, 0.0438848), (0.0141117, 0.0010796, 0.0449171), (0.0132435, 0.0002703, 0.0457136), (0.0120123, -2.59e-05, 0.0460608), (0.0107481, 0.0002703, 0.0458658), (0.0097896, 0.0010796, 0.0451807), (0.0093146, 0.0009375, 0.0427888), (0.0096075, 0.0020276, 0.0417457), (0.0104912, 0.0028257, 0.040955), (0.011729, 0.0031178, 0.0406285), (0.0129892, 0.0028257, 0.0408537), (0.013934, 0.0020276, 0.0415703), (0.0143104, 0.0009375, 0.0425862), (0.0140175, -0.0001526, 0.0436293), (0.0131338, -0.0009507, 0.04442), (0.011896, -0.0012428, 0.0447465), (0.0106358, -0.0009507, 0.0445213), (0.009691, -0.0001526, 0.0438047), (0.0092778, -0.0004074, 0.0412833), (0.0096183, 0.0006496, 0.0402207), (0.0105374, 0.0014234, 0.0394464), (0.0117888, 0.0017066, 0.0391677), (0.0130373, 0.0014234, 0.0394594), (0.0139483, 0.0006496, 0.0402433), (0.0142777, -0.0004074, 0.0413093), (0.0139373, -0.0014644, 0.0423718), (0.0130182, -0.0022382, 0.0431462), (0.0117667, -0.0025214, 0.0434249), (0.0105182, -0.0022382, 0.0431332), (0.0096072, -0.0014644, 0.0423493), (0.009338, -0.0017523, 0.0397754), (0.0097793, -0.0007552, 0.0386923), (0.0107692, -2.52e-05, 0.0379639), (0.0120423, 0.000242, 0.0377855), (0.0132575, -2.52e-05, 0.0382047), (0.0140893, -0.0007552, 0.0391094), (0.0143148, -0.0017523, 0.040257), (0.0138734, -0.0027495, 0.0413401), (0.0128836, -0.0034794, 0.0420685), (0.0116105, -0.0037466, 0.0422469), (0.0103952, -0.0034794, 0.0418277), (0.0095635, -0.0027495, 0.040923), (0.0096054, -0.003, 0.0382816), (0.0102718, -0.0021033, 0.0372261), (0.0114012, -0.0014468, 0.0366459), (0.012691, -0.0012066, 0.0366965), (0.0137957, -0.0014468, 0.0373643), (0.0144193, -0.0021033, 0.0384704), (0.0143946, -0.003, 0.0397184), (0.0137282, -0.0038967, 0.0407739), (0.0125988, -0.0045532, 0.0413541), (0.011309, -0.0047934, 0.0413035), (0.0102043, -0.0045532, 0.0406357), (0.0095807, -0.0038967, 0.0395296), (0.0102474, -0.0042477, 0.0368988), (0.0112046, -0.0034373, 0.0360105), (0.0124717, -0.002844, 0.0357179), (0.0137091, -0.0026268, 0.0360994), (0.0145854, -0.002844, 0.0370528), (0.0148657, -0.0034373, 0.0383227), (0.0144748, -0.0042477, 0.0395688), (0.0135176, -0.0050581, 0.0404571), (0.0122505, -0.0056514, 0.0407497), (0.0110131, -0.0058685, 0.0403682), (0.0101368, -0.0056514, 0.0394147), (0.0098566, -0.0050581, 0.0381449), (0.0110965, -0.0055926, 0.0358498), (0.0122304, -0.0048139, 0.0351641), (0.0135407, -0.0042439, 0.0351291), (0.0146764, -0.0040352, 0.0357542), (0.0153331, -0.0042439, 0.0368719), (0.0153349, -0.0048139, 0.0381827), (0.0146813, -0.0055926, 0.0393354), (0.0135474, -0.0063713, 0.0400211), (0.0122371, -0.0069413, 0.040056), (0.0111014, -0.0071499, 0.0394309), (0.0104447, -0.0069413, 0.0383133), (0.0104429, -0.0063713, 0.0370025), (0.0119528, -0.0069375, 0.0350988), (0.0131704, -0.0061656, 0.0345659), (0.0144762, -0.0056005, 0.034702), (0.0155205, -0.0053937, 0.0354706), (0.0160234, -0.0056005, 0.0366657), (0.0158502, -0.0061656, 0.0379672), (0.0150472, -0.0069375, 0.0390262), (0.0138296, -0.0077094, 0.0395591), (0.0125238, -0.0082745, 0.039423), (0.0114795, -0.0084813, 0.0386544), (0.0109766, -0.0082745, 0.0374593), (0.0111498, -0.0077094, 0.0361578), (0.0126955, -0.0081852, 0.034569), (0.0139451, -0.007413, 0.0341169), (0.0152391, -0.0068476, 0.0343381), (0.016231, -0.0066407, 0.0351733), (0.0166548, -0.0068476, 0.0363987), (0.016397, -0.007413, 0.037686), (0.0155267, -0.0081852, 0.0386902), (0.0142771, -0.0089574, 0.0391423), (0.0129831, -0.0095227, 0.0389211), (0.0119913, -0.0097297, 0.0380859), (0.0115675, -0.0095227, 0.0368605), (0.0118252, -0.0089574, 0.0355733), (0.0131938, -0.0092384, 0.03424), (0.0144369, -0.0084665, 0.03377), (0.0157342, -0.0079014, 0.0339725), (0.0167379, -0.0076945, 0.0347933), (0.0171792, -0.0079014, 0.0360125), (0.0169398, -0.0084665, 0.0373034), (0.0160839, -0.0092384, 0.0383202), (0.0148408, -0.0100104, 0.0387902), (0.0135436, -0.0105755, 0.0385877), (0.0125399, -0.0107823, 0.0377669), (0.0120986, -0.0105755, 0.0365477), (0.0123379, -0.0100104, 0.0352567), (0.0134678, -0.01, 0.0340246), (0.0146894, -0.0092282, 0.0335009), (0.0159942, -0.0086632, 0.0336469), (0.0170326, -0.0084564, 0.0344234), (0.0175264, -0.0086632, 0.0356223), (0.0173433, -0.0092282, 0.0369225), (0.0165322, -0.01, 0.0379754), (0.0153106, -0.0107718, 0.0384991), (0.0140058, -0.0113368, 0.0383531), (0.0129674, -0.0115436, 0.0375766), (0.0124736, -0.0113368, 0.0363777), (0.0126567, -0.0107718, 0.0350775)]
  int[] faceVertexCounts = [3, 3, 3, 3, 3, 3, 3, 3, 3, 3, 3, 3, 3, 3, 3, 3, 3, 3, 3, 3, 3, 3, 3, 3, 3, 3, 3, 3, 3, 3, 3, 3, 3, 3, 3, 3, 3, 3, 3, 3, 3, 3, 3, 3, 3, 3, 3, 3, 3, 3, 3, 3, 3, 3, 3, 3, 3, 3, 3, 3, 3, 3, 3, 3, 3, 3, 3, 3, 3, 3, 3, 3, 3, 3, 3, 3, 3, 3, 3, 3, 3, 3, 3, 3, 3, 3, 3, 3, 3, 3, 3, 3, 3, 3, 3, 3, 3, 3, 3, 3, 3, 3, 3, 3, 3, 3, 3, 3, 3, 3, 3, 3, 3, 3, 3, 3, 3, 3, 3, 3, 3, 3, 3, 3, 3, 3, 3, 3, 3, 3, 3, 3, 3, 3, 3, 3, 3, 3, 3, 3, 3, 3, 3, 3, 3, 3, 3, 3, 3, 3, 3, 3, 3, 3, 3, 3, 3, 3, 3, 3, 3, 3, 3, 3, 3, 3, 3, 3, 3, 3, 3, 3, 3, 3, 3, 3, 3, 3, 3, 3, 3, 3, 3, 3, 3, 3, 3, 3, 3, 3, 3, 3, 3, 3, 3, 3, 3, 3, 3, 3, 3, 3, 3, 3, 3, 3, 3, 3, 3, 3, 3, 3, 3, 3, 3, 3, 3, 3, 3, 3, 3, 3, 3, 3, 3, 3, 3, 3, 3, 3, 3, 3, 3, 3, 3, 3, 3, 3, 3, 3, 3, 3, 3, 3, 3, 3, 3, 3, 3, 3, 3, 3, 3, 3, 3, 3, 3, 3, 3, 3, 3, 3, 3, 3, 3, 3, 3, 3, 3, 3, 3, 3, 3, 3, 3, 3, 3, 3, 3, 3, 3, 3, 3, 3, 3, 3, 3, 3, 3, 3, 3, 3, 3, 3, 3, 3, 3, 3, 3, 3, 3, 3, 3, 3, 3, 3, 3, 3]
  int[] faceVertexIndices = [0, 1, 13, 0, 13, 12, 1, 2, 14, 1, 14, 13, 2, 3, 15, 2, 15, 14, 3, 4, 16, 3, 16, 15, 4, 5, 17, 4, 17, 16, 5, 6, 18, 5, 18, 17, 6, 7, 19, 6, 19, 18, 7, 8, 20, 7, 20, 19, 8, 9, 21, 8, 21, 20, 9, 10, 22, 9, 22, 21, 10, 11, 23, 10, 23, 22, 11, 0, 12, 11, 12, 23, 12, 13, 25, 12, 25, 24, 13, 14, 26, 13, 26, 25, 14, 15, 27, 14, 27, 26, 15, 16, 28, 15, 28, 27, 16, 17, 29, 16, 29, 28, 17, 18, 30, 17, 30, 29, 18, 19, 31, 18, 31, 30, 19, 20, 32, 19, 32, 31, 20, 21, 33, 20, 33, 32, 21, 22, 34, 21, 34, 33, 22, 23, 35, 22, 35, 34, 23, 12, 24, 23, 24, 35, 24, 25, 37, 24, 37, 36, 25, 26, 38, 25, 38, 37, 26, 27, 39, 26, 39, 38, 27, 28, 40, 27, 40, 39, 28, 29, 41, 28, 41, 40, 29, 30, 42, 29, 42, 41, 30, 31, 43, 30, 43, 42, 31, 32, 44, 31, 44, 43, 32, 33, 45, 32, 45, 44, 33, 34, 46, 33, 46, 45, 34, 35, 47, 34, 47, 46, 35, 24, 36, 35, 36, 47, 36, 37, 49, 36, 49, 48, 37, 38, 50, 37, 50, 49, 38, 39, 51, 38, 51, 50, 39, 40, 52, 39, 52, 51, 40, 41, 53, 40, 53, 52, 41, 42, 54, 41, 54, 53, 42, 43, 55, 42, 55, 54, 43, 44, 56, 43, 56, 55, 44, 45, 57, 44, 57, 56, 45, 46, 58, 45, 58, 57, 46, 47, 59, 46, 59, 58, 47, 36, 48, 47, 48, 59, 48, 49, 61, 48, 61, 60, 49, 50, 62, 49, 62, 61, 50, 51, 63, 50, 63, 62, 51, 52, 64, 51, 64, 63, 52, 53, 65, 52, 65, 64, 53, 54, 66, 53, 66, 65, 54, 55, 67, 54, 67, 66, 55, 56, 68, 55, 68, 67, 56, 57, 69, 56, 69, 68, 57, 58, 70, 57, 70, 69, 58, 59, 71, 58, 71, 70, 59, 48, 60, 59, 60, 71, 60, 61, 73, 60, 73, 72, 61, 62, 74, 61, 74, 73, 62, 63, 75, 62, 75, 74, 63, 64, 76, 63, 76, 75, 64, 65, 77, 64, 77, 76, 65, 66, 78, 65, 78, 77, 66, 67, 79, 66, 79, 78, 67, 68, 80, 67, 80, 79, 68, 69, 81, 68, 81, 80, 69, 70, 82, 69, 82, 81, 70, 71, 83, 70, 83, 82, 71, 60, 72, 71, 72, 83, 72, 73, 85, 72, 85, 84, 73, 74, 86, 73, 86, 85, 74, 75, 87, 74, 87, 86, 75, 76, 88, 75, 88, 87, 76, 77, 89, 76, 89, 88, 77, 78, 90, 77, 90, 89, 78, 79, 91, 78, 91, 90, 79, 80, 92, 79, 92, 91, 80, 81, 93, 80, 93, 92, 81, 82, 94, 81, 94, 93, 82, 83, 95, 82, 95, 94, 83, 72, 84, 83, 84, 95, 84, 85, 97, 84, 97, 96, 85, 86, 98, 85, 98, 97, 86, 87, 99, 86, 99, 98, 87, 88, 100, 87, 100, 99, 88, 89, 101, 88, 101, 100, 89, 90, 102, 89, 102, 101, 90, 91, 103, 90, 103, 102, 91, 92, 104, 91, 104, 103, 92, 93, 105, 92, 105, 104, 93, 94, 106, 93, 106, 105, 94, 95, 107, 94, 107, 106, 95, 84, 96, 95, 96, 107, 96, 97, 109, 96, 109, 108, 97, 98, 110, 97, 110, 109, 98, 99, 111, 98, 111, 110, 99, 100, 112, 99, 112, 111, 100, 101, 113, 100, 113, 112, 101, 102, 114, 101, 114, 113, 102, 103, 115, 102, 115, 114, 103, 104, 116, 103, 116, 115, 104, 105, 117, 104, 117, 116, 105, 106, 118, 105, 118, 117, 106, 107, 119, 106, 119, 118, 107, 96, 108, 107, 108, 119, 108, 109, 121, 108, 121, 120, 109, 110, 122, 109, 122, 121, 110, 111, 123, 110, 123, 122, 111, 112, 124, 111, 124, 123, 112, 113, 125, 112, 125, 124, 113, 114, 126, 113, 126, 125, 114, 115, 127, 114, 127, 126, 115, 116, 128, 115, 128, 127, 116, 117, 129, 116, 129, 128, 117, 118, 130, 117, 130, 129, 118, 119, 131, 118, 131, 130, 119, 108, 120, 119, 120, 131, 120, 121, 133, 120, 133, 132, 121, 122, 134, 121, 134, 133, 122, 123, 135, 122, 135, 134, 123, 124, 136, 123, 136, 135, 124, 125, 137, 124, 137, 136, 125, 126, 138, 125, 138, 137, 126, 127, 139, 126, 139, 138, 127, 128, 140, 127, 140, 139, 128, 129, 141, 128, 141, 140, 129, 130, 142, 129, 142, 141, 130, 131, 143, 130, 143, 142, 131, 120, 132, 131, 132, 143, 132, 133, 145, 132, 145, 144, 133, 134, 146, 133, 146, 145, 134, 135, 147, 134, 147, 146, 135, 136, 148, 135, 148, 147, 136, 137, 149, 136, 149, 148, 137, 138, 150, 137, 150, 149, 138, 139, 151, 138, 151, 150, 139, 140, 152, 139, 152, 151, 140, 141, 153, 140, 153, 152, 141, 142, 154, 141, 154, 153, 142, 143, 155, 142, 155, 154, 143, 132, 144, 143, 144, 155, 11, 10, 9, 11, 9, 8, 11, 8, 7, 11, 7, 6, 11, 6, 5, 11, 5, 4, 11, 4, 3, 11, 3, 2, 11, 2, 1, 11, 1, 0, 144, 145, 146, 144, 146, 147, 144, 147, 148, 144, 148, 149, 144, 149, 150, 144, 150, 151, 144, 151, 152, 144, 152, 153, 144, 153, 154, 144, 154, 155]
  normal3f[] normals = [(-0.9712772, 0.1901892, 0.1429989), (-0.6592496, 0.7178244, 0.2238706), (-0.2235396, 0.9083468, 0.353463), (0.0550728, 0.8919905, 0.4486869), (0.2178082, 0.8223781, 0.5255985), (0.3175692, 0.7338451, 0.6005174), (0.3735955, 0.6256101, 0.6848638), (0.3799335, 0.481989, 0.7895171), (0.2905348, 0.2638121, 0.9197786), (-0.0343105, -0.0928084, 0.9950927), (-0.596906, -0.3972079, 0.6970861), (-0.0670036, 0.6534024, 0.7540396), (-0.9988296, 0.0096614, 0.0473932), (-0.9101458, 0.3294044, -0.2512514), (-0.585169, 0.6124508, -0.5314897), (-0.0178649, 0.7338917, -0.6790315), (0.5522177, 0.5939776, -0.5850182), (0.8897957, 0.3064317, -0.3381763), (0.9987679, -0.0107296, -0.0484517), (0.9107171, -0.3271294, 0.2521522), (0.5873133, -0.6093632, 0.5326721), (0.0210705, -0.734289, 0.67851), (-0.5502861, -0.5982111, 0.5825193), (-0.8894188, -0.3105266, 0.3354213), (-0.9986012, 0.0061007, 0.0525208), (-0.9130634, 0.3247973, -0.2466209), (-0.5925922, 0.6093799, -0.5267737), (-0.028609, 0.7367172, -0.6755956), (0.5437457, 0.6018058, -0.5849534), (0.8857098, 0.3137799, -0.3421407), (0.9983632, -0.006766, -0.0567899), (0.9140251, -0.3266644, 0.240517), (0.5948905, -0.6114248, 0.5217903), (0.0305394, -0.7377974, 0.6743311), (-0.5437228, -0.6013659, 0.5854268), (-0.8864297, -0.3131825, 0.3408214), (-0.9994358, 0.003212, 0.0334317), (-0.9098662, 0.3149226, -0.2701243), (-0.5870137, 0.5960221, -0.5478801), (-0.0224396, 0.7269851, -0.6862864), (0.5497908, 0.5994413, -0.5817217), (0.8899347, 0.3159791, -0.3288973), (0.9992178, -0.0028909, -0.0394379), (0.9110101, -0.3216239, 0.2581059), (0.5882931, -0.6042006, 0.5374503), (0.02134, -0.7283647, 0.6848573), (-0.5526459, -0.592485, 0.5861263), (-0.8918115, -0.3089516, 0.3304863), (-0.9998835, 0.0011504, -0.0152174), (-0.8965928, 0.2996434, -0.3260907), (-0.5629106, 0.5723376, -0.5962896), (0.0054279, 0.7051181, -0.7090691), (0.5725994, 0.5873814, -0.571938), (0.9024799, 0.31236, -0.2965828), (0.9999955, -0.0016983, 0.0024663), (0.8998261, -0.3159157, 0.3008492), (0.5659543, -0.5914054, 0.5744), (-0.008244, -0.708357, 0.7058062), (-0.5792363, -0.5721439, 0.5806346), (-0.9065087, -0.2975369, 0.2995226), (-0.9928918, -0.0027895, -0.1189877), (-0.8572965, 0.2693938, -0.4387136), (-0.50008, 0.5266533, -0.6874273), (0.0724254, 0.664607, -0.7436747), (0.6215835, 0.5665929, -0.5409311), (0.9250292, 0.3052261, -0.2261814), (0.99653, -0.0066814, 0.0829656), (0.8706977, -0.3190107, 0.3743229), (0.512279, -0.5806898, 0.6327476), (-0.0784757, -0.6756858, 0.7330009), (-0.639196, -0.5315316, 0.5557901), (-0.9347542, -0.2737091, 0.2265346), (-0.9507097, -0.0063769, -0.3100169), (-0.7496499, 0.2255668, -0.6222095), (-0.3497756, 0.4588603, -0.8167645), (0.2206269, 0.6048099, -0.7651985), (0.7168629, 0.5388919, -0.4423834), (0.9517328, 0.3020351, -0.0545842), (0.9617336, -0.0068478, 0.2739006), (0.7757238, -0.3203601, 0.5437113), (0.360636, -0.5595925, 0.7461889), (-0.2498729, -0.6145376, 0.7482694), (-0.7576116, -0.4602764, 0.4627854), (-0.9702272, -0.2333852, 0.0647348), (-0.849611, 0.0025899, -0.5274035), (-0.5695765, 0.2049255, -0.7959825), (-0.1242144, 0.4143268, -0.9016119), (0.4243606, 0.5560219, -0.7146731), (0.8207277, 0.5083372, -0.2607668), (0.9335649, 0.2986663, 0.1981287), (0.8412286, 0.0160267, 0.540442), (0.576273, -0.2760674, 0.7692179), (0.1151306, -0.4971386, 0.8599989), (-0.4656624, -0.5427383, 0.6989947), (-0.8698551, -0.3996003, 0.2892608), (-0.9679268, -0.1961994, -0.1569189), (-0.7279638, 0.001629, -0.6856136), (-0.3964074, 0.2009075, -0.8958222), (0.0683082, 0.4015017, -0.9133074), (0.5753342, 0.5299809, -0.6229854), (0.873736, 0.4757222, -0.1013596), (0.8863226, 0.2748288, 0.3726946), (0.7161618, 0.0165065, 0.697739), (0.4023192, -0.247113, 0.8815183), (-0.0665938, -0.4579491, 0.8864806), (-0.5965183, -0.519373, 0.6118967), (-0.9105009, -0.3951023, 0.1219931), (-0.9186891, -0.1968587, -0.3424281), (-0.6323645, -0.0006687, -0.7746707), (-0.2773806, 0.2055257, -0.9385197), (0.1880001, 0.4050705, -0.8947479), (0.6578668, 0.521109, -0.5437432), (0.8904336, 0.4550642, 0.0066783), (0.8401919, 0.2565303, 0.4777759), (0.6221025, 0.0142246, 0.7828066), (0.2807443, -0.2313718, 0.9314772), (-0.1843255, -0.4380126, 0.8798688), (-0.6683668, -0.5137819, 0.5378792), (-0.9145139, -0.4045063, 0.0062488), (-0.8638816, -0.2067912, -0.4592886), (-0.584734, -0.0026495, -0.8112208), (-0.2242649, 0.2152558, -0.9504579), (0.2383593, 0.4160968, -0.877524), (0.6917281, 0.5189735, -0.5021741), (0.8962882, 0.4399084, 0.0561072), (0.8164201, 0.24372, 0.5235063), (0.5730188, 0.0164544, 0.8193771), (0.2173114, -0.2140119, 0.9523522), (-0.2420986, -0.4194197, 0.8749145), (-0.6966379, -0.5119651, 0.5025808), (-0.9066498, -0.4192064, -0.0474568), (-0.8302181, -0.2207327, -0.5118741), (-0.5907721, -0.0052465, -0.8068214), (-0.2363192, 0.2253506, -0.9451827), (0.2264923, 0.4265866, -0.8756284), (0.6892572, 0.5140956, -0.5105196), (0.9066875, 0.4200026, 0.0389295), (0.8322045, 0.2241847, 0.5071261), (0.5859792, 0.0098488, 0.8102662), (0.2254662, -0.2056381, 0.9523014), (-0.2351161, -0.4064375, 0.8829094), (-0.688157, -0.5117866, 0.5143097), (-0.8997924, -0.434566, -0.0390646), (-0.8287837, -0.2359599, -0.5073859), (0.3505978, -0.8571383, -0.3773528), (-0.19994, -0.0362153, -0.9791386), (0.3903845, -0.3576895, -0.8483267), (0.622014, -0.5769353, -0.529381), (0.6552096, -0.6847228, -0.3191474), (0.627558, -0.7558093, -0.1868776), (0.5689956, -0.8165251, -0.0976256), (0.4796572, -0.8765871, -0.0390384), (0.3438367, -0.9389392, -0.0130169), (0.1175152, -0.9922202, -0.0411013), (-0.287961, -0.938063, -0.1926557), (-0.711701, -0.4944527, -0.4989973)] (interpolation = "vertex")
  uniform token subdivisionScheme = "none"
  uniform bool doubleSided = true
  rel material:binding = </Wayfarer/Materials/Frame>
 }
 def Mesh "RightHinge" (prepend apiSchemas = ["MaterialBindingAPI"]) {
  point3f[] points = [(0.065, 0.008, 0.0402), (0.0658419, 0.008, 0.0400325), (0.0665556, 0.008, 0.0395556), (0.0670325, 0.008, 0.0388419), (0.0672, 0.008, 0.038), (0.0670325, 0.008, 0.0371581), (0.0665556, 0.008, 0.0364444), (0.0658419, 0.008, 0.0359675), (0.065, 0.008, 0.0358), (0.0641581, 0.008, 0.0359675), (0.0634444, 0.008, 0.0364444), (0.0629675, 0.008, 0.0371581), (0.0628, 0.008, 0.038), (0.0629675, 0.008, 0.0388419), (0.0634444, 0.008, 0.0395556), (0.0641581, 0.008, 0.0400325), (0.065, 0.02, 0.0402), (0.0658419, 0.02, 0.0400325), (0.0665556, 0.02, 0.0395556), (0.0670325, 0.02, 0.0388419), (0.0672, 0.02, 0.038), (0.0670325, 0.02, 0.0371581), (0.0665556, 0.02, 0.0364444), (0.0658419, 0.02, 0.0359675), (0.065, 0.02, 0.0358), (0.0641581, 0.02, 0.0359675), (0.0634444, 0.02, 0.0364444), (0.0629675, 0.02, 0.0371581), (0.0628, 0.02, 0.038), (0.0629675, 0.02, 0.0388419), (0.0634444, 0.02, 0.0395556), (0.0641581, 0.02, 0.0400325)]
  int[] faceVertexCounts = [3, 3, 3, 3, 3, 3, 3, 3, 3, 3, 3, 3, 3, 3, 3, 3, 3, 3, 3, 3, 3, 3, 3, 3, 3, 3, 3, 3, 3, 3, 3, 3, 3, 3, 3, 3, 3, 3, 3, 3, 3, 3, 3, 3, 3, 3, 3, 3, 3, 3, 3, 3, 3, 3, 3, 3, 3, 3, 3, 3]
  int[] faceVertexIndices = [0, 1, 17, 0, 17, 16, 1, 2, 18, 1, 18, 17, 2, 3, 19, 2, 19, 18, 3, 4, 20, 3, 20, 19, 4, 5, 21, 4, 21, 20, 5, 6, 22, 5, 22, 21, 6, 7, 23, 6, 23, 22, 7, 8, 24, 7, 24, 23, 8, 9, 25, 8, 25, 24, 9, 10, 26, 9, 26, 25, 10, 11, 27, 10, 27, 26, 11, 12, 28, 11, 28, 27, 12, 13, 29, 12, 29, 28, 13, 14, 30, 13, 30, 29, 14, 15, 31, 14, 31, 30, 15, 0, 16, 15, 16, 31, 15, 14, 13, 15, 13, 12, 15, 12, 11, 15, 11, 10, 15, 10, 9, 15, 9, 8, 15, 8, 7, 15, 7, 6, 15, 6, 5, 15, 5, 4, 15, 4, 3, 15, 3, 2, 15, 2, 1, 15, 1, 0, 16, 17, 18, 16, 18, 19, 16, 19, 20, 16, 20, 21, 16, 21, 22, 16, 22, 23, 16, 23, 24, 16, 24, 25, 16, 25, 26, 16, 26, 27, 16, 27, 28, 16, 28, 29, 16, 29, 30, 16, 30, 31]
  normal3f[] normals = [(0.066156, -0.0092828, 0.9977661), (0.4426855, -0.0356969, 0.8959661), (0.7502159, -0.0750721, 0.6569172), (0.9402073, -0.1210575, 0.3183634), (0.9839187, -0.166277, -0.0652379), (0.8777179, -0.2038191, -0.4336693), (0.6413595, -0.2284226, -0.7324487), (0.3115877, -0.2369621, -0.9201968), (-0.0644098, -0.2284226, -0.9714291), (-0.4336693, -0.2038191, -0.8777179), (-0.7418657, -0.166277, -0.6496054), (-0.9402073, -0.1210575, -0.3183634), (-0.9949934, -0.0750721, 0.0659722), (-0.8959661, -0.0356969, 0.4426855), (-0.6587478, -0.0092828, 0.7523065), (-0.2295642, -0.6983333, 0.6779608), (-0.0473547, 0.6983333, 0.7142045), (0.3207084, 0.0092828, 0.9471325), (0.6583563, 0.0356969, 0.7518595), (0.8940076, 0.0750721, 0.4417178), (0.9904707, 0.1210575, 0.0656723), (0.9339878, 0.166277, -0.3162575), (0.7365463, 0.2038191, -0.6449476), (0.4312567, 0.2284226, -0.8728349), (0.0642746, 0.2369621, -0.9693904), (-0.312243, 0.2284226, -0.922132), (-0.6449476, 0.2038191, -0.7365463), (-0.8840569, 0.166277, -0.4368013), (-0.9904707, 0.1210575, -0.0656723), (-0.9445005, 0.0750721, 0.3198172), (-0.7518595, 0.0356969, 0.6583563), (-0.4429487, 0.0092828, 0.8964989)] (interpolation = "vertex")
  uniform token subdivisionScheme = "none"
  uniform bool doubleSided = true
  rel material:binding = </Wayfarer/Materials/Metal>
 }
 def Mesh "RightTouchStrip" (prepend apiSchemas = ["MaterialBindingAPI"]) {
  point3f[] points = [(0.07365, 0.017, 0.022), (0.0737525, 0.0174947, 0.0219835), (0.074, 0.0176996, 0.0219767), (0.0742475, 0.0174947, 0.0219835), (0.07435, 0.017, 0.022), (0.0742475, 0.0165053, 0.0220165), (0.074, 0.0163004, 0.0220233), (0.0737525, 0.0165053, 0.0220165), (0.07365, 0.016, -0.008), (0.0737525, 0.0164947, -0.0080165), (0.074, 0.0166996, -0.0080233), (0.0742475, 0.0164947, -0.0080165), (0.07435, 0.016, -0.008), (0.0742475, 0.0155053, -0.0079835), (0.074, 0.0153004, -0.0079767), (0.0737525, 0.0155053, -0.0079835)]
  int[] faceVertexCounts = [3, 3, 3, 3, 3, 3, 3, 3, 3, 3, 3, 3, 3, 3, 3, 3, 3, 3, 3, 3, 3, 3, 3, 3, 3, 3, 3, 3]
  int[] faceVertexIndices = [0, 1, 9, 0, 9, 8, 1, 2, 10, 1, 10, 9, 2, 3, 11, 2, 11, 10, 3, 4, 12, 3, 12, 11, 4, 5, 13, 4, 13, 12, 5, 6, 14, 5, 14, 13, 6, 7, 15, 6, 15, 14, 7, 0, 8, 7, 8, 15, 7, 6, 5, 7, 5, 4, 7, 4, 3, 7, 3, 2, 7, 2, 1, 7, 1, 0, 8, 9, 10, 8, 10, 11, 8, 11, 12, 8, 12, 13, 8, 13, 14, 8, 14, 15]
  normal3f[] normals = [(-0.997623, 0.0689089, -2.43e-05), (-0.8344898, 0.5509694, -0.0077164), (0.266093, 0.9639252, -0.0065422), (0.9350404, 0.354486, 0.0062581), (0.9975381, -0.0683864, 0.0155244), (0.8344898, -0.5502603, 0.0289913), (-0.2661775, -0.9632327, 0.0364995), (-0.934583, -0.3525081, 0.0478812), (-0.9971459, -0.0698333, -0.0286945), (-0.9351897, 0.3538526, -0.0144424), (-0.2661502, 0.9627809, -0.0470854), (0.8343993, 0.5499499, -0.0365091), (0.9975056, 0.0683085, -0.0177937), (0.9350818, -0.3544136, -0.0036143), (0.2661502, -0.9637793, 0.0171333), (-0.834533, -0.5507472, 0.015239)] (interpolation = "vertex")
  uniform token subdivisionScheme = "none"
  uniform bool doubleSided = true
  rel material:binding = </Wayfarer/Materials/Seam>
 }
 def Mesh "LeftTemple" (prepend apiSchemas = ["MaterialBindingAPI"]) {
  point3f[] points = [(-0.0680389, 0.015, 0.0457365), (-0.0680455, 0.0180237, 0.0451878), (-0.0675886, 0.020587, 0.0444583), (-0.0667375, 0.0222997, 0.043659), (-0.0656219, 0.0229012, 0.0429116), (-0.0644117, 0.0222997, 0.04233), (-0.063291, 0.020587, 0.0420025), (-0.0624305, 0.0180237, 0.0419792), (-0.0619611, 0.015, 0.0422635), (-0.0619545, 0.0119763, 0.0428122), (-0.0624114, 0.009413, 0.0435417), (-0.0632625, 0.0077003, 0.044341), (-0.0643781, 0.0070988, 0.0450884), (-0.0655883, 0.0077003, 0.04567), (-0.066709, 0.009413, 0.0459975), (-0.0675695, 0.0119763, 0.0460208), (-0.0683893, 0.0148389, 0.0450336), (-0.0684547, 0.0178061, 0.0444583), (-0.0680709, 0.0203217, 0.043679), (-0.0672964, 0.0220025, 0.0428143), (-0.0662489, 0.0225927, 0.0419959), (-0.065088, 0.0220025, 0.0413484), (-0.0639904, 0.0203217, 0.0409702), (-0.0631233, 0.0178061, 0.0409191), (-0.0626185, 0.0148389, 0.0412028), (-0.0625531, 0.0118716, 0.041778), (-0.0629369, 0.0093561, 0.0425573), (-0.0637115, 0.0076752, 0.043422), (-0.0647589, 0.007085, 0.0442404), (-0.0659198, 0.0076752, 0.044888), (-0.0670174, 0.0093561, 0.0452661), (-0.0678846, 0.0118716, 0.0453172), (-0.0689478, 0.0146172, 0.044236), (-0.0690698, 0.0175285, 0.043644), (-0.0687577, 0.0199967, 0.0428268), (-0.068059, 0.0216458, 0.0419086), (-0.0670802, 0.0222249, 0.0410293), (-0.0659703, 0.0216458, 0.0403228), (-0.0648982, 0.0199967, 0.0398966), (-0.0640271, 0.0175285, 0.0398156), (-0.0634897, 0.0146172, 0.0400921), (-0.0633677, 0.0117058, 0.0406841), (-0.0636798, 0.0092377, 0.0415014), (-0.0643785, 0.0075885, 0.0424195), (-0.0653573, 0.0070094, 0.0432988), (-0.0664672, 0.0075885, 0.0440053), (-0.0675393, 0.0092377, 0.0444315), (-0.0684104, 0.0117058, 0.0445125), (-0.0698261, 0.0143525, 0.0430291), (-0.0699208, 0.0172178, 0.0424555), (-0.0695822, 0.0196468, 0.0416679), (-0.0688617, 0.0212698, 0.0407862), (-0.0678691, 0.0218398, 0.0399446), (-0.0667555, 0.0212698, 0.0392713), (-0.0656904, 0.0196468, 0.0388687), (-0.064836, 0.0172178, 0.0387982), (-0.0643223, 0.0143525, 0.0390705), (-0.0642276, 0.0114873, 0.0396441), (-0.0645663, 0.0090583, 0.0404318), (-0.0652867, 0.0074352, 0.0413135), (-0.0662793, 0.0068653, 0.042155), (-0.0673929, 0.0074352, 0.0428283), (-0.068458, 0.0090583, 0.0432309), (-0.0693124, 0.0114873, 0.0433014), (-0.0708689, 0.0140625, 0.0414231), (-0.0708908, 0.0168871, 0.0408938), (-0.0704726, 0.0192816, 0.0401808), (-0.069678, 0.0208816, 0.0393928), (-0.0686279, 0.0214435, 0.0386496), (-0.0674823, 0.0208816, 0.0380644), (-0.0664154, 0.0192816, 0.0377263), (-0.0655898, 0.0168871, 0.0376868), (-0.0651311, 0.0140625, 0.0379519), (-0.0651092, 0.0112379, 0.0384812), (-0.0655274, 0.0088434, 0.0391942), (-0.066322, 0.0072434, 0.0399822), (-0.0673721, 0.0066815, 0.0407254), (-0.0685177, 0.0072434, 0.0413106), (-0.0695846, 0.0088434, 0.0416487), (-0.0704102, 0.0112379, 0.0416882), (-0.0719314, 0.0137646, 0.0393906), (-0.0718662, 0.0165506, 0.038933), (-0.0713534, 0.0189124, 0.0383316), (-0.0704711, 0.0204905, 0.0376782), (-0.0693534, 0.0210446, 0.0370721), (-0.0681707, 0.0204905, 0.0366056), (-0.0671029, 0.0189124, 0.0363498), (-0.0663126, 0.0165506, 0.0363436), (-0.0659202, 0.0137646, 0.0365879), (-0.0659853, 0.0109787, 0.0370455), (-0.0664981, 0.0086169, 0.0376469), (-0.0673805, 0.0070388, 0.0383003), (-0.0684981, 0.0064846, 0.0389064), (-0.0696809, 0.0070388, 0.0393729), (-0.0707487, 0.0086169, 0.0396287), (-0.0715389, 0.0109787, 0.039635), (-0.0728954, 0.0134766, 0.0368954), (-0.0727527, 0.0162231, 0.0365314), (-0.0721576, 0.0185515, 0.0360662), (-0.0712008, 0.0201073, 0.0355707), (-0.0700278, 0.0206536, 0.0351204), (-0.0688173, 0.0201073, 0.0347837), (-0.0677536, 0.0185515, 0.034612), (-0.0669985, 0.0162231, 0.0346314), (-0.0666671, 0.0134766, 0.0348389), (-0.0668098, 0.01073, 0.035203), (-0.0674049, 0.0084016, 0.0356682), (-0.0683617, 0.0068458, 0.0361637), (-0.0695347, 0.0062995, 0.036614), (-0.0707452, 0.0068458, 0.0369506), (-0.0718089, 0.0084016, 0.0371223), (-0.072564, 0.01073, 0.037103), (-0.0736711, 0.0132158, 0.0338929), (-0.0734731, 0.0159205, 0.0336321), (-0.072822, 0.0182134, 0.0333106), (-0.0718167, 0.0197455, 0.0329773), (-0.0706104, 0.0202835, 0.0326831), (-0.0693867, 0.0197455, 0.0324726), (-0.0683319, 0.0182134, 0.0323779), (-0.0676065, 0.0159205, 0.0324135), (-0.0673211, 0.0132158, 0.0325739), (-0.0675191, 0.0105111, 0.0328347), (-0.0681702, 0.0082182, 0.0331562), (-0.0691755, 0.0066861, 0.0334894), (-0.0703818, 0.0061481, 0.0337837), (-0.0716055, 0.0066861, 0.0339942), (-0.0726603, 0.0082182, 0.0340889), (-0.0733856, 0.0105111, 0.0340533), (-0.0741868, 0.013, 0.0303508), (-0.0739589, 0.0156601, 0.0301906), (-0.0732805, 0.0179152, 0.0300014), (-0.072255, 0.019422, 0.0298119), (-0.0710384, 0.0199511, 0.0296511), (-0.069816, 0.019422, 0.0295435), (-0.0687738, 0.0179152, 0.0295053), (-0.0680705, 0.0156601, 0.0295424), (-0.0678132, 0.013, 0.0296492), (-0.0680411, 0.0103399, 0.0298094), (-0.0687195, 0.0080848, 0.0299986), (-0.069745, 0.006578, 0.0301881), (-0.0709616, 0.0060489, 0.0303489), (-0.072184, 0.006578, 0.0304565), (-0.0732262, 0.0080848, 0.0304947), (-0.0739295, 0.0103399, 0.0304576), (-0.0744591, 0.0128477, 0.0261454), (-0.074222, 0.0154603, 0.0260593), (-0.073539, 0.0176753, 0.0259618), (-0.0725143, 0.0191552, 0.025868), (-0.0713037, 0.0196749, 0.025792), (-0.0700917, 0.0191552, 0.0257454), (-0.0690627, 0.0176753, 0.0257354), (-0.0683734, 0.0154603, 0.0257635), (-0.0681287, 0.0128477, 0.0258253), (-0.0683659, 0.010235, 0.0259114), (-0.0690489, 0.0080201, 0.0260089), (-0.0700736, 0.0065401, 0.0261027), (-0.0712842, 0.0060204, 0.0261787), (-0.0724962, 0.0065401, 0.0262253), (-0.0735252, 0.0080201, 0.0262353), (-0.0742145, 0.010235, 0.0262072), (-0.0745773, 0.01275, 0.0212537), (-0.0743396, 0.0153136, 0.0212079), (-0.0736614, 0.017487, 0.0211601), (-0.0726457, 0.0189392, 0.0211178), (-0.0714473, 0.0194491, 0.0210872), (-0.0702486, 0.0189392, 0.0210731), (-0.0692321, 0.017487, 0.0210776), (-0.0685525, 0.0153136, 0.0211), (-0.0683134, 0.01275, 0.0211369), (-0.068551, 0.0101864, 0.0211827), (-0.0692293, 0.008013, 0.0212305), (-0.0702449, 0.0065608, 0.0212729), (-0.0714433, 0.0060509, 0.0213034), (-0.072642, 0.0065608, 0.0213175), (-0.0736585, 0.008013, 0.0213131), (-0.0743381, 0.0101864, 0.0212906), (-0.0745791, 0.0126836, 0.0158211), (-0.0743435, 0.0151977, 0.015793), (-0.0736724, 0.017329, 0.0157695), (-0.072668, 0.0187531, 0.0157543), (-0.0714833, 0.0192532, 0.0157495), (-0.0702987, 0.0187531, 0.0157559), (-0.0692943, 0.017329, 0.0157726), (-0.0686233, 0.0151977, 0.015797), (-0.0683876, 0.0126836, 0.0158254), (-0.0686233, 0.0101695, 0.0158535), (-0.0692944, 0.0080382, 0.0158769), (-0.0702988, 0.0066141, 0.0158922), (-0.0714835, 0.006114, 0.015897), (-0.0726681, 0.0066141, 0.0158906), (-0.0736725, 0.0080382, 0.0158739), (-0.0743435, 0.0101695, 0.0158495), (-0.0744963, 0.012625, 0.0100243), (-0.0742631, 0.0150893, 0.0099992), (-0.0735997, 0.0171785, 0.0099839), (-0.0726072, 0.0185744, 0.0099804), (-0.0714366, 0.0190646, 0.0099895), (-0.0702661, 0.0185744, 0.0100097), (-0.069274, 0.0171785, 0.0100379), (-0.0686112, 0.0150893, 0.0100699), (-0.0683787, 0.012625, 0.0101007), (-0.0686119, 0.0101607, 0.0101258), (-0.0692753, 0.0080715, 0.0101411), (-0.0702678, 0.0066756, 0.0101446), (-0.0714384, 0.0061854, 0.0101355), (-0.0726089, 0.0066756, 0.0101153), (-0.073601, 0.0080715, 0.0100871), (-0.0742638, 0.0101607, 0.0100551), (-0.0743586, 0.0125508, 0.004049), (-0.0741279, 0.0149652, 0.0040154), (-0.0734722, 0.0170121, 0.0039956), (-0.0724915, 0.0183797, 0.0039928), (-0.071335, 0.01886, 0.0040072), (-0.0701788, 0.0183797, 0.0040367), (-0.0691989, 0.0170121, 0.0040769), (-0.0685445, 0.0149652, 0.0041215), (-0.0683152, 0.0125508, 0.0041639), (-0.0685459, 0.0101363, 0.0041975), (-0.0692016, 0.0080895, 0.0042173), (-0.0701823, 0.0067218, 0.0042201), (-0.0713388, 0.0062416, 0.0042057), (-0.072495, 0.0067218, 0.0041762), (-0.0734749, 0.0080895, 0.004136), (-0.0741293, 0.0101363, 0.0040913), (-0.0741958, 0.0124375, -0.0019147), (-0.0739673, 0.0148018, -0.0019682), (-0.0733193, 0.0168061, -0.0020039), (-0.0723502, 0.0181453, -0.0020164), (-0.0712077, 0.0186156, -0.0020038), (-0.0700657, 0.0181453, -0.0019681), (-0.0690981, 0.0168061, -0.0019146), (-0.0684521, 0.0148018, -0.0018515), (-0.0682261, 0.0124375, -0.0017884), (-0.0684545, 0.0100732, -0.001735), (-0.0691026, 0.0080689, -0.0016993), (-0.0700717, 0.0067297, -0.0016867), (-0.0712142, 0.0062594, -0.0016993), (-0.0723562, 0.0067297, -0.0017351), (-0.0733238, 0.0080689, -0.0017886), (-0.0739698, 0.0100732, -0.0018516), (-0.0740371, 0.0122617, -0.0076739), (-0.073811, 0.0145752, -0.0077605), (-0.0731704, 0.0165364, -0.0078253), (-0.072213, 0.0178469, -0.0078586), (-0.0710844, 0.0183071, -0.0078553), (-0.0699565, 0.0178469, -0.0078159), (-0.069001, 0.0165364, -0.0077464), (-0.0683633, 0.0145752, -0.0076574), (-0.0681406, 0.0122617, -0.0075624), (-0.0683668, 0.0099483, -0.0074759), (-0.0690073, 0.007987, -0.007411), (-0.0699648, 0.0066765, -0.0073777), (-0.0710934, 0.0062164, -0.007381), (-0.0722212, 0.0066765, -0.0074204), (-0.0731767, 0.007987, -0.0074899), (-0.0738144, 0.0099483, -0.0075789), (-0.0739117, 0.012, -0.0130422), (-0.0736883, 0.0142622, -0.01316), (-0.0730556, 0.0161801, -0.0132536), (-0.07211, 0.0174615, -0.0133085), (-0.0709954, 0.0179115, -0.0133165), (-0.0698815, 0.0174615, -0.0132762), (-0.0689379, 0.0161801, -0.013194), (-0.0683082, 0.0142622, -0.0130822), (-0.0680883, 0.012, -0.0129578), (-0.0683117, 0.0097378, -0.01284), (-0.0689444, 0.0078199, -0.0127464), (-0.06989, 0.0065385, -0.0126915), (-0.0710046, 0.0060885, -0.0126835), (-0.0721185, 0.0065385, -0.0127238), (-0.0730621, 0.0078199, -0.012806), (-0.0736918, 0.0097378, -0.0129178), (-0.0738115, 0.0116982, -0.0181787), (-0.073591, 0.0139102, -0.0183052), (-0.0729664, 0.0157854, -0.0184068), (-0.0720327, 0.0170384, -0.018468), (-0.0709322, 0.0174784, -0.0184795), (-0.0698323, 0.0170384, -0.0184396), (-0.0689005, 0.0157854, -0.0183543), (-0.0682787, 0.0139102, -0.0182366), (-0.0680615, 0.0116982, -0.0181045), (-0.068282, 0.0094863, -0.017978), (-0.0689067, 0.0076111, -0.0178764), (-0.0698403, 0.0063581, -0.0178152), (-0.0709409, 0.0059181, -0.0178037), (-0.0720408, 0.0063581, -0.0178436), (-0.0729725, 0.0076111, -0.0179289), (-0.0735944, 0.0094863, -0.0180466), (-0.0737054, 0.0113984, -0.0233307), (-0.0734874, 0.0135604, -0.0234596), (-0.0728705, 0.0153932, -0.0235625), (-0.0719486, 0.0166179, -0.0236239), (-0.0708621, 0.0170479, -0.0236342), (-0.0697764, 0.0166179, -0.023592), (-0.0688567, 0.0153932, -0.0235037), (-0.0682431, 0.0135604, -0.0233827), (-0.068029, 0.0113984, -0.0232475), (-0.068247, 0.0092365, -0.0231185), (-0.0688639, 0.0074037, -0.0230156), (-0.0697857, 0.006179, -0.0229543), (-0.0708722, 0.005749, -0.0229439), (-0.071958, 0.006179, -0.0229861), (-0.0728777, 0.0074037, -0.0230744), (-0.0734913, 0.0092365, -0.0231954), (-0.0735874, 0.0110713, -0.028451), (-0.0733716, 0.0131824, -0.028595), (-0.0727621, 0.014972, -0.0287096), (-0.0718518, 0.0161679, -0.0287773), (-0.0707793, 0.0165878, -0.0287877), (-0.0697078, 0.0161679, -0.0287393), (-0.0688005, 0.014972, -0.0286395), (-0.0681954, 0.0131824, -0.0285034), (-0.0679848, 0.0110713, -0.0283518), (-0.0682007, 0.0089602, -0.0282077), (-0.0688101, 0.0071705, -0.0280931), (-0.0697204, 0.0059747, -0.0280255), (-0.070793, 0.0055548, -0.028015), (-0.0718645, 0.0059747, -0.0280634), (-0.0727718, 0.0071705, -0.0281633), (-0.0733768, 0.0089602, -0.0282993), (-0.0734518, 0.0106875, -0.0334988), (-0.0732375, 0.0127464, -0.0336706), (-0.0726349, 0.0144919, -0.0338069), (-0.0717359, 0.0156582, -0.0338869), (-0.0706773, 0.0160678, -0.0338986), (-0.0696202, 0.0156582, -0.03384), (-0.0687256, 0.0144919, -0.0337202), (-0.0681297, 0.0127464, -0.0335573), (-0.0679232, 0.0106875, -0.0333762), (-0.0681375, 0.0086286, -0.0332044), (-0.0687401, 0.0068831, -0.0330681), (-0.0696391, 0.0057168, -0.0329881), (-0.0706977, 0.0053072, -0.0329764), (-0.0717548, 0.0057168, -0.033035), (-0.0726494, 0.0068831, -0.0331548), (-0.0732453, 0.0086286, -0.0333177), (-0.0732926, 0.0102178, -0.0384335), (-0.0730788, 0.0122227, -0.0386459), (-0.0724824, 0.0139223, -0.0388142), (-0.0715942, 0.015058, -0.0389129), (-0.0705493, 0.0154568, -0.0389268), (-0.0695069, 0.015058, -0.0388539), (-0.0686256, 0.0139223, -0.0387053), (-0.0680397, 0.0122227, -0.0385035), (-0.0678383, 0.0102178, -0.0382794), (-0.068052, 0.0082129, -0.038067), (-0.0686484, 0.0065132, -0.0378986), (-0.0695367, 0.0053776, -0.0378), (-0.0705815, 0.0049788, -0.0377861), (-0.071624, 0.0053776, -0.037859), (-0.0725052, 0.0065132, -0.0380076), (-0.0730912, 0.0082129, -0.0382093), (-0.0731038, 0.0096328, -0.0432147), (-0.0728891, 0.0115806, -0.0434815), (-0.0722976, 0.0132318, -0.0436929), (-0.0714194, 0.0143351, -0.0438167), (-0.0703881, 0.0147225, -0.0438339), (-0.0693607, 0.0143351, -0.043742), (-0.0684938, 0.0132318, -0.043555), (-0.0679191, 0.0115806, -0.0433014), (-0.0677243, 0.0096328, -0.0430197), (-0.067939, 0.0076851, -0.0427528), (-0.0685305, 0.0060338, -0.0425415), (-0.0694087, 0.0049305, -0.0424177), (-0.07044, 0.0045431, -0.0424005), (-0.0714674, 0.0049305, -0.0424923), (-0.0723344, 0.0060338, -0.0426793), (-0.072909, 0.0076851, -0.042933), (-0.0728794, 0.0089033, -0.0478023), (-0.0726614, 0.010789, -0.0481388), (-0.0720729, 0.0123877, -0.0484052), (-0.0712034, 0.0134558, -0.048561), (-0.0701854, 0.0138309, -0.0485825), (-0.0691738, 0.0134558, -0.0484664), (-0.0683226, 0.0123877, -0.0482304), (-0.0677614, 0.010789, -0.0479104), (-0.0675757, 0.0089033, -0.0475551), (-0.0677937, 0.0070176, -0.0472186), (-0.0683822, 0.005419, -0.0469522), (-0.0692516, 0.0043508, -0.0467964), (-0.0702697, 0.0039757, -0.0467749), (-0.0712813, 0.0043508, -0.046891), (-0.0721325, 0.005419, -0.047127), (-0.0726937, 0.0070176, -0.047447), (-0.0726133, 0.008, -0.0521561), (-0.0723885, 0.0098162, -0.0525781), (-0.0718, 0.0113559, -0.0529121), (-0.0709375, 0.0123847, -0.0531073), (-0.0699323, 0.012746, -0.0531338), (-0.0689373, 0.0123847, -0.0529878), (-0.0681042, 0.0113559, -0.0526913), (-0.0675597, 0.0098162, -0.0522897), (-0.0673867, 0.008, -0.0518439), (-0.0676115, 0.0061838, -0.0514219), (-0.0682, 0.0046441, -0.0510879), (-0.0690625, 0.0036153, -0.0508927), (-0.0700677, 0.003254, -0.0508662), (-0.0710627, 0.0036153, -0.0510122), (-0.0718958, 0.0046441, -0.0513087), (-0.0724403, 0.0061838, -0.0517103), (-0.0722949, 0.0068691, -0.0563534), (-0.0720604, 0.0086099, -0.0568608), (-0.0714697, 0.0100857, -0.0572619), (-0.0706127, 0.0110718, -0.0574958), (-0.0696199, 0.0114181, -0.0575268), (-0.0686424, 0.0110718, -0.0573501), (-0.0678292, 0.0100857, -0.0569928), (-0.0673038, 0.0086099, -0.0565091), (-0.0671465, 0.0068691, -0.0559728), (-0.067381, 0.0051283, -0.0554654), (-0.0679717, 0.0036526, -0.0550642), (-0.0688287, 0.0026665, -0.0548304), (-0.0698215, 0.0023202, -0.0547994), (-0.070799, 0.0026665, -0.054976), (-0.0716122, 0.0036526, -0.0553334), (-0.0721376, 0.0051283, -0.0558171), (-0.0719255, 0.0055156, -0.0604631), (-0.071681, 0.0071809, -0.0610379), (-0.0710878, 0.0085927, -0.0614915), (-0.0702362, 0.009536, -0.0617549), (-0.0692559, 0.0098673, -0.061788), (-0.0682961, 0.009536, -0.0615858), (-0.0675029, 0.0085927, -0.061179), (-0.0669971, 0.0071809, -0.0606296), (-0.0668557, 0.0055156, -0.0600212), (-0.0671003, 0.0038503, -0.0594465), (-0.0676935, 0.0024386, -0.0589929), (-0.0685451, 0.0014952, -0.0587295), (-0.0695254, 0.001164, -0.0586964), (-0.0704852, 0.0014952, -0.0588986), (-0.0712783, 0.0024386, -0.0593054), (-0.0717841, 0.0038503, -0.0598548), (-0.0715169, 0.003998, -0.0644328), (-0.071263, 0.00559, -0.0650573), (-0.0706677, 0.0069396, -0.0655489), (-0.0698219, 0.0078414, -0.0658328), (-0.0688542, 0.0081581, -0.0658657), (-0.067912, 0.0078414, -0.0656427), (-0.0671387, 0.0069396, -0.0651978), (-0.066652, 0.00559, -0.0645985), (-0.0665261, 0.003998, -0.0639363), (-0.06678, 0.0024061, -0.0633118), (-0.0673752, 0.0010565, -0.0628203), (-0.0682211, 0.0001547, -0.0625364), (-0.0691887, -0.000162, -0.0625034), (-0.070131, 0.0001547, -0.0627264), (-0.0709043, 0.0010565, -0.0631714), (-0.071391, 0.0024061, -0.0637706), (-0.0710808, 0.002375, -0.0682109), (-0.0708181, 0.0038962, -0.0688713), (-0.0702214, 0.0051858, -0.0693895), (-0.0693817, 0.0060475, -0.0696867), (-0.0684268, 0.0063501, -0.0697176), (-0.0675021, 0.0060475, -0.0694774), (-0.0667483, 0.0051858, -0.0690029), (-0.0662803, 0.0038962, -0.0683661), (-0.0661692, 0.002375, -0.0676641), (-0.0664319, 0.0008538, -0.0670037), (-0.0670286, -0.0004358, -0.0664855), (-0.0678683, -0.0012975, -0.0661883), (-0.0688232, -0.0016001, -0.0661574), (-0.0697479, -0.0012975, -0.0663976), (-0.0705017, -0.0004358, -0.0668721), (-0.0709697, 0.0008538, -0.0675089), (-0.0706289, 0.0007051, -0.0717457), (-0.0703578, 0.0021581, -0.0724312), (-0.0697602, 0.0033899, -0.0729671), (-0.068927, 0.004213, -0.0732718), (-0.0679851, 0.004502, -0.0732988), (-0.0670778, 0.004213, -0.0730441), (-0.0663434, 0.0033899, -0.0725465), (-0.0658936, 0.0021581, -0.0718816), (-0.0657969, 0.0007051, -0.0711508), (-0.066068, -0.0007479, -0.0704653), (-0.0666656, -0.0019797, -0.0699294), (-0.0674988, -0.0028028, -0.0696247), (-0.0684407, -0.0030918, -0.0695977), (-0.0693479, -0.0028028, -0.0698524), (-0.0700824, -0.0019797, -0.07035), (-0.0705322, -0.0007479, -0.0710149), (-0.0701727, -0.0009531, -0.0749859), (-0.0698934, 0.0004339, -0.0756881), (-0.0692949, 0.0016098, -0.0762345), (-0.0684684, 0.0023955, -0.0765417), (-0.0675396, 0.0026714, -0.0765631), (-0.06665, 0.0023955, -0.0762954), (-0.065935, 0.0016098, -0.0757793), (-0.0655035, 0.0004339, -0.0750934), (-0.0654211, -0.0009531, -0.0743422), (-0.0657004, -0.0023402, -0.07364), (-0.0662988, -0.0035161, -0.0730937), (-0.0671254, -0.0043018, -0.0727864), (-0.0680541, -0.0045777, -0.072765), (-0.0689437, -0.0043018, -0.0730328), (-0.0696587, -0.0035161, -0.0735488), (-0.0700903, -0.0023402, -0.0742347), (-0.0697235, -0.002541, -0.0778809), (-0.0694355, -0.0012181, -0.0785933), (-0.0688358, -9.67e-05, -0.0791441), (-0.0680158, 0.0006527, -0.0794495), (-0.0671003, 0.0009158, -0.079463), (-0.0662288, 0.0006527, -0.0791826), (-0.0655338, -9.67e-05, -0.078651), (-0.0651212, -0.0012181, -0.077949), (-0.0650538, -0.002541, -0.0771835), (-0.0653419, -0.0038639, -0.0764712), (-0.0659416, -0.0049854, -0.0759204), (-0.0667616, -0.0057347, -0.0756149), (-0.067677, -0.0059978, -0.0756014), (-0.0685486, -0.0057347, -0.0758818), (-0.0692436, -0.0049854, -0.0764135), (-0.0696561, -0.0038639, -0.0771155), (-0.0692892, -0.004, -0.0804007), (-0.0689796, -0.0027577, -0.0811434), (-0.0683686, -0.0017045, -0.0817119), (-0.0675493, -0.0010007, -0.0820198), (-0.0666463, -0.0007536, -0.0820203), (-0.0657972, -0.0010007, -0.0817131), (-0.0651312, -0.0017045, -0.0811452), (-0.0647497, -0.0027577, -0.0804029), (-0.0647108, -0.004, -0.0795993), (-0.0650204, -0.0052423, -0.0788566), (-0.0656314, -0.0062955, -0.0782881), (-0.0664507, -0.0069993, -0.0779802), (-0.0673537, -0.0072464, -0.0779797), (-0.0682028, -0.0069993, -0.0782869), (-0.0688688, -0.0062955, -0.0788548), (-0.0692503, -0.0052423, -0.0795971), (-0.0688344, -0.0054141, -0.0825207), (-0.0684703, -0.0042945, -0.0833332), (-0.0678222, -0.0033455, -0.0839446), (-0.0669887, -0.0027113, -0.0842616), (-0.0660967, -0.0024886, -0.0842362), (-0.065282, -0.0027113, -0.0838721), (-0.0646687, -0.0033455, -0.0832247), (-0.06435, -0.0042945, -0.0823927), (-0.0643746, -0.0054141, -0.0815027), (-0.0647386, -0.0065336, -0.0806902), (-0.0653868, -0.0074827, -0.0800789), (-0.0662203, -0.0081168, -0.0797618), (-0.0671122, -0.0083395, -0.0797873), (-0.0679269, -0.0081168, -0.0801514), (-0.0685403, -0.0074827, -0.0807987), (-0.068859, -0.0065336, -0.0816307), (-0.068331, -0.006875, -0.0842544), (-0.0678835, -0.0059043, -0.0851283), (-0.0671765, -0.0050813, -0.0857685), (-0.0663178, -0.0045314, -0.0860777), (-0.0654381, -0.0043383, -0.0860086), (-0.0646712, -0.0045314, -0.085572), (-0.0641341, -0.0050813, -0.0848342), (-0.0639083, -0.0059043, -0.0839075), (-0.0640284, -0.006875, -0.0829331), (-0.0644759, -0.0078457, -0.0820592), (-0.0651829, -0.0086687, -0.081419), (-0.0660416, -0.0092186, -0.0811098), (-0.0669213, -0.0094117, -0.0811789), (-0.0676881, -0.0092186, -0.0816155), (-0.0682253, -0.0086687, -0.0823533), (-0.0684511, -0.0078457, -0.08328), (-0.067797, -0.0083359, -0.0856424), (-0.0672576, -0.0075059, -0.0865321), (-0.0664876, -0.0068023, -0.0871606), (-0.0656042, -0.0063322, -0.0874323), (-0.0647421, -0.0061671, -0.0873056), (-0.0640323, -0.0063322, -0.0868), (-0.063583, -0.0068023, -0.0859925), (-0.0634625, -0.0075059, -0.0850059), (-0.0636893, -0.0083359, -0.0839904), (-0.0642287, -0.0091659, -0.0831007), (-0.0649987, -0.0098696, -0.0824722), (-0.0658821, -0.0103397, -0.0822006), (-0.0667443, -0.0105048, -0.0823272), (-0.067454, -0.0103397, -0.0828328), (-0.0679034, -0.0098696, -0.0836403), (-0.0680238, -0.0091659, -0.084627), (-0.0672532, -0.00975, -0.0867364), (-0.0666286, -0.0090383, -0.0875996), (-0.0658036, -0.0084349, -0.0881811), (-0.0649039, -0.0080317, -0.0883925), (-0.0640664, -0.0078902, -0.0882016), (-0.0634185, -0.0080317, -0.0876375), (-0.0630591, -0.0084349, -0.086786), (-0.0630427, -0.0090383, -0.0857768), (-0.0633718, -0.00975, -0.0847636), (-0.0639964, -0.0104617, -0.0839004), (-0.0648214, -0.0110651, -0.0833189), (-0.0657211, -0.0114683, -0.0831075), (-0.0665586, -0.0116098, -0.0832984), (-0.0672065, -0.0114683, -0.0838625), (-0.0675659, -0.0110651, -0.084714), (-0.0675823, -0.0104617, -0.0857232), (-0.0667376, -0.0110703, -0.0875709), (-0.0660568, -0.0104433, -0.0883834), (-0.0652007, -0.0099117, -0.0889039), (-0.0642996, -0.0095565, -0.089053), (-0.0634908, -0.0094318, -0.088808), (-0.0628973, -0.0095565, -0.0882064), (-0.0626095, -0.0099117, -0.0873396), (-0.0626712, -0.0104433, -0.0863397), (-0.063073, -0.0110703, -0.0853588), (-0.0637538, -0.0116973, -0.0845463), (-0.0646099, -0.0122289, -0.0840258), (-0.0655109, -0.0125841, -0.0838767), (-0.0663198, -0.0127088, -0.0841216), (-0.0669133, -0.0125841, -0.0847233), (-0.0672011, -0.0122289, -0.0855901), (-0.0671394, -0.0116973, -0.08659), (-0.0663117, -0.01225, -0.0881638), (-0.0656305, -0.0116653, -0.0889325), (-0.0647831, -0.0111697, -0.0894119), (-0.0638986, -0.0108385, -0.0895288), (-0.0631116, -0.0107222, -0.0892655), (-0.0625419, -0.0108385, -0.088662), (-0.0622763, -0.0111697, -0.0878103), (-0.0623551, -0.0116653, -0.08684), (-0.0627665, -0.01225, -0.0858987), (-0.0634476, -0.0128347, -0.08513), (-0.064295, -0.0133303, -0.0846506), (-0.0651795, -0.0136615, -0.0845337), (-0.0659665, -0.0137778, -0.084797), (-0.0665362, -0.0136615, -0.0854005), (-0.0668018, -0.0133303, -0.0862522), (-0.066723, -0.0128347, -0.0872225), (-0.0660374, -0.0132422, -0.0885245), (-0.0654394, -0.0126421, -0.0892757), (-0.0646575, -0.0121334, -0.0897595), (-0.0638107, -0.0117935, -0.0899023), (-0.0630279, -0.0116742, -0.0896824), (-0.0624284, -0.0117935, -0.0891332), (-0.0621034, -0.0121334, -0.0883383), (-0.0621024, -0.0126421, -0.0874188), (-0.0624255, -0.0132422, -0.0865146), (-0.0630235, -0.0138422, -0.0857634), (-0.0638054, -0.0143509, -0.0852796), (-0.0646522, -0.0146908, -0.0851368), (-0.065435, -0.0148102, -0.0853567), (-0.0660345, -0.0146908, -0.0859059), (-0.0663595, -0.0143509, -0.0867008), (-0.0663605, -0.0138422, -0.0876203), (-0.0658289, -0.014, -0.088881), (-0.0653094, -0.0133833, -0.0896034), (-0.0645905, -0.0128605, -0.0900817), (-0.0637818, -0.0125112, -0.090243), (-0.0630063, -0.0123886, -0.0900629), (-0.062382, -0.0125112, -0.0895688), (-0.0620041, -0.0128605, -0.0888358), (-0.0619301, -0.0133833, -0.0879755), (-0.0621711, -0.014, -0.087119), (-0.0626906, -0.0146167, -0.0863966), (-0.0634095, -0.0151395, -0.0859183), (-0.0642182, -0.0154888, -0.085757), (-0.0649937, -0.0156114, -0.0859371), (-0.065618, -0.0154888, -0.0864312), (-0.0659959, -0.0151395, -0.0871642), (-0.0660699, -0.0146167, -0.0880245)]
  int[] faceVertexCounts = [3, 3, 3, 3, 3, 3, 3, 3, 3, 3, 3, 3, 3, 3, 3, 3, 3, 3, 3, 3, 3, 3, 3, 3, 3, 3, 3, 3, 3, 3, 3, 3, 3, 3, 3, 3, 3, 3, 3, 3, 3, 3, 3, 3, 3, 3, 3, 3, 3, 3, 3, 3, 3, 3, 3, 3, 3, 3, 3, 3, 3, 3, 3, 3, 3, 3, 3, 3, 3, 3, 3, 3, 3, 3, 3, 3, 3, 3, 3, 3, 3, 3, 3, 3, 3, 3, 3, 3, 3, 3, 3, 3, 3, 3, 3, 3, 3, 3, 3, 3, 3, 3, 3, 3, 3, 3, 3, 3, 3, 3, 3, 3, 3, 3, 3, 3, 3, 3, 3, 3, 3, 3, 3, 3, 3, 3, 3, 3, 3, 3, 3, 3, 3, 3, 3, 3, 3, 3, 3, 3, 3, 3, 3, 3, 3, 3, 3, 3, 3, 3, 3, 3, 3, 3, 3, 3, 3, 3, 3, 3, 3, 3, 3, 3, 3, 3, 3, 3, 3, 3, 3, 3, 3, 3, 3, 3, 3, 3, 3, 3, 3, 3, 3, 3, 3, 3, 3, 3, 3, 3, 3, 3, 3, 3, 3, 3, 3, 3, 3, 3, 3, 3, 3, 3, 3, 3, 3, 3, 3, 3, 3, 3, 3, 3, 3, 3, 3, 3, 3, 3, 3, 3, 3, 3, 3, 3, 3, 3, 3, 3, 3, 3, 3, 3, 3, 3, 3, 3, 3, 3, 3, 3, 3, 3, 3, 3, 3, 3, 3, 3, 3, 3, 3, 3, 3, 3, 3, 3, 3, 3, 3, 3, 3, 3, 3, 3, 3, 3, 3, 3, 3, 3, 3, 3, 3, 3, 3, 3, 3, 3, 3, 3, 3, 3, 3, 3, 3, 3, 3, 3, 3, 3, 3, 3, 3, 3, 3, 3, 3, 3, 3, 3, 3, 3, 3, 3, 3, 3, 3, 3, 3, 3, 3, 3, 3, 3, 3, 3, 3, 3, 3, 3, 3, 3, 3, 3, 3, 3, 3, 3, 3, 3, 3, 3, 3, 3, 3, 3, 3, 3, 3, 3, 3, 3, 3, 3, 3, 3, 3, 3, 3, 3, 3, 3, 3, 3, 3, 3, 3, 3, 3, 3, 3, 3, 3, 3, 3, 3, 3, 3, 3, 3, 3, 3, 3, 3, 3, 3, 3, 3, 3, 3, 3, 3, 3, 3, 3, 3, 3, 3, 3, 3, 3, 3, 3, 3, 3, 3, 3, 3, 3, 3, 3, 3, 3, 3, 3, 3, 3, 3, 3, 3, 3, 3, 3, 3, 3, 3, 3, 3, 3, 3, 3, 3, 3, 3, 3, 3, 3, 3, 3, 3, 3, 3, 3, 3, 3, 3, 3, 3, 3, 3, 3, 3, 3, 3, 3, 3, 3, 3, 3, 3, 3, 3, 3, 3, 3, 3, 3, 3, 3, 3, 3, 3, 3, 3, 3, 3, 3, 3, 3, 3, 3, 3, 3, 3, 3, 3, 3, 3, 3, 3, 3, 3, 3, 3, 3, 3, 3, 3, 3, 3, 3, 3, 3, 3, 3, 3, 3, 3, 3, 3, 3, 3, 3, 3, 3, 3, 3, 3, 3, 3, 3, 3, 3, 3, 3, 3, 3, 3, 3, 3, 3, 3, 3, 3, 3, 3, 3, 3, 3, 3, 3, 3, 3, 3, 3, 3, 3, 3, 3, 3, 3, 3, 3, 3, 3, 3, 3, 3, 3, 3, 3, 3, 3, 3, 3, 3, 3, 3, 3, 3, 3, 3, 3, 3, 3, 3, 3, 3, 3, 3, 3, 3, 3, 3, 3, 3, 3, 3, 3, 3, 3, 3, 3, 3, 3, 3, 3, 3, 3, 3, 3, 3, 3, 3, 3, 3, 3, 3, 3, 3, 3, 3, 3, 3, 3, 3, 3, 3, 3, 3, 3, 3, 3, 3, 3, 3, 3, 3, 3, 3, 3, 3, 3, 3, 3, 3, 3, 3, 3, 3, 3, 3, 3, 3, 3, 3, 3, 3, 3, 3, 3, 3, 3, 3, 3, 3, 3, 3, 3, 3, 3, 3, 3, 3, 3, 3, 3, 3, 3, 3, 3, 3, 3, 3, 3, 3, 3, 3, 3, 3, 3, 3, 3, 3, 3, 3, 3, 3, 3, 3, 3, 3, 3, 3, 3, 3, 3, 3, 3, 3, 3, 3, 3, 3, 3, 3, 3, 3, 3, 3, 3, 3, 3, 3, 3, 3, 3, 3, 3, 3, 3, 3, 3, 3, 3, 3, 3, 3, 3, 3, 3, 3, 3, 3, 3, 3, 3, 3, 3, 3, 3, 3, 3, 3, 3, 3, 3, 3, 3, 3, 3, 3, 3, 3, 3, 3, 3, 3, 3, 3, 3, 3, 3, 3, 3, 3, 3, 3, 3, 3, 3, 3, 3, 3, 3, 3, 3, 3, 3, 3, 3, 3, 3, 3, 3, 3, 3, 3, 3, 3, 3, 3, 3, 3, 3, 3, 3, 3, 3, 3, 3, 3, 3, 3, 3, 3, 3, 3, 3, 3, 3, 3, 3, 3, 3, 3, 3, 3, 3, 3, 3, 3, 3, 3, 3, 3, 3, 3, 3, 3, 3, 3, 3, 3, 3, 3, 3, 3, 3, 3, 3, 3, 3, 3, 3, 3, 3, 3, 3, 3, 3, 3, 3, 3, 3, 3, 3, 3, 3, 3, 3, 3, 3, 3, 3, 3, 3, 3, 3, 3, 3, 3, 3, 3, 3, 3, 3, 3, 3, 3, 3, 3, 3, 3, 3, 3, 3, 3, 3, 3, 3, 3, 3, 3, 3, 3, 3, 3, 3, 3, 3, 3, 3, 3, 3, 3, 3, 3, 3, 3, 3, 3, 3, 3, 3, 3, 3, 3, 3, 3, 3, 3, 3, 3, 3, 3, 3, 3, 3, 3, 3, 3, 3, 3, 3, 3, 3, 3, 3, 3, 3, 3, 3, 3, 3, 3, 3, 3, 3, 3, 3, 3, 3, 3, 3, 3, 3, 3, 3, 3, 3, 3, 3, 3, 3, 3, 3, 3, 3, 3, 3, 3, 3, 3, 3, 3, 3, 3, 3, 3, 3, 3, 3, 3, 3, 3, 3, 3, 3, 3, 3, 3, 3, 3, 3, 3, 3, 3, 3, 3, 3, 3, 3, 3, 3, 3, 3, 3, 3, 3, 3, 3, 3, 3, 3, 3, 3, 3, 3, 3, 3, 3, 3, 3, 3, 3, 3, 3, 3, 3, 3, 3, 3, 3, 3, 3, 3, 3, 3, 3, 3, 3, 3, 3, 3, 3, 3, 3, 3, 3, 3, 3, 3, 3, 3, 3, 3, 3, 3, 3, 3, 3, 3, 3, 3, 3, 3, 3, 3, 3, 3, 3, 3, 3, 3, 3, 3, 3, 3, 3, 3, 3, 3, 3, 3, 3, 3, 3, 3, 3, 3, 3, 3, 3, 3, 3, 3, 3, 3, 3, 3, 3, 3, 3, 3, 3, 3, 3, 3, 3, 3, 3, 3, 3, 3, 3, 3, 3, 3, 3, 3, 3, 3, 3, 3, 3, 3, 3, 3, 3, 3, 3, 3, 3, 3, 3, 3, 3, 3, 3, 3, 3, 3, 3, 3, 3, 3, 3, 3, 3, 3, 3, 3, 3, 3, 3, 3, 3, 3, 3, 3, 3, 3, 3, 3, 3, 3, 3, 3, 3, 3, 3, 3, 3, 3, 3, 3, 3, 3, 3, 3, 3, 3, 3, 3, 3, 3, 3, 3, 3, 3, 3, 3, 3, 3, 3, 3, 3, 3, 3, 3, 3, 3, 3, 3, 3, 3, 3, 3, 3, 3, 3, 3, 3, 3, 3, 3, 3, 3, 3, 3, 3, 3, 3, 3, 3, 3, 3, 3, 3, 3, 3, 3, 3, 3, 3, 3, 3, 3, 3, 3, 3, 3, 3, 3, 3, 3, 3, 3, 3, 3, 3, 3, 3, 3, 3, 3, 3, 3, 3, 3, 3, 3, 3, 3, 3, 3, 3, 3, 3, 3, 3, 3, 3, 3, 3, 3, 3, 3, 3, 3, 3, 3, 3, 3, 3, 3, 3, 3, 3, 3, 3, 3, 3, 3, 3, 3, 3, 3, 3, 3, 3, 3, 3, 3, 3, 3, 3, 3, 3, 3, 3, 3, 3, 3, 3]
  int[] faceVertexIndices = [0, 1, 17, 0, 17, 16, 1, 2, 18, 1, 18, 17, 2, 3, 19, 2, 19, 18, 3, 4, 20, 3, 20, 19, 4, 5, 21, 4, 21, 20, 5, 6, 22, 5, 22, 21, 6, 7, 23, 6, 23, 22, 7, 8, 24, 7, 24, 23, 8, 9, 25, 8, 25, 24, 9, 10, 26, 9, 26, 25, 10, 11, 27, 10, 27, 26, 11, 12, 28, 11, 28, 27, 12, 13, 29, 12, 29, 28, 13, 14, 30, 13, 30, 29, 14, 15, 31, 14, 31, 30, 15, 0, 16, 15, 16, 31, 16, 17, 33, 16, 33, 32, 17, 18, 34, 17, 34, 33, 18, 19, 35, 18, 35, 34, 19, 20, 36, 19, 36, 35, 20, 21, 37, 20, 37, 36, 21, 22, 38, 21, 38, 37, 22, 23, 39, 22, 39, 38, 23, 24, 40, 23, 40, 39, 24, 25, 41, 24, 41, 40, 25, 26, 42, 25, 42, 41, 26, 27, 43, 26, 43, 42, 27, 28, 44, 27, 44, 43, 28, 29, 45, 28, 45, 44, 29, 30, 46, 29, 46, 45, 30, 31, 47, 30, 47, 46, 31, 16, 32, 31, 32, 47, 32, 33, 49, 32, 49, 48, 33, 34, 50, 33, 50, 49, 34, 35, 51, 34, 51, 50, 35, 36, 52, 35, 52, 51, 36, 37, 53, 36, 53, 52, 37, 38, 54, 37, 54, 53, 38, 39, 55, 38, 55, 54, 39, 40, 56, 39, 56, 55, 40, 41, 57, 40, 57, 56, 41, 42, 58, 41, 58, 57, 42, 43, 59, 42, 59, 58, 43, 44, 60, 43, 60, 59, 44, 45, 61, 44, 61, 60, 45, 46, 62, 45, 62, 61, 46, 47, 63, 46, 63, 62, 47, 32, 48, 47, 48, 63, 48, 49, 65, 48, 65, 64, 49, 50, 66, 49, 66, 65, 50, 51, 67, 50, 67, 66, 51, 52, 68, 51, 68, 67, 52, 53, 69, 52, 69, 68, 53, 54, 70, 53, 70, 69, 54, 55, 71, 54, 71, 70, 55, 56, 72, 55, 72, 71, 56, 57, 73, 56, 73, 72, 57, 58, 74, 57, 74, 73, 58, 59, 75, 58, 75, 74, 59, 60, 76, 59, 76, 75, 60, 61, 77, 60, 77, 76, 61, 62, 78, 61, 78, 77, 62, 63, 79, 62, 79, 78, 63, 48, 64, 63, 64, 79, 64, 65, 81, 64, 81, 80, 65, 66, 82, 65, 82, 81, 66, 67, 83, 66, 83, 82, 67, 68, 84, 67, 84, 83, 68, 69, 85, 68, 85, 84, 69, 70, 86, 69, 86, 85, 70, 71, 87, 70, 87, 86, 71, 72, 88, 71, 88, 87, 72, 73, 89, 72, 89, 88, 73, 74, 90, 73, 90, 89, 74, 75, 91, 74, 91, 90, 75, 76, 92, 75, 92, 91, 76, 77, 93, 76, 93, 92, 77, 78, 94, 77, 94, 93, 78, 79, 95, 78, 95, 94, 79, 64, 80, 79, 80, 95, 80, 81, 97, 80, 97, 96, 81, 82, 98, 81, 98, 97, 82, 83, 99, 82, 99, 98, 83, 84, 100, 83, 100, 99, 84, 85, 101, 84, 101, 100, 85, 86, 102, 85, 102, 101, 86, 87, 103, 86, 103, 102, 87, 88, 104, 87, 104, 103, 88, 89, 105, 88, 105, 104, 89, 90, 106, 89, 106, 105, 90, 91, 107, 90, 107, 106, 91, 92, 108, 91, 108, 107, 92, 93, 109, 92, 109, 108, 93, 94, 110, 93, 110, 109, 94, 95, 111, 94, 111, 110, 95, 80, 96, 95, 96, 111, 96, 97, 113, 96, 113, 112, 97, 98, 114, 97, 114, 113, 98, 99, 115, 98, 115, 114, 99, 100, 116, 99, 116, 115, 100, 101, 117, 100, 117, 116, 101, 102, 118, 101, 118, 117, 102, 103, 119, 102, 119, 118, 103, 104, 120, 103, 120, 119, 104, 105, 121, 104, 121, 120, 105, 106, 122, 105, 122, 121, 106, 107, 123, 106, 123, 122, 107, 108, 124, 107, 124, 123, 108, 109, 125, 108, 125, 124, 109, 110, 126, 109, 126, 125, 110, 111, 127, 110, 127, 126, 111, 96, 112, 111, 112, 127, 112, 113, 129, 112, 129, 128, 113, 114, 130, 113, 130, 129, 114, 115, 131, 114, 131, 130, 115, 116, 132, 115, 132, 131, 116, 117, 133, 116, 133, 132, 117, 118, 134, 117, 134, 133, 118, 119, 135, 118, 135, 134, 119, 120, 136, 119, 136, 135, 120, 121, 137, 120, 137, 136, 121, 122, 138, 121, 138, 137, 122, 123, 139, 122, 139, 138, 123, 124, 140, 123, 140, 139, 124, 125, 141, 124, 141, 140, 125, 126, 142, 125, 142, 141, 126, 127, 143, 126, 143, 142, 127, 112, 128, 127, 128, 143, 128, 129, 145, 128, 145, 144, 129, 130, 146, 129, 146, 145, 130, 131, 147, 130, 147, 146, 131, 132, 148, 131, 148, 147, 132, 133, 149, 132, 149, 148, 133, 134, 150, 133, 150, 149, 134, 135, 151, 134, 151, 150, 135, 136, 152, 135, 152, 151, 136, 137, 153, 136, 153, 152, 137, 138, 154, 137, 154, 153, 138, 139, 155, 138, 155, 154, 139, 140, 156, 139, 156, 155, 140, 141, 157, 140, 157, 156, 141, 142, 158, 141, 158, 157, 142, 143, 159, 142, 159, 158, 143, 128, 144, 143, 144, 159, 144, 145, 161, 144, 161, 160, 145, 146, 162, 145, 162, 161, 146, 147, 163, 146, 163, 162, 147, 148, 164, 147, 164, 163, 148, 149, 165, 148, 165, 164, 149, 150, 166, 149, 166, 165, 150, 151, 167, 150, 167, 166, 151, 152, 168, 151, 168, 167, 152, 153, 169, 152, 169, 168, 153, 154, 170, 153, 170, 169, 154, 155, 171, 154, 171, 170, 155, 156, 172, 155, 172, 171, 156, 157, 173, 156, 173, 172, 157, 158, 174, 157, 174, 173, 158, 159, 175, 158, 175, 174, 159, 144, 160, 159, 160, 175, 160, 161, 177, 160, 177, 176, 161, 162, 178, 161, 178, 177, 162, 163, 179, 162, 179, 178, 163, 164, 180, 163, 180, 179, 164, 165, 181, 164, 181, 180, 165, 166, 182, 165, 182, 181, 166, 167, 183, 166, 183, 182, 167, 168, 184, 167, 184, 183, 168, 169, 185, 168, 185, 184, 169, 170, 186, 169, 186, 185, 170, 171, 187, 170, 187, 186, 171, 172, 188, 171, 188, 187, 172, 173, 189, 172, 189, 188, 173, 174, 190, 173, 190, 189, 174, 175, 191, 174, 191, 190, 175, 160, 176, 175, 176, 191, 176, 177, 193, 176, 193, 192, 177, 178, 194, 177, 194, 193, 178, 179, 195, 178, 195, 194, 179, 180, 196, 179, 196, 195, 180, 181, 197, 180, 197, 196, 181, 182, 198, 181, 198, 197, 182, 183, 199, 182, 199, 198, 183, 184, 200, 183, 200, 199, 184, 185, 201, 184, 201, 200, 185, 186, 202, 185, 202, 201, 186, 187, 203, 186, 203, 202, 187, 188, 204, 187, 204, 203, 188, 189, 205, 188, 205, 204, 189, 190, 206, 189, 206, 205, 190, 191, 207, 190, 207, 206, 191, 176, 192, 191, 192, 207, 192, 193, 209, 192, 209, 208, 193, 194, 210, 193, 210, 209, 194, 195, 211, 194, 211, 210, 195, 196, 212, 195, 212, 211, 196, 197, 213, 196, 213, 212, 197, 198, 214, 197, 214, 213, 198, 199, 215, 198, 215, 214, 199, 200, 216, 199, 216, 215, 200, 201, 217, 200, 217, 216, 201, 202, 218, 201, 218, 217, 202, 203, 219, 202, 219, 218, 203, 204, 220, 203, 220, 219, 204, 205, 221, 204, 221, 220, 205, 206, 222, 205, 222, 221, 206, 207, 223, 206, 223, 222, 207, 192, 208, 207, 208, 223, 208, 209, 225, 208, 225, 224, 209, 210, 226, 209, 226, 225, 210, 211, 227, 210, 227, 226, 211, 212, 228, 211, 228, 227, 212, 213, 229, 212, 229, 228, 213, 214, 230, 213, 230, 229, 214, 215, 231, 214, 231, 230, 215, 216, 232, 215, 232, 231, 216, 217, 233, 216, 233, 232, 217, 218, 234, 217, 234, 233, 218, 219, 235, 218, 235, 234, 219, 220, 236, 219, 236, 235, 220, 221, 237, 220, 237, 236, 221, 222, 238, 221, 238, 237, 222, 223, 239, 222, 239, 238, 223, 208, 224, 223, 224, 239, 224, 225, 241, 224, 241, 240, 225, 226, 242, 225, 242, 241, 226, 227, 243, 226, 243, 242, 227, 228, 244, 227, 244, 243, 228, 229, 245, 228, 245, 244, 229, 230, 246, 229, 246, 245, 230, 231, 247, 230, 247, 246, 231, 232, 248, 231, 248, 247, 232, 233, 249, 232, 249, 248, 233, 234, 250, 233, 250, 249, 234, 235, 251, 234, 251, 250, 235, 236, 252, 235, 252, 251, 236, 237, 253, 236, 253, 252, 237, 238, 254, 237, 254, 253, 238, 239, 255, 238, 255, 254, 239, 224, 240, 239, 240, 255, 240, 241, 257, 240, 257, 256, 241, 242, 258, 241, 258, 257, 242, 243, 259, 242, 259, 258, 243, 244, 260, 243, 260, 259, 244, 245, 261, 244, 261, 260, 245, 246, 262, 245, 262, 261, 246, 247, 263, 246, 263, 262, 247, 248, 264, 247, 264, 263, 248, 249, 265, 248, 265, 264, 249, 250, 266, 249, 266, 265, 250, 251, 267, 250, 267, 266, 251, 252, 268, 251, 268, 267, 252, 253, 269, 252, 269, 268, 253, 254, 270, 253, 270, 269, 254, 255, 271, 254, 271, 270, 255, 240, 256, 255, 256, 271, 256, 257, 273, 256, 273, 272, 257, 258, 274, 257, 274, 273, 258, 259, 275, 258, 275, 274, 259, 260, 276, 259, 276, 275, 260, 261, 277, 260, 277, 276, 261, 262, 278, 261, 278, 277, 262, 263, 279, 262, 279, 278, 263, 264, 280, 263, 280, 279, 264, 265, 281, 264, 281, 280, 265, 266, 282, 265, 282, 281, 266, 267, 283, 266, 283, 282, 267, 268, 284, 267, 284, 283, 268, 269, 285, 268, 285, 284, 269, 270, 286, 269, 286, 285, 270, 271, 287, 270, 287, 286, 271, 256, 272, 271, 272, 287, 272, 273, 289, 272, 289, 288, 273, 274, 290, 273, 290, 289, 274, 275, 291, 274, 291, 290, 275, 276, 292, 275, 292, 291, 276, 277, 293, 276, 293, 292, 277, 278, 294, 277, 294, 293, 278, 279, 295, 278, 295, 294, 279, 280, 296, 279, 296, 295, 280, 281, 297, 280, 297, 296, 281, 282, 298, 281, 298, 297, 282, 283, 299, 282, 299, 298, 283, 284, 300, 283, 300, 299, 284, 285, 301, 284, 301, 300, 285, 286, 302, 285, 302, 301, 286, 287, 303, 286, 303, 302, 287, 272, 288, 287, 288, 303, 288, 289, 305, 288, 305, 304, 289, 290, 306, 289, 306, 305, 290, 291, 307, 290, 307, 306, 291, 292, 308, 291, 308, 307, 292, 293, 309, 292, 309, 308, 293, 294, 310, 293, 310, 309, 294, 295, 311, 294, 311, 310, 295, 296, 312, 295, 312, 311, 296, 297, 313, 296, 313, 312, 297, 298, 314, 297, 314, 313, 298, 299, 315, 298, 315, 314, 299, 300, 316, 299, 316, 315, 300, 301, 317, 300, 317, 316, 301, 302, 318, 301, 318, 317, 302, 303, 319, 302, 319, 318, 303, 288, 304, 303, 304, 319, 304, 305, 321, 304, 321, 320, 305, 306, 322, 305, 322, 321, 306, 307, 323, 306, 323, 322, 307, 308, 324, 307, 324, 323, 308, 309, 325, 308, 325, 324, 309, 310, 326, 309, 326, 325, 310, 311, 327, 310, 327, 326, 311, 312, 328, 311, 328, 327, 312, 313, 329, 312, 329, 328, 313, 314, 330, 313, 330, 329, 314, 315, 331, 314, 331, 330, 315, 316, 332, 315, 332, 331, 316, 317, 333, 316, 333, 332, 317, 318, 334, 317, 334, 333, 318, 319, 335, 318, 335, 334, 319, 304, 320, 319, 320, 335, 320, 321, 337, 320, 337, 336, 321, 322, 338, 321, 338, 337, 322, 323, 339, 322, 339, 338, 323, 324, 340, 323, 340, 339, 324, 325, 341, 324, 341, 340, 325, 326, 342, 325, 342, 341, 326, 327, 343, 326, 343, 342, 327, 328, 344, 327, 344, 343, 328, 329, 345, 328, 345, 344, 329, 330, 346, 329, 346, 345, 330, 331, 347, 330, 347, 346, 331, 332, 348, 331, 348, 347, 332, 333, 349, 332, 349, 348, 333, 334, 350, 333, 350, 349, 334, 335, 351, 334, 351, 350, 335, 320, 336, 335, 336, 351, 336, 337, 353, 336, 353, 352, 337, 338, 354, 337, 354, 353, 338, 339, 355, 338, 355, 354, 339, 340, 356, 339, 356, 355, 340, 341, 357, 340, 357, 356, 341, 342, 358, 341, 358, 357, 342, 343, 359, 342, 359, 358, 343, 344, 360, 343, 360, 359, 344, 345, 361, 344, 361, 360, 345, 346, 362, 345, 362, 361, 346, 347, 363, 346, 363, 362, 347, 348, 364, 347, 364, 363, 348, 349, 365, 348, 365, 364, 349, 350, 366, 349, 366, 365, 350, 351, 367, 350, 367, 366, 351, 336, 352, 351, 352, 367, 352, 353, 369, 352, 369, 368, 353, 354, 370, 353, 370, 369, 354, 355, 371, 354, 371, 370, 355, 356, 372, 355, 372, 371, 356, 357, 373, 356, 373, 372, 357, 358, 374, 357, 374, 373, 358, 359, 375, 358, 375, 374, 359, 360, 376, 359, 376, 375, 360, 361, 377, 360, 377, 376, 361, 362, 378, 361, 378, 377, 362, 363, 379, 362, 379, 378, 363, 364, 380, 363, 380, 379, 364, 365, 381, 364, 381, 380, 365, 366, 382, 365, 382, 381, 366, 367, 383, 366, 383, 382, 367, 352, 368, 367, 368, 383, 368, 369, 385, 368, 385, 384, 369, 370, 386, 369, 386, 385, 370, 371, 387, 370, 387, 386, 371, 372, 388, 371, 388, 387, 372, 373, 389, 372, 389, 388, 373, 374, 390, 373, 390, 389, 374, 375, 391, 374, 391, 390, 375, 376, 392, 375, 392, 391, 376, 377, 393, 376, 393, 392, 377, 378, 394, 377, 394, 393, 378, 379, 395, 378, 395, 394, 379, 380, 396, 379, 396, 395, 380, 381, 397, 380, 397, 396, 381, 382, 398, 381, 398, 397, 382, 383, 399, 382, 399, 398, 383, 368, 384, 383, 384, 399, 384, 385, 401, 384, 401, 400, 385, 386, 402, 385, 402, 401, 386, 387, 403, 386, 403, 402, 387, 388, 404, 387, 404, 403, 388, 389, 405, 388, 405, 404, 389, 390, 406, 389, 406, 405, 390, 391, 407, 390, 407, 406, 391, 392, 408, 391, 408, 407, 392, 393, 409, 392, 409, 408, 393, 394, 410, 393, 410, 409, 394, 395, 411, 394, 411, 410, 395, 396, 412, 395, 412, 411, 396, 397, 413, 396, 413, 412, 397, 398, 414, 397, 414, 413, 398, 399, 415, 398, 415, 414, 399, 384, 400, 399, 400, 415, 400, 401, 417, 400, 417, 416, 401, 402, 418, 401, 418, 417, 402, 403, 419, 402, 419, 418, 403, 404, 420, 403, 420, 419, 404, 405, 421, 404, 421, 420, 405, 406, 422, 405, 422, 421, 406, 407, 423, 406, 423, 422, 407, 408, 424, 407, 424, 423, 408, 409, 425, 408, 425, 424, 409, 410, 426, 409, 426, 425, 410, 411, 427, 410, 427, 426, 411, 412, 428, 411, 428, 427, 412, 413, 429, 412, 429, 428, 413, 414, 430, 413, 430, 429, 414, 415, 431, 414, 431, 430, 415, 400, 416, 415, 416, 431, 416, 417, 433, 416, 433, 432, 417, 418, 434, 417, 434, 433, 418, 419, 435, 418, 435, 434, 419, 420, 436, 419, 436, 435, 420, 421, 437, 420, 437, 436, 421, 422, 438, 421, 438, 437, 422, 423, 439, 422, 439, 438, 423, 424, 440, 423, 440, 439, 424, 425, 441, 424, 441, 440, 425, 426, 442, 425, 442, 441, 426, 427, 443, 426, 443, 442, 427, 428, 444, 427, 444, 443, 428, 429, 445, 428, 445, 444, 429, 430, 446, 429, 446, 445, 430, 431, 447, 430, 447, 446, 431, 416, 432, 431, 432, 447, 432, 433, 449, 432, 449, 448, 433, 434, 450, 433, 450, 449, 434, 435, 451, 434, 451, 450, 435, 436, 452, 435, 452, 451, 436, 437, 453, 436, 453, 452, 437, 438, 454, 437, 454, 453, 438, 439, 455, 438, 455, 454, 439, 440, 456, 439, 456, 455, 440, 441, 457, 440, 457, 456, 441, 442, 458, 441, 458, 457, 442, 443, 459, 442, 459, 458, 443, 444, 460, 443, 460, 459, 444, 445, 461, 444, 461, 460, 445, 446, 462, 445, 462, 461, 446, 447, 463, 446, 463, 462, 447, 432, 448, 447, 448, 463, 448, 449, 465, 448, 465, 464, 449, 450, 466, 449, 466, 465, 450, 451, 467, 450, 467, 466, 451, 452, 468, 451, 468, 467, 452, 453, 469, 452, 469, 468, 453, 454, 470, 453, 470, 469, 454, 455, 471, 454, 471, 470, 455, 456, 472, 455, 472, 471, 456, 457, 473, 456, 473, 472, 457, 458, 474, 457, 474, 473, 458, 459, 475, 458, 475, 474, 459, 460, 476, 459, 476, 475, 460, 461, 477, 460, 477, 476, 461, 462, 478, 461, 478, 477, 462, 463, 479, 462, 479, 478, 463, 448, 464, 463, 464, 479, 464, 465, 481, 464, 481, 480, 465, 466, 482, 465, 482, 481, 466, 467, 483, 466, 483, 482, 467, 468, 484, 467, 484, 483, 468, 469, 485, 468, 485, 484, 469, 470, 486, 469, 486, 485, 470, 471, 487, 470, 487, 486, 471, 472, 488, 471, 488, 487, 472, 473, 489, 472, 489, 488, 473, 474, 490, 473, 490, 489, 474, 475, 491, 474, 491, 490, 475, 476, 492, 475, 492, 491, 476, 477, 493, 476, 493, 492, 477, 478, 494, 477, 494, 493, 478, 479, 495, 478, 495, 494, 479, 464, 480, 479, 480, 495, 480, 481, 497, 480, 497, 496, 481, 482, 498, 481, 498, 497, 482, 483, 499, 482, 499, 498, 483, 484, 500, 483, 500, 499, 484, 485, 501, 484, 501, 500, 485, 486, 502, 485, 502, 501, 486, 487, 503, 486, 503, 502, 487, 488, 504, 487, 504, 503, 488, 489, 505, 488, 505, 504, 489, 490, 506, 489, 506, 505, 490, 491, 507, 490, 507, 506, 491, 492, 508, 491, 508, 507, 492, 493, 509, 492, 509, 508, 493, 494, 510, 493, 510, 509, 494, 495, 511, 494, 511, 510, 495, 480, 496, 495, 496, 511, 496, 497, 513, 496, 513, 512, 497, 498, 514, 497, 514, 513, 498, 499, 515, 498, 515, 514, 499, 500, 516, 499, 516, 515, 500, 501, 517, 500, 517, 516, 501, 502, 518, 501, 518, 517, 502, 503, 519, 502, 519, 518, 503, 504, 520, 503, 520, 519, 504, 505, 521, 504, 521, 520, 505, 506, 522, 505, 522, 521, 506, 507, 523, 506, 523, 522, 507, 508, 524, 507, 524, 523, 508, 509, 525, 508, 525, 524, 509, 510, 526, 509, 526, 525, 510, 511, 527, 510, 527, 526, 511, 496, 512, 511, 512, 527, 512, 513, 529, 512, 529, 528, 513, 514, 530, 513, 530, 529, 514, 515, 531, 514, 531, 530, 515, 516, 532, 515, 532, 531, 516, 517, 533, 516, 533, 532, 517, 518, 534, 517, 534, 533, 518, 519, 535, 518, 535, 534, 519, 520, 536, 519, 536, 535, 520, 521, 537, 520, 537, 536, 521, 522, 538, 521, 538, 537, 522, 523, 539, 522, 539, 538, 523, 524, 540, 523, 540, 539, 524, 525, 541, 524, 541, 540, 525, 526, 542, 525, 542, 541, 526, 527, 543, 526, 543, 542, 527, 512, 528, 527, 528, 543, 528, 529, 545, 528, 545, 544, 529, 530, 546, 529, 546, 545, 530, 531, 547, 530, 547, 546, 531, 532, 548, 531, 548, 547, 532, 533, 549, 532, 549, 548, 533, 534, 550, 533, 550, 549, 534, 535, 551, 534, 551, 550, 535, 536, 552, 535, 552, 551, 536, 537, 553, 536, 553, 552, 537, 538, 554, 537, 554, 553, 538, 539, 555, 538, 555, 554, 539, 540, 556, 539, 556, 555, 540, 541, 557, 540, 557, 556, 541, 542, 558, 541, 558, 557, 542, 543, 559, 542, 559, 558, 543, 528, 544, 543, 544, 559, 544, 545, 561, 544, 561, 560, 545, 546, 562, 545, 562, 561, 546, 547, 563, 546, 563, 562, 547, 548, 564, 547, 564, 563, 548, 549, 565, 548, 565, 564, 549, 550, 566, 549, 566, 565, 550, 551, 567, 550, 567, 566, 551, 552, 568, 551, 568, 567, 552, 553, 569, 552, 569, 568, 553, 554, 570, 553, 570, 569, 554, 555, 571, 554, 571, 570, 555, 556, 572, 555, 572, 571, 556, 557, 573, 556, 573, 572, 557, 558, 574, 557, 574, 573, 558, 559, 575, 558, 575, 574, 559, 544, 560, 559, 560, 575, 560, 561, 577, 560, 577, 576, 561, 562, 578, 561, 578, 577, 562, 563, 579, 562, 579, 578, 563, 564, 580, 563, 580, 579, 564, 565, 581, 564, 581, 580, 565, 566, 582, 565, 582, 581, 566, 567, 583, 566, 583, 582, 567, 568, 584, 567, 584, 583, 568, 569, 585, 568, 585, 584, 569, 570, 586, 569, 586, 585, 570, 571, 587, 570, 587, 586, 571, 572, 588, 571, 588, 587, 572, 573, 589, 572, 589, 588, 573, 574, 590, 573, 590, 589, 574, 575, 591, 574, 591, 590, 575, 560, 576, 575, 576, 591, 576, 577, 593, 576, 593, 592, 577, 578, 594, 577, 594, 593, 578, 579, 595, 578, 595, 594, 579, 580, 596, 579, 596, 595, 580, 581, 597, 580, 597, 596, 581, 582, 598, 581, 598, 597, 582, 583, 599, 582, 599, 598, 583, 584, 600, 583, 600, 599, 584, 585, 601, 584, 601, 600, 585, 586, 602, 585, 602, 601, 586, 587, 603, 586, 603, 602, 587, 588, 604, 587, 604, 603, 588, 589, 605, 588, 605, 604, 589, 590, 606, 589, 606, 605, 590, 591, 607, 590, 607, 606, 591, 576, 592, 591, 592, 607, 592, 593, 609, 592, 609, 608, 593, 594, 610, 593, 610, 609, 594, 595, 611, 594, 611, 610, 595, 596, 612, 595, 612, 611, 596, 597, 613, 596, 613, 612, 597, 598, 614, 597, 614, 613, 598, 599, 615, 598, 615, 614, 599, 600, 616, 599, 616, 615, 600, 601, 617, 600, 617, 616, 601, 602, 618, 601, 618, 617, 602, 603, 619, 602, 619, 618, 603, 604, 620, 603, 620, 619, 604, 605, 621, 604, 621, 620, 605, 606, 622, 605, 622, 621, 606, 607, 623, 606, 623, 622, 607, 592, 608, 607, 608, 623, 608, 609, 625, 608, 625, 624, 609, 610, 626, 609, 626, 625, 610, 611, 627, 610, 627, 626, 611, 612, 628, 611, 628, 627, 612, 613, 629, 612, 629, 628, 613, 614, 630, 613, 630, 629, 614, 615, 631, 614, 631, 630, 615, 616, 632, 615, 632, 631, 616, 617, 633, 616, 633, 632, 617, 618, 634, 617, 634, 633, 618, 619, 635, 618, 635, 634, 619, 620, 636, 619, 636, 635, 620, 621, 637, 620, 637, 636, 621, 622, 638, 621, 638, 637, 622, 623, 639, 622, 639, 638, 623, 608, 624, 623, 624, 639, 624, 625, 641, 624, 641, 640, 625, 626, 642, 625, 642, 641, 626, 627, 643, 626, 643, 642, 627, 628, 644, 627, 644, 643, 628, 629, 645, 628, 645, 644, 629, 630, 646, 629, 646, 645, 630, 631, 647, 630, 647, 646, 631, 632, 648, 631, 648, 647, 632, 633, 649, 632, 649, 648, 633, 634, 650, 633, 650, 649, 634, 635, 651, 634, 651, 650, 635, 636, 652, 635, 652, 651, 636, 637, 653, 636, 653, 652, 637, 638, 654, 637, 654, 653, 638, 639, 655, 638, 655, 654, 639, 624, 640, 639, 640, 655, 15, 14, 13, 15, 13, 12, 15, 12, 11, 15, 11, 10, 15, 10, 9, 15, 9, 8, 15, 8, 7, 15, 7, 6, 15, 6, 5, 15, 5, 4, 15, 4, 3, 15, 3, 2, 15, 2, 1, 15, 1, 0, 640, 641, 642, 640, 642, 643, 640, 643, 644, 640, 644, 645, 640, 645, 646, 640, 646, 647, 640, 647, 648, 640, 648, 649, 640, 649, 650, 640, 650, 651, 640, 651, 652, 640, 652, 653, 640, 653, 654, 640, 654, 655]
  normal3f[] normals = [(-0.7718587, 0.052622, 0.6336127), (-0.3561873, 0.2595082, 0.8976559), (0.0727598, 0.338442, 0.93817), (0.3352372, 0.3380871, 0.8793823), (0.4920517, 0.3117101, 0.812848), (0.5912725, 0.2751083, 0.7580978), (0.6539602, 0.2335196, 0.7195865), (0.6898418, 0.1896049, 0.6986904), (0.7039071, 0.1446618, 0.6954047), (0.6981555, 0.098377, 0.709155), (0.6705731, 0.0477695, 0.7403039), (0.6086301, -0.0158755, 0.7932953), (0.459603, -0.1159788, 0.8805192), (0.0113876, -0.2903708, 0.9568464), (-0.6974915, -0.3301573, 0.6360045), (0.4556324, 0.1505995, 0.8773362), (-0.8552165, -0.0031092, 0.5182616), (-0.8469028, 0.1786476, 0.50084), (-0.8095616, 0.4008586, 0.4288618), (-0.660852, 0.71665, 0.2229069), (-0.1405796, 0.9595021, -0.2441169), (0.4437505, 0.6886819, -0.5734132), (0.6800823, 0.3796234, -0.6271954), (0.7745554, 0.1668049, -0.6101148), (0.8183966, -0.005096, -0.5746313), (0.8306402, -0.1788174, -0.5273151), (0.795281, -0.3985659, -0.4568079), (0.6171066, -0.7235826, -0.3092049), (0.0310767, -0.9984881, 0.0453406), (-0.5738041, -0.7338356, 0.3636401), (-0.781869, -0.4118085, 0.4680754), (-0.8421093, -0.1862492, 0.5061256), (-0.816677, 0.0020198, 0.5770916), (-0.8213258, 0.1795712, 0.5414592), (-0.794092, 0.3986969, 0.4587578), (-0.6564077, 0.7119255, 0.2495818), (-0.1589737, 0.9614668, -0.2242965), (0.4166239, 0.6991774, -0.5810125), (0.6504677, 0.3861958, -0.6540218), (0.7402004, 0.1689601, -0.6508117), (0.7786598, -0.0067771, -0.6274097), (0.7865592, -0.1840324, -0.5894546), (0.7508473, -0.4068112, -0.5203202), (0.5848027, -0.7321168, -0.3493004), (0.0428777, -0.9956591, 0.0826097), (-0.5194651, -0.7203412, 0.4596352), (-0.7213206, -0.3982429, 0.5666561), (-0.7901353, -0.1763102, 0.5870271), (-0.8269491, -0.0002913, 0.5622767), (-0.8394159, 0.1749828, 0.5145503), (-0.8157108, 0.3922695, 0.4251359), (-0.67218, 0.7055907, 0.2243119), (-0.1508498, 0.9656723, -0.2114743), (0.4505585, 0.7112053, -0.5396148), (0.6860142, 0.3946286, -0.6112714), (0.7667024, 0.1724032, -0.618421), (0.7927169, -0.0084452, -0.6095314), (0.7881446, -0.1903336, -0.5853214), (0.7424679, -0.4162739, -0.5248403), (0.5721698, -0.7404612, -0.3526174), (0.0414863, -0.9949835, 0.0910314), (-0.5091983, -0.7180217, 0.4745123), (-0.7143846, -0.3967636, 0.5763968), (-0.7912576, -0.176419, 0.5854807), (-0.865336, -0.0008777, 0.5011914), (-0.8742105, 0.175527, 0.4527099), (-0.8426857, 0.3940948, 0.3668381), (-0.6806275, 0.7091529, 0.1839793), (-0.1217339, 0.9728167, -0.196999), (0.505839, 0.7197563, -0.4754763), (0.7442211, 0.4006241, -0.5344485), (0.8211287, 0.1756449, -0.5430438), (0.8412611, -0.0078797, -0.5405716), (0.8296259, -0.1922301, -0.5241836), (0.7748023, -0.4201269, -0.4724138), (0.58833, -0.7444772, -0.3156288), (0.0294933, -0.9957557, 0.0871821), (-0.5415445, -0.7207459, 0.4327296), (-0.7532009, -0.3995112, 0.5225698), (-0.8310183, -0.178117, 0.5269562), (-0.9121141, -0.0008704, 0.4099355), (-0.9130154, 0.1781787, 0.3669539), (-0.868813, 0.3997964, 0.2921077), (-0.682669, 0.7178531, 0.1365648), (-0.0839095, 0.980696, -0.1766198), (0.5628679, 0.7253683, -0.3962583), (0.8024983, 0.4042793, -0.4388107), (0.8784117, 0.1778836, -0.4435655), (0.8973417, -0.0066279, -0.4412867), (0.8829475, -0.1920065, -0.4284124), (0.8206245, -0.4212506, -0.3861648), (0.6140448, -0.7464389, -0.2564721), (0.0140533, -0.9971332, 0.0743497), (-0.5877896, -0.7257291, 0.3575203), (-0.8068076, -0.404037, 0.4310633), (-0.8829679, -0.180519, 0.4333365), (-0.9528709, -0.0005162, 0.3033756), (-0.9457734, 0.1814827, 0.2694006), (-0.8891222, 0.4065405, 0.210206), (-0.6802053, 0.7276507, 0.0885732), (-0.0477848, 0.9877418, -0.1486025), (0.6108951, 0.7298145, -0.3068844), (0.8503541, 0.4072851, -0.3331916), (0.9256811, 0.1797598, -0.3328678), (0.9444809, -0.0054023, -0.328522), (0.9287479, -0.1914454, -0.3174524), (0.8606076, -0.4217525, -0.2854458), (0.6365316, -0.747733, -0.1890049), (0.0004344, -0.9984742, 0.0552194), (-0.6289646, -0.73086, 0.2650417), (-0.8546708, -0.4085946, 0.3202941), (-0.9289949, -0.1827937, 0.3217997), (-0.980775, -0.0001251, 0.1951419), (-0.9677824, 0.1845256, 0.1713113), (-0.9016793, 0.412622, 0.1292963), (-0.6754608, 0.7360902, 0.0438632), (-0.0200692, 0.9930798, -0.1157142), (0.644594, 0.7338979, -0.214225), (0.8835567, 0.4104168, -0.2255785), (0.9582029, 0.1816578, -0.2210152), (0.9765827, -0.0044311, -0.2150967), (0.9596391, -0.1913373, -0.2061135), (0.8872362, -0.4226629, -0.1848461), (0.6509765, -0.7490588, -0.1230468), (-0.0084194, -0.9994154, 0.0331351), (-0.6561679, -0.7353971, 0.1692181), (-0.8872189, -0.4126532, 0.2063008), (-0.9605861, -0.1847784, 0.2076808), (-0.994754, 0.0007431, 0.1022934), (-0.9782909, 0.1877246, 0.0877863), (-0.9061004, 0.4185512, 0.0616195), (-0.6682091, 0.743916, 0.009251), (-7.2e-06, 0.9966237, -0.0821052), (0.6637682, 0.73644, -0.1306439), (0.9013498, 0.4128088, -0.1309865), (0.9751909, 0.1830085, -0.1245413), (0.9929114, -0.0041331, -0.118785), (0.9748971, -0.1920508, -0.112659), (0.8998193, -0.4243528, -0.1012423), (0.6568889, -0.7507797, -0.0694752), (-0.0126371, -0.9998453, 0.0122378), (-0.6685482, -0.7386507, 0.0862463), (-0.903134, -0.4155679, 0.107946), (-0.9764476, -0.1859484, 0.1094221), (-0.9990598, 0.0011889, 0.0433382), (-0.9811563, 0.1899471, 0.0353896), (-0.9061245, 0.4225174, 0.0204332), (-0.6633488, 0.7482565, -0.0089762), (0.0060188, 0.9984298, -0.0556927), (0.6678215, 0.7405915, -0.074422), (0.9063748, 0.416693, -0.0696539), (0.9806038, 0.1854474, -0.063446), (0.9982604, -0.0030316, -0.0588809), (0.9798257, -0.1920591, -0.0552715), (0.9037338, -0.4251131, -0.050439), (0.6591271, -0.751083, -0.0377591), (-0.0102014, -0.9999448, -0.0025292), (-0.6692399, -0.742315, 0.032959), (-0.9070618, -0.4185804, 0.0450473), (-0.9812023, -0.187244, 0.0467095), (-0.9999306, 0.0009428, 0.0117442), (-0.9815385, 0.1911275, 0.0072396), (-0.9052865, 0.4247986, -0.0015949), (-0.661121, 0.7500597, -0.0181501), (0.0043211, 0.9991872, -0.0400779), (0.6651087, 0.745534, -0.0425387), (0.9062884, 0.4211925, -0.0351883), (0.9816763, 0.1882557, -0.0295217), (0.999657, -0.0017423, -0.0261297), (0.9810875, -0.1920196, -0.0244071), (0.904474, -0.425879, -0.0235336), (0.6596824, -0.751244, -0.0212505), (-0.0056645, -0.9999287, -0.0105155), (-0.6654938, -0.7463889, 0.0046563), (-0.9064887, -0.4220714, 0.0115765), (-0.9818761, -0.1890619, 0.0132287), (-0.9999737, 0.0005155, -0.0072345), (-0.9813236, 0.1920869, -0.010324), (-0.9041895, 0.4268235, -0.0162175), (-0.6591114, 0.7515994, -0.0258932), (0.0020317, 0.999442, -0.0333395), (0.6612998, 0.749708, -0.0249105), (0.9050034, 0.4251415, -0.0149551), (0.9816201, 0.1906301, -0.0090678), (0.999981, -0.0008858, -0.0061012), (0.9812816, -0.1925053, -0.0053111), (0.9040635, -0.4273485, -0.0065131), (0.6588375, -0.7522212, -0.0098191), (-0.0022005, -0.9999146, -0.0128828), (-0.6611672, -0.7501683, -0.0102683), (-0.9048965, -0.4255701, -0.0072426), (-0.9815685, -0.1910083, -0.0062601), (-0.9998225, 5.12e-05, -0.0188422), (-0.9809472, 0.1930556, -0.0217259), (-0.9029557, 0.4289084, -0.0266205), (-0.6569383, 0.7532147, -0.0331611), (-5.78e-05, 0.9994681, -0.0326125), (0.6572562, 0.7534825, -0.016684), (0.903365, 0.4288541, -0.0039842), (0.9812298, 0.1928217, 0.0028222), (0.9999813, -0.000231, 0.0061114), (0.9811244, -0.1932557, 0.0068698), (0.9032069, -0.4291758, 0.0050449), (0.6573419, -0.7535921, -0.0007308), (0.0006518, -0.9999359, -0.0113049), (-0.6567756, -0.7538946, -0.0169944), (-0.9030716, -0.4291392, -0.0173557), (-0.9810365, -0.1930279, -0.0175374), (-0.9996786, -0.0004381, -0.0253494), (-0.9805628, 0.1940505, -0.029001), (-0.9016673, 0.4310575, -0.0344306), (-0.6546129, 0.7548671, -0.0407137), (-0.0019505, 0.9993165, -0.0369143), (0.6531531, 0.7570616, -0.0157717), (0.9016346, 0.4324985, 7.2e-06), (0.9807746, 0.1949607, 0.0084551), (0.9999179, 0.0003374, 0.0128118), (0.9808664, -0.1941493, 0.014392), (0.9021554, -0.4312093, 0.0131978), (0.6554834, -0.7551736, 0.0073736), (0.0031182, -0.9999755, -0.0062694), (-0.6524326, -0.757644, -0.0175283), (-0.9012375, -0.4328088, -0.0211539), (-0.980509, -0.1951227, -0.0230035), (-0.9996164, -0.0009808, -0.0276787), (-0.980238, 0.1950338, -0.0330956), (-0.9003808, 0.4332065, -0.0405769), (-0.6522006, 0.7564407, -0.0493127), (-0.0037598, 0.9989163, -0.0463911), (0.6489818, 0.7604933, -0.0217404), (0.8998764, 0.4361389, -0.0022978), (0.9803426, 0.1971129, 0.008659), (0.999888, 0.0008925, 0.0149392), (0.9806141, -0.1950943, 0.0182841), (0.9010391, -0.4333207, 0.0190194), (0.6534707, -0.7567943, 0.0154411), (0.0054713, -0.9999819, 0.0025029), (-0.6480741, -0.7614777, -0.012315), (-0.899436, -0.4366226, -0.0193799), (-0.9800563, -0.197323, -0.0235243), (-0.9996639, -0.0016229, -0.0258741), (-0.9800301, 0.1958651, -0.0343208), (-0.8992371, 0.435069, -0.0456896), (-0.6501171, 0.7574629, -0.0599814), (-0.0062829, 0.9980391, -0.0622782), (0.6443548, 0.7638997, -0.0355549), (0.8979944, 0.4398571, -0.0114833), (0.9799305, 0.1993142, 0.0031572), (0.9999211, 0.0014476, 0.0124805), (0.9804047, -0.1960944, 0.0188049), (0.899874, -0.4355376, 0.0231013), (0.6512093, -0.7585032, 0.0244803), (0.007427, -0.9998406, 0.0162348), (-0.6438342, -0.7651649, -0.0004308), (-0.8977, -0.4404571, -0.0114999), (-0.9796963, -0.1995966, -0.0188782), (-0.9997633, -0.0013451, -0.021713), (-0.979695, 0.1977189, -0.0332421), (-0.8975398, 0.4382354, -0.0487035), (-0.6462295, 0.7600107, -0.0690744), (-0.005368, 0.9969514, -0.0778398), (0.6413925, 0.7655373, -0.0506786), (0.896619, 0.4422178, -0.022755), (0.9796977, 0.2004248, -0.0047247), (0.9999714, 0.000923, 0.0075056), (0.9799845, -0.1983672, 0.0167593), (0.8979323, -0.4394403, 0.0246938), (0.6465508, -0.7622229, 0.0314372), (0.0050262, -0.9995604, 0.0292187), (-0.6416327, -0.766909, 0.0125744), (-0.8965636, -0.442912, -0.0016278), (-0.9795466, -0.2008623, -0.0119492), (-0.9997968, -0.0007104, -0.020146), (-0.9791968, 0.2002388, -0.0328335), (-0.8953703, 0.4425267, -0.0498216), (-0.6409638, 0.7641579, -0.0723052), (-0.0019616, 0.9965402, -0.0830894), (0.6396244, 0.766647, -0.055972), (0.8955488, 0.4441537, -0.026831), (0.9795216, 0.2011947, -0.0076278), (0.9999843, 2.97e-05, 0.0056032), (0.9794445, -0.2010913, 0.0158372), (0.8957376, -0.4438814, 0.024969), (0.6414575, -0.7664284, 0.0334642), (0.0023128, -0.9994423, 0.0333134), (-0.6394029, -0.768683, 0.0170398), (-0.895349, -0.4453611, 0.0019419), (-0.9793438, -0.2019848, -0.0093756), (-0.9997579, -0.0008881, -0.0219862), (-0.9787561, 0.2019641, -0.0353138), (-0.8935535, 0.4458279, -0.0529104), (-0.6371591, 0.7670055, -0.0757021), (-0.0018331, 0.9963229, -0.0856583), (0.6359736, 0.7696016, -0.0570168), (0.8938156, 0.4476472, -0.0265652), (0.9791236, 0.2031629, -0.0064604), (0.9999725, 0.0001657, 0.0074099), (0.9790589, -0.2027664, 0.0181508), (0.8940976, -0.4470134, 0.0277203), (0.638225, -0.7689859, 0.0364632), (0.0032922, -0.9993562, 0.0357255), (-0.6351722, -0.7721609, 0.0179951), (-0.89344, -0.4491796, 0.0016557), (-0.9788925, -0.2041048, -0.0105249), (-0.9996818, -0.0010068, -0.025203), (-0.9782013, 0.2036867, -0.0404228), (-0.8915249, 0.4489738, -0.06005), (-0.6331737, 0.7693501, -0.0848027), (-0.0019542, 0.9955189, -0.094543), (0.6320307, 0.7724423, -0.0622096), (0.8919738, 0.4512142, -0.0280799), (0.9787045, 0.2052034, -0.005388), (0.9999453, 0.0003254, 0.010454), (0.9786015, -0.2044803, 0.0229561), (0.892246, -0.4502413, 0.0343492), (0.6345081, -0.7716103, 0.0449121), (0.0035571, -0.9990213, 0.0440886), (-0.6312504, -0.7752454, 0.0227491), (-0.8916086, -0.4527977, 0.0029001), (-0.9784563, -0.2061192, -0.0117556), (-0.9995523, -0.0011747, -0.0298983), (-0.9774984, 0.2053098, -0.0484225), (-0.8891901, 0.4518911, -0.071662), (-0.6287155, 0.7711596, -0.1001478), (-0.0016867, 0.9939044, -0.1102325), (0.6281941, 0.7747295, -0.0718778), (0.8901614, 0.4545543, -0.031512), (0.9782992, 0.2071506, -0.0043992), (0.9998896, 0.0004407, 0.0148541), (0.9780334, -0.2062102, 0.0304641), (0.8901524, -0.4534187, 0.0451686), (0.6304281, -0.7739847, 0.059229), (0.003571, -0.9982586, 0.058881), (-0.6273566, -0.7780851, 0.0317389), (-0.8897698, -0.4563711, 0.0059289), (-0.9780098, -0.2081532, -0.0130018), (-0.9993408, -0.001397, -0.0362772), (-0.9765713, 0.2067433, -0.0597142), (-0.8864152, 0.4543841, -0.0883361), (-0.62359, 0.7721004, -0.1224602), (-0.000823, 0.9910619, -0.1334004), (0.624601, 0.7761391, -0.0864965), (0.8884448, 0.457484, -0.0370701), (0.9779258, 0.2089233, -0.0034798), (0.9997835, 0.0005078, 0.0208036), (0.9772918, -0.2078875, 0.0410307), (0.8877065, -0.4563913, 0.0606968), (0.625825, -0.7758428, 0.0800688), (0.003151, -0.9967284, 0.0807622), (-0.6236228, -0.7804018, 0.0454704), (-0.8879891, -0.4597331, 0.0109879), (-0.9775691, -0.2101316, -0.0142584), (-0.9990012, -0.0016826, -0.0446516), (-0.9752942, 0.2078274, -0.0748934), (-0.8829814, 0.4561098, -0.1109403), (-0.6174784, 0.7716023, -0.1528084), (0.0009855, 0.9862847, -0.1650501), (0.6214895, 0.7761166, -0.1067419), (0.8869412, 0.4596819, -0.0450321), (0.9776173, 0.2103753, -0.0025878), (0.9995909, 0.0005155, 0.0285981), (0.9762725, -0.209397, 0.055181), (0.8847267, -0.4588953, 0.0816933), (0.6204334, -0.7767313, 0.1084017), (0.0019897, -0.9938492, 0.1107244), (-0.6202766, -0.7817118, 0.0646804), (-0.8863827, -0.4625867, 0.0184224), (-0.9771639, -0.2119186, -0.0155323), (-0.9984579, -0.0020609, -0.0554765), (-0.9734664, 0.2082735, -0.0947914), (-0.8785468, 0.4564749, -0.1406635), (-0.6098952, 0.7687112, -0.1926421), (0.0042659, 0.9784297, -0.2065362), (0.6192353, 0.7737736, -0.1334989), (0.8858413, 0.4606289, -0.055734), (0.9774265, 0.2112693, -0.001623), (0.9992514, 0.0004472, 0.038685), (0.974803, -0.210549, 0.0736762), (0.8809108, -0.4605028, 0.1092396), (0.6137993, -0.7759201, 0.1455967), (-0.000451, -0.9886629, 0.1501515), (-0.6177074, -0.7811998, 0.0903577), (-0.8851452, -0.4644309, 0.0286697), (-0.9768427, -0.2132927, -0.0168679), (-0.9976135, -0.0021852, -0.0690104), (-0.9707424, 0.2080498, -0.1198934), (-0.872432, 0.4550961, -0.1781851), (-0.599571, 0.7626196, -0.2427468), (0.0108629, 0.9659518, -0.2584941), (0.6190782, 0.7673192, -0.1672227), (0.8857074, 0.4590346, -0.0693512), (0.9775349, 0.2107735, -0.0003782), (0.9986614, -0.0002108, 0.051723), (0.9724504, -0.2116411, 0.0977147), (0.8752553, -0.461363, 0.1451632), (0.6037069, -0.7732385, 0.1940109), (-0.0075159, -0.9795369, 0.2011243), (-0.6178167, -0.7765279, 0.1237211), (-0.8849693, -0.4637284, 0.042252), (-0.9767905, -0.2134208, -0.0182149), (-0.9965428, -0.0025116, -0.0830427), (-0.9673734, 0.2068451, -0.1463001), (-0.8651677, 0.4517374, -0.217757), (-0.5876772, 0.7532408, -0.2954044), (0.0189504, 0.9495538, -0.313031), (0.6199812, 0.7578353, -0.2032461), (0.8861616, 0.4556537, -0.0842458), (0.9778238, 0.2094279, 0.0007742), (0.9978305, -0.0009618, 0.0658279), (0.9693561, -0.2120621, 0.1240101), (0.8682223, -0.4605668, 0.184576), (0.5916399, -0.7674831, 0.2468438), (-0.0163067, -0.9664516, 0.2563306), (-0.6188818, -0.7689645, 0.1602466), (-0.8852664, -0.4615139, 0.0575182), (-0.9768667, -0.2129934, -0.019114), (-0.9953942, -0.0033423, -0.0958078), (-0.9638515, 0.2050326, -0.1701527), (-0.8576834, 0.4475011, -0.2532231), (-0.5758332, 0.7426266, -0.3419384), (0.0263866, 0.9322823, -0.360768), (0.6204747, 0.7480896, -0.2353148), (0.8864914, 0.4523192, -0.0976743), (0.9780565, 0.208331, 0.0018919), (0.9968935, -0.0012425, 0.0787514), (0.966078, -0.2116746, 0.147943), (0.8610778, -0.4583858, 0.2200626), (0.5802951, -0.7596628, 0.2935472), (-0.022937, -0.9522318, 0.3045136), (-0.6186177, -0.7617343, 0.1925435), (-0.885145, -0.4598519, 0.0710955), (-0.9768302, -0.2130741, -0.0200542), (-0.9941688, -0.0041464, -0.107755), (-0.9601277, 0.203392, -0.1917981), (-0.8498046, 0.4435395, -0.2847891), (-0.5635101, 0.7323254, -0.3823033), (0.0340309, 0.9153551, -0.4012068), (0.6209086, 0.7385652, -0.2626669), (0.8867553, 0.449193, -0.1090446), (0.978257, 0.2073697, 0.0033284), (0.9958857, -0.0014992, 0.0906063), (0.9626195, -0.2113726, 0.1693677), (0.8536072, -0.4563568, 0.2511837), (0.5686484, -0.7520072, 0.3333529), (-0.029525, -0.9383142, 0.3445209), (-0.6181684, -0.7547952, 0.2194358), (-0.8849183, -0.4584423, 0.0821603), (-0.9767513, -0.2132829, -0.0216168), (-0.9928447, -0.0049786, -0.1193091), (-0.9561821, 0.2019038, -0.2120156), (-0.8415283, 0.4398631, -0.313609), (-0.5507897, 0.7223924, -0.4180669), (0.0416839, 0.8989561, -0.4360508), (0.6211345, 0.7295165, -0.2863523), (0.8868844, 0.4464687, -0.118751), (0.9784021, 0.2066471, 0.0051272), (0.9948071, -0.0017286, 0.1017634), (0.9589903, -0.2112666, 0.1889549), (0.8458195, -0.4547242, 0.2789539), (0.5566899, -0.744904, 0.3677151), (-0.0361199, -0.9251012, 0.3779989), (-0.6175329, -0.7484053, 0.241956), (-0.8845558, -0.4574478, 0.0911187), (-0.9766037, -0.2137203, -0.0238507), (-0.9913717, -0.0059091, -0.1309475), (-0.9519298, 0.2004926, -0.2315868), (-0.8327321, 0.436373, -0.3407871), (-0.5375405, 0.7127035, -0.4506706), (0.0494527, 0.8829832, -0.4667923), (0.6212111, 0.7209027, -0.3072393), (0.8868974, 0.444148, -0.127065), (0.9784892, 0.2061652, 0.0074082), (0.9936365, -0.0019596, 0.112617), (0.9551502, -0.2114337, 0.2073254), (0.8376613, -0.4536182, 0.3042269), (0.5443869, -0.7385279, 0.3977679), (-0.0427102, -0.9127959, 0.4061767), (-0.6166892, -0.7427411, 0.2608259), (-0.884036, -0.4569911, 0.0981811), (-0.9763592, -0.2144718, -0.0269192), (-0.9896537, -0.007029, -0.1433043), (-0.9471967, 0.1990066, -0.2514256), (-0.8231623, 0.4328291, -0.3675091), (-0.5234716, 0.7029283, -0.4815281), (0.0575914, 0.8671175, -0.494763), (0.6212949, 0.7125387, -0.3260081), (0.8868579, 0.4421593, -0.1340831), (0.9785184, 0.2058951, 0.0104343), (0.9923231, -0.0022283, 0.1236523), (0.9510016, -0.2119417, 0.2251149), (0.8289982, -0.4531359, 0.3277648), (0.5316096, -0.7329829, 0.4244141), (-0.0493854, -0.9015001, 0.429952), (-0.6156942, -0.7378858, 0.2764871), (-0.8833749, -0.4571312, 0.1033434), (-0.975985, -0.2155971, -0.0311633), (-0.9873857, -0.0077894, -0.1581415), (-0.9411457, 0.1976735, -0.2741715), (-0.8113132, 0.4292248, -0.3969094), (-0.5062526, 0.6928999, -0.513418), (0.0686715, 0.8508206, -0.5209496), (0.6227819, 0.7038056, -0.3417607), (0.8872213, 0.44011, -0.1383529), (0.9785506, 0.2054297, 0.0154035), (0.9907859, -0.0031559, 0.1354004), (0.9464635, -0.2136418, 0.2420001), (0.819944, -0.4541617, 0.3484666), (0.5190432, -0.7289189, 0.4463983), (-0.055224, -0.8917622, 0.4491218), (-0.6145979, -0.7338301, 0.2894181), (-0.8829547, -0.4571748, 0.1066875), (-0.9756118, -0.2163011, -0.0373562), (-0.9823958, -0.0087295, -0.1866071), (-0.9291162, 0.1918617, -0.3161203), (-0.7900689, 0.4169364, -0.4493943), (-0.4767021, 0.6705468, -0.5684384), (0.0918293, 0.8215211, -0.5627348), (0.6316677, 0.6860003, -0.3611087), (0.890516, 0.4336188, -0.137681), (0.9786841, 0.2032106, 0.0297124), (0.9873863, -0.0046882, 0.1582606), (0.9383536, -0.2154001, 0.2703615), (0.805501, -0.4541719, 0.380652), (0.499198, -0.7211956, 0.4802898), (-0.0698015, -0.8746347, 0.479731), (-0.6209391, -0.7203292, 0.3091285), (-0.8864931, -0.4495008, 0.1099046), (-0.9757479, -0.2129502, -0.0506775), (-0.9708697, -0.011357, -0.2393388), (-0.9039972, 0.1743049, -0.3903932), (-0.749623, 0.3829087, -0.5398576), (-0.4236924, 0.6175909, -0.6626207), (0.1374, 0.7602824, -0.6348952), (0.6557966, 0.6451198, -0.3921112), (0.9004978, 0.4145166, -0.1314519), (0.9786795, 0.1959563, 0.0615433), (0.9783086, -0.0062355, 0.2070588), (0.9191528, -0.2133326, 0.3311303), (0.7734532, -0.4456626, 0.4507273), (0.4536542, -0.6968966, 0.5554575), (-0.1144386, -0.8302969, 0.5454456), (-0.6486772, -0.6777753, 0.3461769), (-0.8996506, -0.4217454, 0.1129582), (-0.9765623, -0.2006859, -0.0777902), (-0.9509526, -0.0149025, -0.3089775), (-0.864052, 0.1487453, -0.4809251), (-0.6883932, 0.3334462, -0.6441494), (-0.3461052, 0.5423401, -0.7655576), (0.205886, 0.6747611, -0.7087372), (0.6951859, 0.5849561, -0.4177834), (0.9164657, 0.3836562, -0.1135721), (0.9768597, 0.1832937, 0.11022), (0.9608119, -0.0081978, 0.2770798), (0.885183, -0.2070391, 0.4166365), (0.7199788, -0.4271628, 0.5469575), (0.3811161, -0.6546842, 0.6527934), (-0.1847777, -0.7617791, 0.6209265), (-0.6925887, -0.6135768, 0.3792682), (-0.9191356, -0.3800077, 0.1038451), (-0.9758212, -0.182181, -0.1207607), (-0.9224014, -0.0182597, -0.3858008), (-0.8116948, 0.1229601, -0.5709924), (-0.611252, 0.2827726, -0.7391959), (-0.2508351, 0.4649773, -0.8490452), (0.2897259, 0.586107, -0.7566621), (0.7431898, 0.5203749, -0.4205698), (0.9337599, 0.3491741, -0.0785491), (0.9706469, 0.168515, 0.171602), (0.934322, -0.0107935, 0.3562667), (0.8382541, -0.1997373, 0.5073806), (0.650618, -0.4058828, 0.6418375), (0.2931428, -0.6091068, 0.7369234), (-0.2646101, -0.6928287, 0.670798), (-0.7399495, -0.5515046, 0.3851201), (-0.9376653, -0.339795, 0.0729599), (-0.9702136, -0.1639822, -0.1783124), (-0.8873494, -0.021122, -0.4606136), (-0.7527572, 0.1024159, -0.6502827), (-0.5278728, 0.2407885, -0.814476), (-0.1512282, 0.3982836, -0.90471), (0.3748292, 0.506645, -0.776411), (0.7905575, 0.4596053, -0.4046996), (0.9484276, 0.3151712, -0.0339436), (0.9592471, 0.1538659, 0.2370025), (0.899928, -0.0117626, 0.4358799), (0.7811714, -0.1887375, 0.5951046), (0.5703931, -0.3804647, 0.7279412), (0.1973555, -0.5636625, 0.8020819), (-0.3446079, -0.6331623, 0.6930735), (-0.7823321, -0.5036962, 0.3663969), (-0.9500528, -0.3110002, 0.0260481), (-0.9582284, -0.1512, -0.2427691), (-0.855277, -0.0236932, -0.5176291), (-0.7028496, 0.0943428, -0.7050545), (-0.458795, 0.2200248, -0.8608695), (-0.0698914, 0.3558866, -0.931912), (0.4423264, 0.4450428, -0.7786426), (0.8278797, 0.404008, -0.3890922), (0.9602656, 0.279086, -0.0009849), (0.9482675, 0.1368994, 0.2864388), (0.8667805, -0.01108, 0.4985667), (0.7260567, -0.1714698, 0.6659127), (0.4948178, -0.3484045, 0.7960965), (0.1127144, -0.5206292, 0.84631), (-0.4056841, -0.5930457, 0.6954978), (-0.8064231, -0.485533, 0.3375491), (-0.9512488, -0.3077464, -0.0204443), (-0.9425176, -0.1518989, -0.2976362), (-0.8446135, -0.0287829, -0.5346022), (-0.688909, 0.1044845, -0.7172778), (-0.4371149, 0.2318676, -0.869004), (-0.0407588, 0.3485559, -0.9364013), (0.4661893, 0.4051641, -0.7864538), (0.8433208, 0.3505526, -0.4073364), (0.9716996, 0.2357557, -0.0148046), (0.9507049, 0.1134439, 0.2886011), (0.8551103, -0.0118318, 0.5183111), (0.6985608, -0.151376, 0.6993555), (0.454045, -0.3150414, 0.8334219), (0.0711706, -0.4884046, 0.8697101), (-0.4221368, -0.5834575, 0.693814), (-0.7976018, -0.5096342, 0.3226519), (-0.9382094, -0.3436793, -0.0405909), (-0.9314486, -0.1764321, -0.3182376), (-0.8650565, -0.0365451, -0.5003416), (-0.7205903, 0.1263347, -0.6817545), (-0.4730197, 0.272383, -0.8378901), (-0.0750218, 0.3839224, -0.9203126), (0.4339388, 0.4104934, -0.8019927), (0.8228451, 0.3300156, -0.4626182), (0.9742395, 0.2084027, -0.0861723), (0.9704989, 0.0892197, 0.2239905), (0.8830508, -0.0305445, 0.4682822), (0.7294462, -0.1663218, 0.6635098), (0.487303, -0.3307275, 0.8081802), (0.1115432, -0.5113411, 0.8521082), (-0.370712, -0.6216534, 0.6900143), (-0.7525, -0.5644392, 0.3393407), (-0.9169883, -0.3987065, -0.0128663), (-0.9340359, -0.2131063, -0.2866402), (0.1742514, -0.8166518, -0.5501966), (-0.7341308, 0.013255, -0.6788787), (-0.3553284, -0.1488579, -0.9228126), (0.0889108, -0.3993892, -0.9124599), (0.3375444, -0.5482046, -0.7652029), (0.4528115, -0.6262377, -0.6346559), (0.5115615, -0.6768671, -0.5292974), (0.5403934, -0.7195711, -0.4361106), (0.5433832, -0.7639696, -0.3479729), (0.5150823, -0.8154729, -0.2639966), (0.4440147, -0.8761799, -0.1875095), (0.3108976, -0.942203, -0.1248844), (0.0841324, -0.9926871, -0.0865679), (-0.2673574, -0.9593166, -0.0907284), (-0.6702355, -0.7254352, -0.1566145), (-0.8963532, -0.3483585, -0.2742212)] (interpolation = "vertex")
  uniform token subdivisionScheme = "none"
  uniform bool doubleSided = true
  rel material:binding = </Wayfarer/Materials/Frame>
 }
 def Mesh "LeftNosePad" (prepend apiSchemas = ["MaterialBindingAPI"]) {
  point3f[] points = [(-0.0144977, 0.004, 0.0458926), (-0.0141189, 0.0050919, 0.0448796), (-0.0131724, 0.0058913, 0.0441667), (-0.0119117, 0.0061839, 0.0439451), (-0.0106747, 0.0058913, 0.044274), (-0.0097928, 0.0050919, 0.0450655), (-0.0095023, 0.004, 0.0461074), (-0.0098811, 0.0029081, 0.0471204), (-0.0108276, 0.0021087, 0.0478333), (-0.0120883, 0.0018161, 0.0480549), (-0.0133253, 0.0021087, 0.047726), (-0.0142072, 0.0029081, 0.0469345), (-0.0144613, 0.0032384, 0.0450508), (-0.0140694, 0.0043406, 0.044054), (-0.0131137, 0.0051475, 0.0433621), (-0.0118503, 0.0054429, 0.0431606), (-0.0106177, 0.0051475, 0.0435034), (-0.0097462, 0.0043406, 0.0442987), (-0.0094693, 0.0032384, 0.0453334), (-0.0098612, 0.0021362, 0.0463303), (-0.0108169, 0.0013293, 0.0470222), (-0.0120803, 0.001034, 0.0472237), (-0.0133129, 0.0013293, 0.0468809), (-0.0141844, 0.0021362, 0.0460856), (-0.0143843, 0.0021852, 0.0438848), (-0.0139882, 0.0032908, 0.0428933), (-0.0130297, 0.0041001, 0.0422083), (-0.0117654, 0.0043963, 0.0420133), (-0.0105343, 0.0041001, 0.0423605), (-0.0096661, 0.0032908, 0.043157), (-0.0093935, 0.0021852, 0.0441892), (-0.0097896, 0.0010796, 0.0451807), (-0.0107481, 0.0002703, 0.0458658), (-0.0120123, -2.59e-05, 0.0460608), (-0.0132435, 0.0002703, 0.0457136), (-0.0141117, 0.0010796, 0.0449171), (-0.0143104, 0.0009375, 0.0425862), (-0.013934, 0.0020276, 0.0415703), (-0.0129892, 0.0028257, 0.0408537), (-0.011729, 0.0031178, 0.0406285), (-0.0104912, 0.0028257, 0.040955), (-0.0096075, 0.0020276, 0.0417457), (-0.0093146, 0.0009375, 0.0427888), (-0.009691, -0.0001526, 0.0438047), (-0.0106358, -0.0009507, 0.0445213), (-0.011896, -0.0012428, 0.0447465), (-0.0131338, -0.0009507, 0.04442), (-0.0140175, -0.0001526, 0.0436293), (-0.0142777, -0.0004074, 0.0413093), (-0.0139483, 0.0006496, 0.0402433), (-0.0130373, 0.0014234, 0.0394594), (-0.0117888, 0.0017066, 0.0391677), (-0.0105374, 0.0014234, 0.0394464), (-0.0096183, 0.0006496, 0.0402207), (-0.0092778, -0.0004074, 0.0412833), (-0.0096072, -0.0014644, 0.0423493), (-0.0105182, -0.0022382, 0.0431332), (-0.0117667, -0.0025214, 0.0434249), (-0.0130182, -0.0022382, 0.0431462), (-0.0139373, -0.0014644, 0.0423718), (-0.0143148, -0.0017523, 0.040257), (-0.0140893, -0.0007552, 0.0391094), (-0.0132575, -2.52e-05, 0.0382047), (-0.0120423, 0.000242, 0.0377855), (-0.0107692, -2.52e-05, 0.0379639), (-0.0097793, -0.0007552, 0.0386923), (-0.009338, -0.0017523, 0.0397754), (-0.0095635, -0.0027495, 0.040923), (-0.0103952, -0.0034794, 0.0418277), (-0.0116105, -0.0037466, 0.0422469), (-0.0128836, -0.0034794, 0.0420685), (-0.0138734, -0.0027495, 0.0413401), (-0.0143946, -0.003, 0.0397184), (-0.0144193, -0.0021033, 0.0384704), (-0.0137957, -0.0014468, 0.0373643), (-0.012691, -0.0012066, 0.0366965), (-0.0114012, -0.0014468, 0.0366459), (-0.0102718, -0.0021033, 0.0372261), (-0.0096054, -0.003, 0.0382816), (-0.0095807, -0.0038967, 0.0395296), (-0.0102043, -0.0045532, 0.0406357), (-0.011309, -0.0047934, 0.0413035), (-0.0125988, -0.0045532, 0.0413541), (-0.0137282, -0.0038967, 0.0407739), (-0.0144748, -0.0042477, 0.0395688), (-0.0148657, -0.0034373, 0.0383227), (-0.0145854, -0.002844, 0.0370528), (-0.0137091, -0.0026268, 0.0360994), (-0.0124717, -0.002844, 0.0357179), (-0.0112046, -0.0034373, 0.0360105), (-0.0102474, -0.0042477, 0.0368988), (-0.0098566, -0.0050581, 0.0381449), (-0.0101368, -0.0056514, 0.0394147), (-0.0110131, -0.0058685, 0.0403682), (-0.0122505, -0.0056514, 0.0407497), (-0.0135176, -0.0050581, 0.0404571), (-0.0146813, -0.0055926, 0.0393354), (-0.0153349, -0.0048139, 0.0381827), (-0.0153331, -0.0042439, 0.0368719), (-0.0146764, -0.0040352, 0.0357542), (-0.0135407, -0.0042439, 0.0351291), (-0.0122304, -0.0048139, 0.0351641), (-0.0110965, -0.0055926, 0.0358498), (-0.0104429, -0.0063713, 0.0370025), (-0.0104447, -0.0069413, 0.0383133), (-0.0111014, -0.0071499, 0.0394309), (-0.0122371, -0.0069413, 0.040056), (-0.0135474, -0.0063713, 0.0400211), (-0.0150472, -0.0069375, 0.0390262), (-0.0158502, -0.0061656, 0.0379672), (-0.0160234, -0.0056005, 0.0366657), (-0.0155205, -0.0053937, 0.0354706), (-0.0144762, -0.0056005, 0.034702), (-0.0131704, -0.0061656, 0.0345659), (-0.0119528, -0.0069375, 0.0350988), (-0.0111498, -0.0077094, 0.0361578), (-0.0109766, -0.0082745, 0.0374593), (-0.0114795, -0.0084813, 0.0386544), (-0.0125238, -0.0082745, 0.039423), (-0.0138296, -0.0077094, 0.0395591), (-0.0155267, -0.0081852, 0.0386902), (-0.016397, -0.007413, 0.037686), (-0.0166548, -0.0068476, 0.0363987), (-0.016231, -0.0066407, 0.0351733), (-0.0152391, -0.0068476, 0.0343381), (-0.0139451, -0.007413, 0.0341169), (-0.0126955, -0.0081852, 0.034569), (-0.0118252, -0.0089574, 0.0355733), (-0.0115675, -0.0095227, 0.0368605), (-0.0119913, -0.0097297, 0.0380859), (-0.0129831, -0.0095227, 0.0389211), (-0.0142771, -0.0089574, 0.0391423), (-0.0160839, -0.0092384, 0.0383202), (-0.0169398, -0.0084665, 0.0373034), (-0.0171792, -0.0079014, 0.0360125), (-0.0167379, -0.0076945, 0.0347933), (-0.0157342, -0.0079014, 0.0339725), (-0.0144369, -0.0084665, 0.03377), (-0.0131938, -0.0092384, 0.03424), (-0.0123379, -0.0100104, 0.0352567), (-0.0120986, -0.0105755, 0.0365477), (-0.0125399, -0.0107823, 0.0377669), (-0.0135436, -0.0105755, 0.0385877), (-0.0148408, -0.0100104, 0.0387902), (-0.0165322, -0.01, 0.0379754), (-0.0173433, -0.0092282, 0.0369225), (-0.0175264, -0.0086632, 0.0356223), (-0.0170326, -0.0084564, 0.0344234), (-0.0159942, -0.0086632, 0.0336469), (-0.0146894, -0.0092282, 0.0335009), (-0.0134678, -0.01, 0.0340246), (-0.0126567, -0.0107718, 0.0350775), (-0.0124736, -0.0113368, 0.0363777), (-0.0129674, -0.0115436, 0.0375766), (-0.0140058, -0.0113368, 0.0383531), (-0.0153106, -0.0107718, 0.0384991)]
  int[] faceVertexCounts = [3, 3, 3, 3, 3, 3, 3, 3, 3, 3, 3, 3, 3, 3, 3, 3, 3, 3, 3, 3, 3, 3, 3, 3, 3, 3, 3, 3, 3, 3, 3, 3, 3, 3, 3, 3, 3, 3, 3, 3, 3, 3, 3, 3, 3, 3, 3, 3, 3, 3, 3, 3, 3, 3, 3, 3, 3, 3, 3, 3, 3, 3, 3, 3, 3, 3, 3, 3, 3, 3, 3, 3, 3, 3, 3, 3, 3, 3, 3, 3, 3, 3, 3, 3, 3, 3, 3, 3, 3, 3, 3, 3, 3, 3, 3, 3, 3, 3, 3, 3, 3, 3, 3, 3, 3, 3, 3, 3, 3, 3, 3, 3, 3, 3, 3, 3, 3, 3, 3, 3, 3, 3, 3, 3, 3, 3, 3, 3, 3, 3, 3, 3, 3, 3, 3, 3, 3, 3, 3, 3, 3, 3, 3, 3, 3, 3, 3, 3, 3, 3, 3, 3, 3, 3, 3, 3, 3, 3, 3, 3, 3, 3, 3, 3, 3, 3, 3, 3, 3, 3, 3, 3, 3, 3, 3, 3, 3, 3, 3, 3, 3, 3, 3, 3, 3, 3, 3, 3, 3, 3, 3, 3, 3, 3, 3, 3, 3, 3, 3, 3, 3, 3, 3, 3, 3, 3, 3, 3, 3, 3, 3, 3, 3, 3, 3, 3, 3, 3, 3, 3, 3, 3, 3, 3, 3, 3, 3, 3, 3, 3, 3, 3, 3, 3, 3, 3, 3, 3, 3, 3, 3, 3, 3, 3, 3, 3, 3, 3, 3, 3, 3, 3, 3, 3, 3, 3, 3, 3, 3, 3, 3, 3, 3, 3, 3, 3, 3, 3, 3, 3, 3, 3, 3, 3, 3, 3, 3, 3, 3, 3, 3, 3, 3, 3, 3, 3, 3, 3, 3, 3, 3, 3, 3, 3, 3, 3, 3, 3, 3, 3, 3, 3, 3, 3, 3, 3, 3, 3]
  int[] faceVertexIndices = [0, 1, 13, 0, 13, 12, 1, 2, 14, 1, 14, 13, 2, 3, 15, 2, 15, 14, 3, 4, 16, 3, 16, 15, 4, 5, 17, 4, 17, 16, 5, 6, 18, 5, 18, 17, 6, 7, 19, 6, 19, 18, 7, 8, 20, 7, 20, 19, 8, 9, 21, 8, 21, 20, 9, 10, 22, 9, 22, 21, 10, 11, 23, 10, 23, 22, 11, 0, 12, 11, 12, 23, 12, 13, 25, 12, 25, 24, 13, 14, 26, 13, 26, 25, 14, 15, 27, 14, 27, 26, 15, 16, 28, 15, 28, 27, 16, 17, 29, 16, 29, 28, 17, 18, 30, 17, 30, 29, 18, 19, 31, 18, 31, 30, 19, 20, 32, 19, 32, 31, 20, 21, 33, 20, 33, 32, 21, 22, 34, 21, 34, 33, 22, 23, 35, 22, 35, 34, 23, 12, 24, 23, 24, 35, 24, 25, 37, 24, 37, 36, 25, 26, 38, 25, 38, 37, 26, 27, 39, 26, 39, 38, 27, 28, 40, 27, 40, 39, 28, 29, 41, 28, 41, 40, 29, 30, 42, 29, 42, 41, 30, 31, 43, 30, 43, 42, 31, 32, 44, 31, 44, 43, 32, 33, 45, 32, 45, 44, 33, 34, 46, 33, 46, 45, 34, 35, 47, 34, 47, 46, 35, 24, 36, 35, 36, 47, 36, 37, 49, 36, 49, 48, 37, 38, 50, 37, 50, 49, 38, 39, 51, 38, 51, 50, 39, 40, 52, 39, 52, 51, 40, 41, 53, 40, 53, 52, 41, 42, 54, 41, 54, 53, 42, 43, 55, 42, 55, 54, 43, 44, 56, 43, 56, 55, 44, 45, 57, 44, 57, 56, 45, 46, 58, 45, 58, 57, 46, 47, 59, 46, 59, 58, 47, 36, 48, 47, 48, 59, 48, 49, 61, 48, 61, 60, 49, 50, 62, 49, 62, 61, 50, 51, 63, 50, 63, 62, 51, 52, 64, 51, 64, 63, 52, 53, 65, 52, 65, 64, 53, 54, 66, 53, 66, 65, 54, 55, 67, 54, 67, 66, 55, 56, 68, 55, 68, 67, 56, 57, 69, 56, 69, 68, 57, 58, 70, 57, 70, 69, 58, 59, 71, 58, 71, 70, 59, 48, 60, 59, 60, 71, 60, 61, 73, 60, 73, 72, 61, 62, 74, 61, 74, 73, 62, 63, 75, 62, 75, 74, 63, 64, 76, 63, 76, 75, 64, 65, 77, 64, 77, 76, 65, 66, 78, 65, 78, 77, 66, 67, 79, 66, 79, 78, 67, 68, 80, 67, 80, 79, 68, 69, 81, 68, 81, 80, 69, 70, 82, 69, 82, 81, 70, 71, 83, 70, 83, 82, 71, 60, 72, 71, 72, 83, 72, 73, 85, 72, 85, 84, 73, 74, 86, 73, 86, 85, 74, 75, 87, 74, 87, 86, 75, 76, 88, 75, 88, 87, 76, 77, 89, 76, 89, 88, 77, 78, 90, 77, 90, 89, 78, 79, 91, 78, 91, 90, 79, 80, 92, 79, 92, 91, 80, 81, 93, 80, 93, 92, 81, 82, 94, 81, 94, 93, 82, 83, 95, 82, 95, 94, 83, 72, 84, 83, 84, 95, 84, 85, 97, 84, 97, 96, 85, 86, 98, 85, 98, 97, 86, 87, 99, 86, 99, 98, 87, 88, 100, 87, 100, 99, 88, 89, 101, 88, 101, 100, 89, 90, 102, 89, 102, 101, 90, 91, 103, 90, 103, 102, 91, 92, 104, 91, 104, 103, 92, 93, 105, 92, 105, 104, 93, 94, 106, 93, 106, 105, 94, 95, 107, 94, 107, 106, 95, 84, 96, 95, 96, 107, 96, 97, 109, 96, 109, 108, 97, 98, 110, 97, 110, 109, 98, 99, 111, 98, 111, 110, 99, 100, 112, 99, 112, 111, 100, 101, 113, 100, 113, 112, 101, 102, 114, 101, 114, 113, 102, 103, 115, 102, 115, 114, 103, 104, 116, 103, 116, 115, 104, 105, 117, 104, 117, 116, 105, 106, 118, 105, 118, 117, 106, 107, 119, 106, 119, 118, 107, 96, 108, 107, 108, 119, 108, 109, 121, 108, 121, 120, 109, 110, 122, 109, 122, 121, 110, 111, 123, 110, 123, 122, 111, 112, 124, 111, 124, 123, 112, 113, 125, 112, 125, 124, 113, 114, 126, 113, 126, 125, 114, 115, 127, 114, 127, 126, 115, 116, 128, 115, 128, 127, 116, 117, 129, 116, 129, 128, 117, 118, 130, 117, 130, 129, 118, 119, 131, 118, 131, 130, 119, 108, 120, 119, 120, 131, 120, 121, 133, 120, 133, 132, 121, 122, 134, 121, 134, 133, 122, 123, 135, 122, 135, 134, 123, 124, 136, 123, 136, 135, 124, 125, 137, 124, 137, 136, 125, 126, 138, 125, 138, 137, 126, 127, 139, 126, 139, 138, 127, 128, 140, 127, 140, 139, 128, 129, 141, 128, 141, 140, 129, 130, 142, 129, 142, 141, 130, 131, 143, 130, 143, 142, 131, 120, 132, 131, 132, 143, 132, 133, 145, 132, 145, 144, 133, 134, 146, 133, 146, 145, 134, 135, 147, 134, 147, 146, 135, 136, 148, 135, 148, 147, 136, 137, 149, 136, 149, 148, 137, 138, 150, 137, 150, 149, 138, 139, 151, 138, 151, 150, 139, 140, 152, 139, 152, 151, 140, 141, 153, 140, 153, 152, 141, 142, 154, 141, 154, 153, 142, 143, 155, 142, 155, 154, 143, 132, 144, 143, 144, 155, 11, 10, 9, 11, 9, 8, 11, 8, 7, 11, 7, 6, 11, 6, 5, 11, 5, 4, 11, 4, 3, 11, 3, 2, 11, 2, 1, 11, 1, 0, 144, 145, 146, 144, 146, 147, 144, 147, 148, 144, 148, 149, 144, 149, 150, 144, 150, 151, 144, 151, 152, 144, 152, 153, 144, 153, 154, 144, 154, 155]
  normal3f[] normals = [(-0.9815997, 0.1855029, 0.0452848), (-0.6854351, 0.7134088, 0.1456933), (-0.25431, 0.9110042, 0.3246502), (0.0176045, 0.890682, 0.4542859), (0.1674439, 0.8187443, 0.5491996), (0.2542476, 0.7320888, 0.6319843), (0.3007554, 0.6277444, 0.7179716), (0.3009795, 0.4867006, 0.8200816), (0.2053131, 0.2663996, 0.9417419), (-0.1257343, -0.0966666, 0.9873431), (-0.660225, -0.3957103, 0.6383701), (-0.1356666, 0.6524687, 0.745573), (-0.9979893, 0.0089568, -0.0627469), (-0.8774013, 0.3264737, -0.3515422), (-0.5242533, 0.6100686, -0.5941168), (0.0560364, 0.7355735, -0.6751234), (0.6132498, 0.5988627, -0.5150614), (0.9217818, 0.3107266, -0.2318776), (0.9978041, -0.0094752, 0.0655527), (0.876558, -0.3291075, 0.3511898), (0.5234929, -0.6123939, 0.5923925), (-0.0554739, -0.7350552, 0.6757341), (-0.6119191, -0.5963905, 0.5194935), (-0.9210768, -0.308903, 0.2370579), (-0.998094, 0.002832, -0.0616471), (-0.8798692, 0.3236625, -0.3479551), (-0.5295501, 0.6095847, -0.589901), (0.0486207, 0.7371363, -0.6739927), (0.6073766, 0.6026764, -0.5175661), (0.919062, 0.3166622, -0.2346275), (0.997913, -0.0012827, 0.0645595), (0.8799195, -0.3196854, 0.3514867), (0.5313247, -0.6055849, 0.5924196), (-0.0450127, -0.7364186, 0.675027), (-0.6046309, -0.6048583, 0.5182354), (-0.9182218, -0.3179769, 0.2361343), (-0.9992135, -9.9e-06, -0.0396523), (-0.8880667, 0.3188735, -0.3311453), (-0.5444932, 0.6011839, -0.5848975), (0.0299394, 0.72607, -0.6869686), (0.5923818, 0.5937418, -0.5445681), (0.9120717, 0.3135276, -0.2642453), (0.9991718, 0.0029047, 0.0405865), (0.8892792, -0.3085684, 0.3375916), (0.5484672, -0.5911538, 0.591372), (-0.0245927, -0.7258355, 0.6874286), (-0.5894723, -0.6016083, 0.5390639), (-0.9115686, -0.3190781, 0.2592911), (-0.999946, -0.0031752, 0.0098905), (-0.9040487, 0.3106532, -0.2935823), (-0.5742553, 0.5847877, -0.5729347), (-0.0069409, 0.7030447, -0.7111118), (0.5617294, 0.5735826, -0.5962072), (0.8962379, 0.3044879, -0.3225597), (0.999927, 0.0081522, -0.0089238), (0.90679, -0.2896013, 0.3063706), (0.5818911, -0.5642539, 0.5856793), (0.016414, -0.703368, 0.7106364), (-0.5570904, -0.591526, 0.5828785), (-0.8958096, -0.3177715, 0.3107193), (-0.9940657, -0.0077061, 0.1085082), (-0.9297212, 0.301964, -0.2107988), (-0.6311398, 0.5600903, -0.5366203), (-0.0838565, 0.6608262, -0.7458397), (0.4923164, 0.5322395, -0.6887276), (0.8552869, 0.2833989, -0.433785), (0.9940396, 0.0158112, -0.1078671), (0.9372926, -0.2535456, 0.2391592), (0.6474017, -0.5125921, 0.5640216), (0.1005861, -0.6641622, 0.7407908), (-0.4866951, -0.580455, 0.6528399), (-0.8569667, -0.3213366, 0.402928), (-0.9556925, -0.0014056, 0.2943636), (-0.9531112, 0.2994546, -0.0436571), (-0.7267061, 0.526707, -0.4409965), (-0.2372441, 0.5935707, -0.7690183), (0.3366631, 0.4605796, -0.8212944), (0.7470605, 0.2386444, -0.620443), (0.9545083, 0.0118918, -0.297947), (0.9731221, -0.2140867, 0.0848538), (0.7565292, -0.4412267, 0.4826827), (0.2544088, -0.5967038, 0.7610655), (-0.3450036, -0.548288, 0.7618089), (-0.7623211, -0.3130451, 0.5664533), (-0.8495921, 0.0101368, 0.5273429), (-0.939452, 0.2898683, 0.1827738), (-0.8257168, 0.4936836, -0.2728887), (-0.4360253, 0.5395141, -0.7202822), (0.1088361, 0.4046074, -0.907991), (0.5611056, 0.2005574, -0.8030798), (0.8488843, -0.0004749, -0.5285785), (0.9688155, -0.1992573, -0.1472853), (0.8631375, -0.3999593, 0.3082634), (0.449893, -0.5364253, 0.7140337), (-0.1285774, -0.4909417, 0.861652), (-0.585974, -0.2773984, 0.7613702), (-0.7249342, 0.0052127, 0.6887984), (-0.8944488, 0.2632579, 0.3614646), (-0.8794838, 0.4631005, -0.1097553), (-0.5850969, 0.517179, -0.6246499), (-0.0834924, 0.3921349, -0.9161109), (0.384221, 0.1934336, -0.90275), (0.7221098, -0.0054938, -0.6917567), (0.9172326, -0.2026496, -0.3429541), (0.9089684, -0.3968123, 0.1277355), (0.593188, -0.5167243, 0.6173524), (0.0630636, -0.4582634, 0.8865764), (-0.4083034, -0.2546101, 0.8766197), (-0.6266097, 0.0013104, 0.7793321), (-0.8459149, 0.2441147, 0.4741688), (-0.8960318, 0.4439465, 0.0062072), (-0.6681881, 0.5120779, -0.539723), (-0.2040864, 0.3988804, -0.894004), (0.2624028, 0.1999064, -0.9440245), (0.6221421, -0.0063176, -0.7828788), (0.8588432, -0.2108986, -0.4668084), (0.9141136, -0.4054578, 0.000546), (0.6720554, -0.5137207, 0.5333222), (0.1883413, -0.4425349, 0.8767499), (-0.2810606, -0.241623, 0.9287752), (-0.5751296, -0.0026609, 0.818058), (-0.8200711, 0.2262276, 0.5256467), (-0.9020782, 0.4267098, 0.0646038), (-0.7057507, 0.5116016, -0.4900813), (-0.2604222, 0.4122238, -0.8730703), (0.2015487, 0.2104347, -0.9566062), (0.5656998, -0.0083608, -0.8245689), (0.8178189, -0.2247647, -0.529767), (0.9044869, -0.4211174, -0.0675547), (0.7047079, -0.5166332, 0.4862889), (0.2505307, -0.4309688, 0.8668911), (-0.2149451, -0.2310595, 0.9488994), (-0.5745732, -0.0076028, 0.8184179), (-0.8252887, 0.2088519, 0.5246709), (-0.9095376, 0.4101695, 0.067099), (-0.7090077, 0.5147657, -0.4820004), (-0.2554592, 0.4350966, -0.8633838), (0.2091032, 0.2340023, -0.9494834), (0.5683462, 0.0016865, -0.8227878), (0.8138939, -0.2298133, -0.5336315), (0.8991372, -0.4314322, -0.0736115), (0.7051102, -0.5181009, 0.4841394), (0.256643, -0.421525, 0.869742), (-0.2092088, -0.2233951, 0.9520117), (-0.4566391, -0.8578429, -0.2357674), (-0.8841499, -0.0307252, 0.466192), (-0.9302587, -0.3392011, -0.1398621), (-0.678034, -0.571116, -0.4627056), (-0.4779899, -0.6886066, -0.545295), (-0.3494162, -0.7625916, -0.5443917), (-0.2596518, -0.820576, -0.5091522), (-0.1877714, -0.8749868, -0.4462511), (-0.1235173, -0.9336468, -0.3362247), (-0.0712017, -0.9908071, -0.1150284), (-0.0821807, -0.9308393, 0.3560681), (-0.2613116, -0.4465332, 0.8557595)] (interpolation = "vertex")
  uniform token subdivisionScheme = "none"
  uniform bool doubleSided = true
  rel material:binding = </Wayfarer/Materials/Frame>
 }
 def Mesh "LeftHinge" (prepend apiSchemas = ["MaterialBindingAPI"]) {
  point3f[] points = [(-0.065, 0.008, 0.0402), (-0.0641581, 0.008, 0.0400325), (-0.0634444, 0.008, 0.0395556), (-0.0629675, 0.008, 0.0388419), (-0.0628, 0.008, 0.038), (-0.0629675, 0.008, 0.0371581), (-0.0634444, 0.008, 0.0364444), (-0.0641581, 0.008, 0.0359675), (-0.065, 0.008, 0.0358), (-0.0658419, 0.008, 0.0359675), (-0.0665556, 0.008, 0.0364444), (-0.0670325, 0.008, 0.0371581), (-0.0672, 0.008, 0.038), (-0.0670325, 0.008, 0.0388419), (-0.0665556, 0.008, 0.0395556), (-0.0658419, 0.008, 0.0400325), (-0.065, 0.02, 0.0402), (-0.0641581, 0.02, 0.0400325), (-0.0634444, 0.02, 0.0395556), (-0.0629675, 0.02, 0.0388419), (-0.0628, 0.02, 0.038), (-0.0629675, 0.02, 0.0371581), (-0.0634444, 0.02, 0.0364444), (-0.0641581, 0.02, 0.0359675), (-0.065, 0.02, 0.0358), (-0.0658419, 0.02, 0.0359675), (-0.0665556, 0.02, 0.0364444), (-0.0670325, 0.02, 0.0371581), (-0.0672, 0.02, 0.038), (-0.0670325, 0.02, 0.0388419), (-0.0665556, 0.02, 0.0395556), (-0.0658419, 0.02, 0.0400325)]
  int[] faceVertexCounts = [3, 3, 3, 3, 3, 3, 3, 3, 3, 3, 3, 3, 3, 3, 3, 3, 3, 3, 3, 3, 3, 3, 3, 3, 3, 3, 3, 3, 3, 3, 3, 3, 3, 3, 3, 3, 3, 3, 3, 3, 3, 3, 3, 3, 3, 3, 3, 3, 3, 3, 3, 3, 3, 3, 3, 3, 3, 3, 3, 3]
  int[] faceVertexIndices = [0, 1, 17, 0, 17, 16, 1, 2, 18, 1, 18, 17, 2, 3, 19, 2, 19, 18, 3, 4, 20, 3, 20, 19, 4, 5, 21, 4, 21, 20, 5, 6, 22, 5, 22, 21, 6, 7, 23, 6, 23, 22, 7, 8, 24, 7, 24, 23, 8, 9, 25, 8, 25, 24, 9, 10, 26, 9, 26, 25, 10, 11, 27, 10, 27, 26, 11, 12, 28, 11, 28, 27, 12, 13, 29, 12, 29, 28, 13, 14, 30, 13, 30, 29, 14, 15, 31, 14, 31, 30, 15, 0, 16, 15, 16, 31, 15, 14, 13, 15, 13, 12, 15, 12, 11, 15, 11, 10, 15, 10, 9, 15, 9, 8, 15, 8, 7, 15, 7, 6, 15, 6, 5, 15, 5, 4, 15, 4, 3, 15, 3, 2, 15, 2, 1, 15, 1, 0, 16, 17, 18, 16, 18, 19, 16, 19, 20, 16, 20, 21, 16, 21, 22, 16, 22, 23, 16, 23, 24, 16, 24, 25, 16, 25, 26, 16, 26, 27, 16, 27, 28, 16, 28, 29, 16, 29, 30, 16, 30, 31]
  normal3f[] normals = [(0.066156, -0.0092828, 0.9977661), (0.4426855, -0.0356969, 0.8959661), (0.7502159, -0.0750721, 0.6569172), (0.9402073, -0.1210575, 0.3183634), (0.9839187, -0.166277, -0.0652379), (0.8777179, -0.2038191, -0.4336693), (0.6413595, -0.2284226, -0.7324487), (0.3115877, -0.2369621, -0.9201968), (-0.0644098, -0.2284226, -0.9714291), (-0.4336693, -0.2038191, -0.8777179), (-0.7418657, -0.166277, -0.6496054), (-0.9402073, -0.1210575, -0.3183634), (-0.9949934, -0.0750721, 0.0659722), (-0.8959661, -0.0356969, 0.4426855), (-0.6587478, -0.0092828, 0.7523065), (-0.2295642, -0.6983333, 0.6779608), (-0.0473547, 0.6983333, 0.7142045), (0.3207084, 0.0092828, 0.9471325), (0.6583563, 0.0356969, 0.7518595), (0.8940076, 0.0750721, 0.4417178), (0.9904707, 0.1210575, 0.0656723), (0.9339878, 0.166277, -0.3162575), (0.7365463, 0.2038191, -0.6449476), (0.4312567, 0.2284226, -0.8728349), (0.0642746, 0.2369621, -0.9693904), (-0.312243, 0.2284226, -0.922132), (-0.6449476, 0.2038191, -0.7365463), (-0.8840569, 0.166277, -0.4368013), (-0.9904707, 0.1210575, -0.0656723), (-0.9445005, 0.0750721, 0.3198172), (-0.7518595, 0.0356969, 0.6583563), (-0.4429487, 0.0092828, 0.8964989)] (interpolation = "vertex")
  uniform token subdivisionScheme = "none"
  uniform bool doubleSided = true
  rel material:binding = </Wayfarer/Materials/Metal>
 }
 def Mesh "LeftTouchStrip" (prepend apiSchemas = ["MaterialBindingAPI"]) {
  point3f[] points = [(-0.07435, 0.017, 0.022), (-0.0742475, 0.0174947, 0.0219835), (-0.074, 0.0176996, 0.0219767), (-0.0737525, 0.0174947, 0.0219835), (-0.07365, 0.017, 0.022), (-0.0737525, 0.0165053, 0.0220165), (-0.074, 0.0163004, 0.0220233), (-0.0742475, 0.0165053, 0.0220165), (-0.07435, 0.016, -0.008), (-0.0742475, 0.0164947, -0.0080165), (-0.074, 0.0166996, -0.0080233), (-0.0737525, 0.0164947, -0.0080165), (-0.07365, 0.016, -0.008), (-0.0737525, 0.0155053, -0.0079835), (-0.074, 0.0153004, -0.0079767), (-0.0742475, 0.0155053, -0.0079835)]
  int[] faceVertexCounts = [3, 3, 3, 3, 3, 3, 3, 3, 3, 3, 3, 3, 3, 3, 3, 3, 3, 3, 3, 3, 3, 3, 3, 3, 3, 3, 3, 3]
  int[] faceVertexIndices = [0, 1, 9, 0, 9, 8, 1, 2, 10, 1, 10, 9, 2, 3, 11, 2, 11, 10, 3, 4, 12, 3, 12, 11, 4, 5, 13, 4, 13, 12, 5, 6, 14, 5, 14, 13, 6, 7, 15, 6, 15, 14, 7, 0, 8, 7, 8, 15, 7, 6, 5, 7, 5, 4, 7, 4, 3, 7, 3, 2, 7, 2, 1, 7, 1, 0, 8, 9, 10, 8, 10, 11, 8, 11, 12, 8, 12, 13, 8, 13, 14, 8, 14, 15]
  normal3f[] normals = [(-0.997623, 0.0689089, -2.43e-05), (-0.8344898, 0.5509694, -0.0077164), (0.266093, 0.9639252, -0.0065422), (0.9350404, 0.354486, 0.0062581), (0.9975381, -0.0683864, 0.0155244), (0.8344898, -0.5502603, 0.0289913), (-0.2661775, -0.9632327, 0.0364995), (-0.934583, -0.3525081, 0.0478812), (-0.9971459, -0.0698333, -0.0286945), (-0.9351897, 0.3538526, -0.0144424), (-0.2661502, 0.9627809, -0.0470854), (0.8343993, 0.5499499, -0.0365091), (0.9975056, 0.0683085, -0.0177937), (0.9350818, -0.3544136, -0.0036143), (0.2661502, -0.9637793, 0.0171333), (-0.834533, -0.5507472, 0.015239)] (interpolation = "vertex")
  uniform token subdivisionScheme = "none"
  uniform bool doubleSided = true
  rel material:binding = </Wayfarer/Materials/Seam>
 }
 def Mesh "IndicatorHousing" (prepend apiSchemas = ["MaterialBindingAPI"]) {
  point3f[] points = [(0.067, 0.015, 0.0459664), (0.0669658, 0.0155221, 0.0459664), (0.0668637, 0.0160353, 0.0459664), (0.0666955, 0.0165307, 0.0459664), (0.0664641, 0.017, 0.0459664), (0.0661734, 0.017435, 0.0459664), (0.0658284, 0.0178284, 0.0459664), (0.065435, 0.0181734, 0.0459664), (0.065, 0.0184641, 0.0459664), (0.0645307, 0.0186955, 0.0459664), (0.0640353, 0.0188637, 0.0459664), (0.0635221, 0.0189658, 0.0459664), (0.063, 0.019, 0.0459664), (0.0624779, 0.0189658, 0.0459664), (0.0619647, 0.0188637, 0.0459664), (0.0614693, 0.0186955, 0.0459664), (0.061, 0.0184641, 0.0459664), (0.060565, 0.0181734, 0.0459664), (0.0601716, 0.0178284, 0.0459664), (0.0598266, 0.017435, 0.0459664), (0.0595359, 0.017, 0.0459664), (0.0593045, 0.0165307, 0.0459664), (0.0591363, 0.0160353, 0.0459664), (0.0590342, 0.0155221, 0.0459664), (0.059, 0.015, 0.0459664), (0.0590342, 0.0144779, 0.0459664), (0.0591363, 0.0139647, 0.0459664), (0.0593045, 0.0134693, 0.0459664), (0.0595359, 0.013, 0.0459664), (0.0598266, 0.012565, 0.0459664), (0.0601716, 0.0121716, 0.0459664), (0.060565, 0.0118266, 0.0459664), (0.061, 0.0115359, 0.0459664), (0.0614693, 0.0113045, 0.0459664), (0.0619647, 0.0111363, 0.0459664), (0.0624779, 0.0110342, 0.0459664), (0.063, 0.011, 0.0459664), (0.0635221, 0.0110342, 0.0459664), (0.0640353, 0.0111363, 0.0459664), (0.0645307, 0.0113045, 0.0459664), (0.065, 0.0115359, 0.0459664), (0.065435, 0.0118266, 0.0459664), (0.0658284, 0.0121716, 0.0459664), (0.0661734, 0.012565, 0.0459664), (0.0664641, 0.013, 0.0459664), (0.0666955, 0.0134693, 0.0459664), (0.0668637, 0.0139647, 0.0459664), (0.0669658, 0.0144779, 0.0459664), (0.067, 0.015, 0.0479664), (0.0669658, 0.0155221, 0.0479664), (0.0668637, 0.0160353, 0.0479664), (0.0666955, 0.0165307, 0.0479664), (0.0664641, 0.017, 0.0479664), (0.0661734, 0.017435, 0.0479664), (0.0658284, 0.0178284, 0.0479664), (0.065435, 0.0181734, 0.0479664), (0.065, 0.0184641, 0.0479664), (0.0645307, 0.0186955, 0.0479664), (0.0640353, 0.0188637, 0.0479664), (0.0635221, 0.0189658, 0.0479664), (0.063, 0.019, 0.0479664), (0.0624779, 0.0189658, 0.0479664), (0.0619647, 0.0188637, 0.0479664), (0.0614693, 0.0186955, 0.0479664), (0.061, 0.0184641, 0.0479664), (0.060565, 0.0181734, 0.0479664), (0.0601716, 0.0178284, 0.0479664), (0.0598266, 0.017435, 0.0479664), (0.0595359, 0.017, 0.0479664), (0.0593045, 0.0165307, 0.0479664), (0.0591363, 0.0160353, 0.0479664), (0.0590342, 0.0155221, 0.0479664), (0.059, 0.015, 0.0479664), (0.0590342, 0.0144779, 0.0479664), (0.0591363, 0.0139647, 0.0479664), (0.0593045, 0.0134693, 0.0479664), (0.0595359, 0.013, 0.0479664), (0.0598266, 0.012565, 0.0479664), (0.0601716, 0.0121716, 0.0479664), (0.060565, 0.0118266, 0.0479664), (0.061, 0.0115359, 0.0479664), (0.0614693, 0.0113045, 0.0479664), (0.0619647, 0.0111363, 0.0479664), (0.0624779, 0.0110342, 0.0479664), (0.063, 0.011, 0.0479664), (0.0635221, 0.0110342, 0.0479664), (0.0640353, 0.0111363, 0.0479664), (0.0645307, 0.0113045, 0.0479664), (0.065, 0.0115359, 0.0479664), (0.065435, 0.0118266, 0.0479664), (0.0658284, 0.0121716, 0.0479664), (0.0661734, 0.012565, 0.0479664), (0.0664641, 0.013, 0.0479664), (0.0666955, 0.0134693, 0.0479664), (0.0668637, 0.0139647, 0.0479664), (0.0669658, 0.0144779, 0.0479664)]
  int[] faceVertexCounts = [3, 3, 3, 3, 3, 3, 3, 3, 3, 3, 3, 3, 3, 3, 3, 3, 3, 3, 3, 3, 3, 3, 3, 3, 3, 3, 3, 3, 3, 3, 3, 3, 3, 3, 3, 3, 3, 3, 3, 3, 3, 3, 3, 3, 3, 3, 3, 3, 3, 3, 3, 3, 3, 3, 3, 3, 3, 3, 3, 3, 3, 3, 3, 3, 3, 3, 3, 3, 3, 3, 3, 3, 3, 3, 3, 3, 3, 3, 3, 3, 3, 3, 3, 3, 3, 3, 3, 3, 3, 3, 3, 3, 3, 3, 3, 3, 3, 3, 3, 3, 3, 3, 3, 3, 3, 3, 3, 3, 3, 3, 3, 3, 3, 3, 3, 3, 3, 3, 3, 3, 3, 3, 3, 3, 3, 3, 3, 3, 3, 3, 3, 3, 3, 3, 3, 3, 3, 3, 3, 3, 3, 3, 3, 3, 3, 3, 3, 3, 3, 3, 3, 3, 3, 3, 3, 3, 3, 3, 3, 3, 3, 3, 3, 3, 3, 3, 3, 3, 3, 3, 3, 3, 3, 3, 3, 3, 3, 3, 3, 3, 3, 3, 3, 3, 3, 3, 3, 3]
  int[] faceVertexIndices = [0, 1, 49, 0, 49, 48, 1, 2, 50, 1, 50, 49, 2, 3, 51, 2, 51, 50, 3, 4, 52, 3, 52, 51, 4, 5, 53, 4, 53, 52, 5, 6, 54, 5, 54, 53, 6, 7, 55, 6, 55, 54, 7, 8, 56, 7, 56, 55, 8, 9, 57, 8, 57, 56, 9, 10, 58, 9, 58, 57, 10, 11, 59, 10, 59, 58, 11, 12, 60, 11, 60, 59, 12, 13, 61, 12, 61, 60, 13, 14, 62, 13, 62, 61, 14, 15, 63, 14, 63, 62, 15, 16, 64, 15, 64, 63, 16, 17, 65, 16, 65, 64, 17, 18, 66, 17, 66, 65, 18, 19, 67, 18, 67, 66, 19, 20, 68, 19, 68, 67, 20, 21, 69, 20, 69, 68, 21, 22, 70, 21, 70, 69, 22, 23, 71, 22, 71, 70, 23, 24, 72, 23, 72, 71, 24, 25, 73, 24, 73, 72, 25, 26, 74, 25, 74, 73, 26, 27, 75, 26, 75, 74, 27, 28, 76, 27, 76, 75, 28, 29, 77, 28, 77, 76, 29, 30, 78, 29, 78, 77, 30, 31, 79, 30, 79, 78, 31, 32, 80, 31, 80, 79, 32, 33, 81, 32, 81, 80, 33, 34, 82, 33, 82, 81, 34, 35, 83, 34, 83, 82, 35, 36, 84, 35, 84, 83, 36, 37, 85, 36, 85, 84, 37, 38, 86, 37, 86, 85, 38, 39, 87, 38, 87, 86, 39, 40, 88, 39, 88, 87, 40, 41, 89, 40, 89, 88, 41, 42, 90, 41, 90, 89, 42, 43, 91, 42, 91, 90, 43, 44, 92, 43, 92, 91, 44, 45, 93, 44, 93, 92, 45, 46, 94, 45, 94, 93, 46, 47, 95, 46, 95, 94, 47, 0, 48, 47, 48, 95, 47, 46, 45, 47, 45, 44, 47, 44, 43, 47, 43, 42, 47, 42, 41, 47, 41, 40, 47, 40, 39, 47, 39, 38, 47, 38, 37, 47, 37, 36, 47, 36, 35, 47, 35, 34, 47, 34, 33, 47, 33, 32, 47, 32, 31, 47, 31, 30, 47, 30, 29, 47, 29, 28, 47, 28, 27, 47, 27, 26, 47, 26, 25, 47, 25, 24, 47, 24, 23, 47, 23, 22, 47, 22, 21, 47, 21, 20, 47, 20, 19, 47, 19, 18, 47, 18, 17, 47, 17, 16, 47, 16, 15, 47, 15, 14, 47, 14, 13, 47, 13, 12, 47, 12, 11, 47, 11, 10, 47, 10, 9, 47, 9, 8, 47, 8, 7, 47, 7, 6, 47, 6, 5, 47, 5, 4, 47, 4, 3, 47, 3, 2, 47, 2, 1, 47, 1, 0, 48, 49, 50, 48, 50, 51, 48, 51, 52, 48, 52, 53, 48, 53, 54, 48, 54, 55, 48, 55, 56, 48, 56, 57, 48, 57, 58, 48, 58, 59, 48, 59, 60, 48, 60, 61, 48, 61, 62, 48, 62, 63, 48, 63, 64, 48, 64, 65, 48, 65, 66, 48, 66, 67, 48, 67, 68, 48, 68, 69, 48, 69, 70, 48, 70, 71, 48, 71, 72, 48, 72, 73, 48, 73, 74, 48, 74, 75, 48, 75, 76, 48, 76, 77, 48, 77, 78, 48, 78, 79, 48, 79, 80, 48, 80, 81, 48, 81, 82, 48, 82, 83, 48, 83, 84, 48, 84, 85, 48, 85, 86, 48, 86, 87, 48, 87, 88, 48, 88, 89, 48, 89, 90, 48, 90, 91, 48, 91, 92, 48, 92, 93, 48, 93, 94, 48, 94, 95]
  normal3f[] normals = [(0.9996964, 0.0218412, -0.0114034), (0.9873393, 0.1519941, -0.0453746), (0.9551376, 0.278426, -0.1009514), (0.9010439, 0.3964986, -0.1758085), (0.8241991, 0.5001676, -0.2655716), (0.7264607, 0.5830795, -0.3636938), (0.6131206, 0.6405097, -0.4624181), (0.4920169, 0.6710654, -0.5546086), (0.3713871, 0.6769938, -0.6354141), (0.2578056, 0.6630004, -0.7028277), (0.155252, 0.6345389, -0.7571375), (0.0653136, 0.5965267, -0.7999313), (-0.012077, 0.5527785, -0.8332407), (-0.0778903, 0.5059679, -0.8590283), (-0.133459, 0.45783, -0.8789655), (-0.1801595, 0.4094129, -0.8943845), (-0.2192534, 0.3612958, -0.9063075), (-0.2518256, 0.3137504, -0.9155023), (-0.278773, 0.2668523, -0.9225375), (-0.3008145, 0.2205535, -0.9278291), (-0.31851, 0.1747291, -0.9316765), (-0.3322793, 0.1292058, -0.9342892), (-0.3424184, 0.0837792, -0.9358049), (-0.3491106, 0.038224, -0.9363016), (-0.3524344, -0.0076999, -0.9358049), (-0.3523652, -0.0542442, -0.9342892), (-0.3487727, -0.1016685, -0.9316765), (-0.3414121, -0.1502362, -0.9278291), (-0.3299112, -0.2002076, -0.9225375), (-0.3137504, -0.2518256, -0.9155023), (-0.292238, -0.3052927, -0.9063075), (-0.2644822, -0.3607292, -0.8943845), (-0.2293649, -0.4181045, -0.8789655), (-0.185529, -0.4771262, -0.8590283), (-0.1314041, -0.5370688, -0.8332407), (-0.0653136, -0.5965267, -0.7999313), (0.0142688, -0.6530997, -0.7571375), (0.108234, -0.703078, -0.7028277), (0.2160966, -0.7413172, -0.6354141), (0.3351512, -0.7616318, -0.5546086), (0.4599975, -0.7580051, -0.4624181), (0.5830795, -0.7264607, -0.3636938), (0.6964432, -0.6666623, -0.2655716), (0.7938999, -0.5820776, -0.1758085), (0.8722611, -0.4785074, -0.1009514), (0.931058, -0.3620389, -0.0453746), (0.9712855, -0.2376435, -0.0114034), (0.0310566, -0.0034004, -0.9995118), (0.0312347, -0.0006824, 0.9995118), (0.9939947, 0.1088322, 0.0114034), (0.9703482, 0.2374142, 0.0453746), (0.9272566, 0.3605608, 0.1009514), (0.8630843, 0.4734731, 0.1758085), (0.7775019, 0.5700548, 0.2655716), (0.6729133, 0.6441386, 0.3636938), (0.5550017, 0.6914785, 0.4624181), (0.4316969, 0.7113699, 0.5546086), (0.3110091, 0.7067689, 0.6354141), (0.1990781, 0.6829357, 0.7028277), (0.0993934, 0.6456499, 0.7571375), (0.0131076, 0.5999485, 0.7999313), (-0.0601784, 0.5496257, 0.8332407), (-0.1216643, 0.4972607, 0.8590283), (-0.1728291, 0.4444657, 0.8789655), (-0.2151349, 0.3921649, 0.8943845), (-0.2498891, 0.3408256, 0.9063075), (-0.2781964, 0.2906239, 0.9155023), (-0.3009565, 0.2415568, 0.9225375), (-0.3188815, 0.1935142, 0.9278291), (-0.3325185, 0.1463226, 0.9316765), (-0.3422704, 0.099773, 0.9342892), (-0.3484142, 0.053636, 0.9358049), (-0.3511131, 0.0076711, 0.9363016), (-0.3504243, -0.0383679, 0.9358049), (-0.3463014, -0.0847292, 0.9342892), (-0.3385918, -0.1316603, 0.9316765), (-0.3270289, -0.1794024, 0.9278291), (-0.3112192, -0.2281821, 0.9225375), (-0.2906239, -0.2781964, 0.9155023), (-0.2645362, -0.3295865, 0.9063075), (-0.2320573, -0.3823948, 0.8943845), (-0.1920761, -0.4364933, 0.8789655), (-0.143266, -0.4914726, 0.8590283), (-0.0841258, -0.546473, 0.8332407), (-0.0131076, -0.5999485, 0.7999313), (0.0710999, -0.6493748, 0.7571375), (0.1690611, -0.6909787, 0.7028277), (0.2798444, -0.7196777, 0.6354141), (0.400216, -0.7295454, 0.5546086), (0.524272, -0.7150583, 0.4624181), (0.6441386, -0.6729133, 0.3636938), (0.751863, -0.6034681, 0.2655716), (0.8415819, -0.5107164, 0.1758085), (0.9106244, -0.4007145, 0.1009514), (0.9590533, -0.2795674, 0.0453746), (0.988293, -0.1521409, 0.0114034)] (interpolation = "vertex")
  uniform token subdivisionScheme = "none"
  uniform bool doubleSided = true
  rel material:binding = </Wayfarer/Materials/Seam>
 }
 def Mesh "IndicatorBezel" (prepend apiSchemas = ["MaterialBindingAPI"]) {
  point3f[] points = [(0.0662, 0.015, 0.0477664), (0.0661726, 0.0154177, 0.0477664), (0.066091, 0.0158282, 0.0477664), (0.0659564, 0.0162246, 0.0477664), (0.0657713, 0.0166, 0.0477664), (0.0655387, 0.016948, 0.0477664), (0.0652627, 0.0172627, 0.0477664), (0.064948, 0.0175387, 0.0477664), (0.0646, 0.0177713, 0.0477664), (0.0642246, 0.0179564, 0.0477664), (0.0638282, 0.018091, 0.0477664), (0.0634177, 0.0181726, 0.0477664), (0.063, 0.0182, 0.0477664), (0.0625823, 0.0181726, 0.0477664), (0.0621718, 0.018091, 0.0477664), (0.0617754, 0.0179564, 0.0477664), (0.0614, 0.0177713, 0.0477664), (0.061052, 0.0175387, 0.0477664), (0.0607373, 0.0172627, 0.0477664), (0.0604613, 0.016948, 0.0477664), (0.0602287, 0.0166, 0.0477664), (0.0600436, 0.0162246, 0.0477664), (0.059909, 0.0158282, 0.0477664), (0.0598274, 0.0154177, 0.0477664), (0.0598, 0.015, 0.0477664), (0.0598274, 0.0145823, 0.0477664), (0.059909, 0.0141718, 0.0477664), (0.0600436, 0.0137754, 0.0477664), (0.0602287, 0.0134, 0.0477664), (0.0604613, 0.013052, 0.0477664), (0.0607373, 0.0127373, 0.0477664), (0.061052, 0.0124613, 0.0477664), (0.0614, 0.0122287, 0.0477664), (0.0617754, 0.0120436, 0.0477664), (0.0621718, 0.011909, 0.0477664), (0.0625823, 0.0118274, 0.0477664), (0.063, 0.0118, 0.0477664), (0.0634177, 0.0118274, 0.0477664), (0.0638282, 0.011909, 0.0477664), (0.0642246, 0.0120436, 0.0477664), (0.0646, 0.0122287, 0.0477664), (0.064948, 0.0124613, 0.0477664), (0.0652627, 0.0127373, 0.0477664), (0.0655387, 0.013052, 0.0477664), (0.0657713, 0.0134, 0.0477664), (0.0659564, 0.0137754, 0.0477664), (0.066091, 0.0141718, 0.0477664), (0.0661726, 0.0145823, 0.0477664), (0.0662, 0.015, 0.0482664), (0.0661726, 0.0154177, 0.0482664), (0.066091, 0.0158282, 0.0482664), (0.0659564, 0.0162246, 0.0482664), (0.0657713, 0.0166, 0.0482664), (0.0655387, 0.016948, 0.0482664), (0.0652627, 0.0172627, 0.0482664), (0.064948, 0.0175387, 0.0482664), (0.0646, 0.0177713, 0.0482664), (0.0642246, 0.0179564, 0.0482664), (0.0638282, 0.018091, 0.0482664), (0.0634177, 0.0181726, 0.0482664), (0.063, 0.0182, 0.0482664), (0.0625823, 0.0181726, 0.0482664), (0.0621718, 0.018091, 0.0482664), (0.0617754, 0.0179564, 0.0482664), (0.0614, 0.0177713, 0.0482664), (0.061052, 0.0175387, 0.0482664), (0.0607373, 0.0172627, 0.0482664), (0.0604613, 0.016948, 0.0482664), (0.0602287, 0.0166, 0.0482664), (0.0600436, 0.0162246, 0.0482664), (0.059909, 0.0158282, 0.0482664), (0.0598274, 0.0154177, 0.0482664), (0.0598, 0.015, 0.0482664), (0.0598274, 0.0145823, 0.0482664), (0.059909, 0.0141718, 0.0482664), (0.0600436, 0.0137754, 0.0482664), (0.0602287, 0.0134, 0.0482664), (0.0604613, 0.013052, 0.0482664), (0.0607373, 0.0127373, 0.0482664), (0.061052, 0.0124613, 0.0482664), (0.0614, 0.0122287, 0.0482664), (0.0617754, 0.0120436, 0.0482664), (0.0621718, 0.011909, 0.0482664), (0.0625823, 0.0118274, 0.0482664), (0.063, 0.0118, 0.0482664), (0.0634177, 0.0118274, 0.0482664), (0.0638282, 0.011909, 0.0482664), (0.0642246, 0.0120436, 0.0482664), (0.0646, 0.0122287, 0.0482664), (0.064948, 0.0124613, 0.0482664), (0.0652627, 0.0127373, 0.0482664), (0.0655387, 0.013052, 0.0482664), (0.0657713, 0.0134, 0.0482664), (0.0659564, 0.0137754, 0.0482664), (0.066091, 0.0141718, 0.0482664), (0.0661726, 0.0145823, 0.0482664)]
  int[] faceVertexCounts = [3, 3, 3, 3, 3, 3, 3, 3, 3, 3, 3, 3, 3, 3, 3, 3, 3, 3, 3, 3, 3, 3, 3, 3, 3, 3, 3, 3, 3, 3, 3, 3, 3, 3, 3, 3, 3, 3, 3, 3, 3, 3, 3, 3, 3, 3, 3, 3, 3, 3, 3, 3, 3, 3, 3, 3, 3, 3, 3, 3, 3, 3, 3, 3, 3, 3, 3, 3, 3, 3, 3, 3, 3, 3, 3, 3, 3, 3, 3, 3, 3, 3, 3, 3, 3, 3, 3, 3, 3, 3, 3, 3, 3, 3, 3, 3, 3, 3, 3, 3, 3, 3, 3, 3, 3, 3, 3, 3, 3, 3, 3, 3, 3, 3, 3, 3, 3, 3, 3, 3, 3, 3, 3, 3, 3, 3, 3, 3, 3, 3, 3, 3, 3, 3, 3, 3, 3, 3, 3, 3, 3, 3, 3, 3, 3, 3, 3, 3, 3, 3, 3, 3, 3, 3, 3, 3, 3, 3, 3, 3, 3, 3, 3, 3, 3, 3, 3, 3, 3, 3, 3, 3, 3, 3, 3, 3, 3, 3, 3, 3, 3, 3, 3, 3, 3, 3, 3, 3]
  int[] faceVertexIndices = [0, 1, 49, 0, 49, 48, 1, 2, 50, 1, 50, 49, 2, 3, 51, 2, 51, 50, 3, 4, 52, 3, 52, 51, 4, 5, 53, 4, 53, 52, 5, 6, 54, 5, 54, 53, 6, 7, 55, 6, 55, 54, 7, 8, 56, 7, 56, 55, 8, 9, 57, 8, 57, 56, 9, 10, 58, 9, 58, 57, 10, 11, 59, 10, 59, 58, 11, 12, 60, 11, 60, 59, 12, 13, 61, 12, 61, 60, 13, 14, 62, 13, 62, 61, 14, 15, 63, 14, 63, 62, 15, 16, 64, 15, 64, 63, 16, 17, 65, 16, 65, 64, 17, 18, 66, 17, 66, 65, 18, 19, 67, 18, 67, 66, 19, 20, 68, 19, 68, 67, 20, 21, 69, 20, 69, 68, 21, 22, 70, 21, 70, 69, 22, 23, 71, 22, 71, 70, 23, 24, 72, 23, 72, 71, 24, 25, 73, 24, 73, 72, 25, 26, 74, 25, 74, 73, 26, 27, 75, 26, 75, 74, 27, 28, 76, 27, 76, 75, 28, 29, 77, 28, 77, 76, 29, 30, 78, 29, 78, 77, 30, 31, 79, 30, 79, 78, 31, 32, 80, 31, 80, 79, 32, 33, 81, 32, 81, 80, 33, 34, 82, 33, 82, 81, 34, 35, 83, 34, 83, 82, 35, 36, 84, 35, 84, 83, 36, 37, 85, 36, 85, 84, 37, 38, 86, 37, 86, 85, 38, 39, 87, 38, 87, 86, 39, 40, 88, 39, 88, 87, 40, 41, 89, 40, 89, 88, 41, 42, 90, 41, 90, 89, 42, 43, 91, 42, 91, 90, 43, 44, 92, 43, 92, 91, 44, 45, 93, 44, 93, 92, 45, 46, 94, 45, 94, 93, 46, 47, 95, 46, 95, 94, 47, 0, 48, 47, 48, 95, 47, 46, 45, 47, 45, 44, 47, 44, 43, 47, 43, 42, 47, 42, 41, 47, 41, 40, 47, 40, 39, 47, 39, 38, 47, 38, 37, 47, 37, 36, 47, 36, 35, 47, 35, 34, 47, 34, 33, 47, 33, 32, 47, 32, 31, 47, 31, 30, 47, 30, 29, 47, 29, 28, 47, 28, 27, 47, 27, 26, 47, 26, 25, 47, 25, 24, 47, 24, 23, 47, 23, 22, 47, 22, 21, 47, 21, 20, 47, 20, 19, 47, 19, 18, 47, 18, 17, 47, 17, 16, 47, 16, 15, 47, 15, 14, 47, 14, 13, 47, 13, 12, 47, 12, 11, 47, 11, 10, 47, 10, 9, 47, 9, 8, 47, 8, 7, 47, 7, 6, 47, 6, 5, 47, 5, 4, 47, 4, 3, 47, 3, 2, 47, 2, 1, 47, 1, 0, 48, 49, 50, 48, 50, 51, 48, 51, 52, 48, 52, 53, 48, 53, 54, 48, 54, 55, 48, 55, 56, 48, 56, 57, 48, 57, 58, 48, 58, 59, 48, 59, 60, 48, 60, 61, 48, 61, 62, 48, 62, 63, 48, 63, 64, 48, 64, 65, 48, 65, 66, 48, 66, 67, 48, 67, 68, 48, 68, 69, 48, 69, 70, 48, 70, 71, 48, 71, 72, 48, 72, 73, 48, 73, 74, 48, 74, 75, 48, 75, 76, 48, 76, 77, 48, 77, 78, 48, 78, 79, 48, 79, 80, 48, 80, 81, 48, 81, 82, 48, 82, 83, 48, 83, 84, 48, 84, 85, 48, 85, 86, 48, 86, 87, 48, 87, 88, 48, 88, 89, 48, 89, 90, 48, 90, 91, 48, 91, 92, 48, 92, 93, 48, 93, 94, 48, 94, 95]
  normal3f[] normals = [(0.9990964, 0.0218281, -0.0364689), (0.9780797, 0.1505686, -0.143837), (0.9131124, 0.2661755, -0.3088307), (0.7946827, 0.3496951, -0.4961782), (0.6413115, 0.3891817, -0.6612542), (0.4873266, 0.3911432, -0.7807175), (0.3554221, 0.3712994, -0.8577948), (0.2510115, 0.3423563, -0.90542), (0.170752, 0.3112604, -0.9348587), (0.1092921, 0.2810673, -0.9534445), (0.0618691, 0.2528687, -0.9655204), (0.0248418, 0.226887, -0.9736042), (-0.004435, 0.2029965, -0.9791694), (-0.0278562, 0.1809515, -0.9830974), (-0.0467813, 0.1604827, -0.9859294), (-0.0621932, 0.1413341, -0.9880064), (-0.0748097, 0.1232749, -0.9895488), (-0.0851596, 0.1061006, -0.990702), (-0.0936348, 0.0896309, -0.9915638), (-0.1005264, 0.0737047, -0.9922006), (-0.1060492, 0.0581768, -0.9926576), (-0.1103586, 0.0429126, -0.992965), (-0.1135621, 0.0277851, -0.9931423), (-0.1157268, 0.0126709, -0.9932003), (-0.1168838, -0.0025537, -0.9931423), (-0.1170296, -0.0180159, -0.992965), (-0.1161253, -0.0338509, -0.9926576), (-0.1140934, -0.0502061, -0.9922006), (-0.1108112, -0.0672461, -0.9915638), (-0.1061006, -0.0851596, -0.990702), (-0.0997122, -0.1041665, -0.9895488), (-0.0913024, -0.1245279, -0.9880064), (-0.0803991, -0.1465578, -0.9859294), (-0.0663515, -0.1706367, -0.9830974), (-0.0482554, -0.1972274, -0.9791694), (-0.0248418, -0.226887, -0.9736042), (0.0056862, -0.2602653, -0.9655204), (0.0458839, -0.2980575, -0.9534445), (0.0993544, -0.3408342, -0.9348587), (0.1709836, -0.3885605, -0.90542), (0.2666577, -0.4394108, -0.8577948), (0.3911432, -0.4873266, -0.7807175), (0.5419043, -0.5187317, -0.6612542), (0.7001861, -0.5133679, -0.4961782), (0.8338824, -0.4574535, -0.3088307), (0.9223262, -0.3586436, -0.143837), (0.9707025, -0.2375009, -0.0364689), (0.0097095, -0.0010631, -0.9999523), (0.0097652, -0.0002133, 0.9999523), (0.9933981, 0.1087669, 0.0364689), (0.961248, 0.2351876, 0.143837), (0.8864581, 0.3446964, 0.3088307), (0.7612039, 0.4175833, 0.4961782), (0.6049763, 0.4435612, 0.6612542), (0.4514058, 0.432103, 0.7807175), (0.321731, 0.4008457, 0.8577948), (0.2202381, 0.3629184, 0.90542), (0.1429922, 0.32495, 0.9348587), (0.0843957, 0.2895185, 0.9534445), (0.039609, 0.2572965, 0.9655204), (0.0049854, 0.2281885, 0.9736042), (-0.0220993, 0.2018387, 0.9791694), (-0.0435113, 0.1778375, 0.9830974), (-0.0605816, 0.1557981, 0.9859294), (-0.0742671, 0.1353799, 0.9880064), (-0.0852627, 0.1162904, 0.9895488), (-0.0940774, 0.0982799, 0.990702), (-0.1010858, 0.0811346, 0.9915638), (-0.1065641, 0.0646687, 0.9922006), (-0.1107134, 0.0487187, 0.9926576), (-0.1136768, 0.0331372, 0.992965), (-0.1155506, 0.0177882, 0.9931423), (-0.1163907, 0.0025429, 0.9932003), (-0.1162172, -0.0127246, 0.9931423), (-0.1150156, -0.0281408, 0.992965), (-0.1127355, -0.0438368, 0.9926576), (-0.1092868, -0.0599528, 0.9922006), (-0.1045329, -0.0766423, 0.9915638), (-0.0982799, -0.0940774, 0.990702), (-0.0902603, -0.1124556, 0.9895488), (-0.0801089, -0.1320072, 0.9880064), (-0.0673282, -0.1530036, 0.9859294), (-0.0512368, -0.1757674, 0.9830974), (-0.0308934, -0.2006809, 0.9791694), (-0.0049854, -0.2281885, 0.9736042), (0.0283339, -0.2587809, 0.9655204), (0.0716705, -0.2929282, 0.9534445), (0.1286636, -0.3308851, 0.9348587), (0.2041775, -0.372191, 0.90542), (0.3039171, -0.4145148, 0.8577948), (0.432103, -0.4514058, 0.7807175), (0.5850266, -0.4695601, 0.6612542), (0.7422397, -0.4504303, 0.4961782), (0.8705577, -0.3830834, 0.3088307), (0.950059, -0.2769455, 0.143837), (0.9876998, -0.1520496, 0.0364689)] (interpolation = "vertex")
  uniform token subdivisionScheme = "none"
  uniform bool doubleSided = true
  rel material:binding = </Wayfarer/Materials/Metal>
 }
 def Mesh "IndicatorGlass" (prepend apiSchemas = ["MaterialBindingAPI"]) {
  point3f[] points = [(0.06565, 0.015, 0.0481664), (0.0656273, 0.0153459, 0.0481664), (0.0655597, 0.0156859, 0.0481664), (0.0654483, 0.0160141, 0.0481664), (0.065295, 0.016325, 0.0481664), (0.0651024, 0.0166132, 0.0481664), (0.0648738, 0.0168738, 0.0481664), (0.0646132, 0.0171024, 0.0481664), (0.064325, 0.017295, 0.0481664), (0.0640141, 0.0174483, 0.0481664), (0.0636859, 0.0175597, 0.0481664), (0.0633459, 0.0176273, 0.0481664), (0.063, 0.01765, 0.0481664), (0.0626541, 0.0176273, 0.0481664), (0.0623141, 0.0175597, 0.0481664), (0.0619859, 0.0174483, 0.0481664), (0.061675, 0.017295, 0.0481664), (0.0613868, 0.0171024, 0.0481664), (0.0611262, 0.0168738, 0.0481664), (0.0608976, 0.0166132, 0.0481664), (0.060705, 0.016325, 0.0481664), (0.0605517, 0.0160141, 0.0481664), (0.0604403, 0.0156859, 0.0481664), (0.0603727, 0.0153459, 0.0481664), (0.06035, 0.015, 0.0481664), (0.0603727, 0.0146541, 0.0481664), (0.0604403, 0.0143141, 0.0481664), (0.0605517, 0.0139859, 0.0481664), (0.060705, 0.013675, 0.0481664), (0.0608976, 0.0133868, 0.0481664), (0.0611262, 0.0131262, 0.0481664), (0.0613868, 0.0128976, 0.0481664), (0.061675, 0.012705, 0.0481664), (0.0619859, 0.0125517, 0.0481664), (0.0623141, 0.0124403, 0.0481664), (0.0626541, 0.0123727, 0.0481664), (0.063, 0.01235, 0.0481664), (0.0633459, 0.0123727, 0.0481664), (0.0636859, 0.0124403, 0.0481664), (0.0640141, 0.0125517, 0.0481664), (0.064325, 0.012705, 0.0481664), (0.0646132, 0.0128976, 0.0481664), (0.0648738, 0.0131262, 0.0481664), (0.0651024, 0.0133868, 0.0481664), (0.065295, 0.013675, 0.0481664), (0.0654483, 0.0139859, 0.0481664), (0.0655597, 0.0143141, 0.0481664), (0.0656273, 0.0146541, 0.0481664), (0.06565, 0.015, 0.0486664), (0.0656273, 0.0153459, 0.0486664), (0.0655597, 0.0156859, 0.0486664), (0.0654483, 0.0160141, 0.0486664), (0.065295, 0.016325, 0.0486664), (0.0651024, 0.0166132, 0.0486664), (0.0648738, 0.0168738, 0.0486664), (0.0646132, 0.0171024, 0.0486664), (0.064325, 0.017295, 0.0486664), (0.0640141, 0.0174483, 0.0486664), (0.0636859, 0.0175597, 0.0486664), (0.0633459, 0.0176273, 0.0486664), (0.063, 0.01765, 0.0486664), (0.0626541, 0.0176273, 0.0486664), (0.0623141, 0.0175597, 0.0486664), (0.0619859, 0.0174483, 0.0486664), (0.061675, 0.017295, 0.0486664), (0.0613868, 0.0171024, 0.0486664), (0.0611262, 0.0168738, 0.0486664), (0.0608976, 0.0166132, 0.0486664), (0.060705, 0.016325, 0.0486664), (0.0605517, 0.0160141, 0.0486664), (0.0604403, 0.0156859, 0.0486664), (0.0603727, 0.0153459, 0.0486664), (0.06035, 0.015, 0.0486664), (0.0603727, 0.0146541, 0.0486664), (0.0604403, 0.0143141, 0.0486664), (0.0605517, 0.0139859, 0.0486664), (0.060705, 0.013675, 0.0486664), (0.0608976, 0.0133868, 0.0486664), (0.0611262, 0.0131262, 0.0486664), (0.0613868, 0.0128976, 0.0486664), (0.061675, 0.012705, 0.0486664), (0.0619859, 0.0125517, 0.0486664), (0.0623141, 0.0124403, 0.0486664), (0.0626541, 0.0123727, 0.0486664), (0.063, 0.01235, 0.0486664), (0.0633459, 0.0123727, 0.0486664), (0.0636859, 0.0124403, 0.0486664), (0.0640141, 0.0125517, 0.0486664), (0.064325, 0.012705, 0.0486664), (0.0646132, 0.0128976, 0.0486664), (0.0648738, 0.0131262, 0.0486664), (0.0651024, 0.0133868, 0.0486664), (0.065295, 0.013675, 0.0486664), (0.0654483, 0.0139859, 0.0486664), (0.0655597, 0.0143141, 0.0486664), (0.0656273, 0.0146541, 0.0486664)]
  int[] faceVertexCounts = [3, 3, 3, 3, 3, 3, 3, 3, 3, 3, 3, 3, 3, 3, 3, 3, 3, 3, 3, 3, 3, 3, 3, 3, 3, 3, 3, 3, 3, 3, 3, 3, 3, 3, 3, 3, 3, 3, 3, 3, 3, 3, 3, 3, 3, 3, 3, 3, 3, 3, 3, 3, 3, 3, 3, 3, 3, 3, 3, 3, 3, 3, 3, 3, 3, 3, 3, 3, 3, 3, 3, 3, 3, 3, 3, 3, 3, 3, 3, 3, 3, 3, 3, 3, 3, 3, 3, 3, 3, 3, 3, 3, 3, 3, 3, 3, 3, 3, 3, 3, 3, 3, 3, 3, 3, 3, 3, 3, 3, 3, 3, 3, 3, 3, 3, 3, 3, 3, 3, 3, 3, 3, 3, 3, 3, 3, 3, 3, 3, 3, 3, 3, 3, 3, 3, 3, 3, 3, 3, 3, 3, 3, 3, 3, 3, 3, 3, 3, 3, 3, 3, 3, 3, 3, 3, 3, 3, 3, 3, 3, 3, 3, 3, 3, 3, 3, 3, 3, 3, 3, 3, 3, 3, 3, 3, 3, 3, 3, 3, 3, 3, 3, 3, 3, 3, 3, 3, 3]
  int[] faceVertexIndices = [0, 1, 49, 0, 49, 48, 1, 2, 50, 1, 50, 49, 2, 3, 51, 2, 51, 50, 3, 4, 52, 3, 52, 51, 4, 5, 53, 4, 53, 52, 5, 6, 54, 5, 54, 53, 6, 7, 55, 6, 55, 54, 7, 8, 56, 7, 56, 55, 8, 9, 57, 8, 57, 56, 9, 10, 58, 9, 58, 57, 10, 11, 59, 10, 59, 58, 11, 12, 60, 11, 60, 59, 12, 13, 61, 12, 61, 60, 13, 14, 62, 13, 62, 61, 14, 15, 63, 14, 63, 62, 15, 16, 64, 15, 64, 63, 16, 17, 65, 16, 65, 64, 17, 18, 66, 17, 66, 65, 18, 19, 67, 18, 67, 66, 19, 20, 68, 19, 68, 67, 20, 21, 69, 20, 69, 68, 21, 22, 70, 21, 70, 69, 22, 23, 71, 22, 71, 70, 23, 24, 72, 23, 72, 71, 24, 25, 73, 24, 73, 72, 25, 26, 74, 25, 74, 73, 26, 27, 75, 26, 75, 74, 27, 28, 76, 27, 76, 75, 28, 29, 77, 28, 77, 76, 29, 30, 78, 29, 78, 77, 30, 31, 79, 30, 79, 78, 31, 32, 80, 31, 80, 79, 32, 33, 81, 32, 81, 80, 33, 34, 82, 33, 82, 81, 34, 35, 83, 34, 83, 82, 35, 36, 84, 35, 84, 83, 36, 37, 85, 36, 85, 84, 37, 38, 86, 37, 86, 85, 38, 39, 87, 38, 87, 86, 39, 40, 88, 39, 88, 87, 40, 41, 89, 40, 89, 88, 41, 42, 90, 41, 90, 89, 42, 43, 91, 42, 91, 90, 43, 44, 92, 43, 92, 91, 44, 45, 93, 44, 93, 92, 45, 46, 94, 45, 94, 93, 46, 47, 95, 46, 95, 94, 47, 0, 48, 47, 48, 95, 47, 46, 45, 47, 45, 44, 47, 44, 43, 47, 43, 42, 47, 42, 41, 47, 41, 40, 47, 40, 39, 47, 39, 38, 47, 38, 37, 47, 37, 36, 47, 36, 35, 47, 35, 34, 47, 34, 33, 47, 33, 32, 47, 32, 31, 47, 31, 30, 47, 30, 29, 47, 29, 28, 47, 28, 27, 47, 27, 26, 47, 26, 25, 47, 25, 24, 47, 24, 23, 47, 23, 22, 47, 22, 21, 47, 21, 20, 47, 20, 19, 47, 19, 18, 47, 18, 17, 47, 17, 16, 47, 16, 15, 47, 15, 14, 47, 14, 13, 47, 13, 12, 47, 12, 11, 47, 11, 10, 47, 10, 9, 47, 9, 8, 47, 8, 7, 47, 7, 6, 47, 6, 5, 47, 5, 4, 47, 4, 3, 47, 3, 2, 47, 2, 1, 47, 1, 0, 48, 49, 50, 48, 50, 51, 48, 51, 52, 48, 52, 53, 48, 53, 54, 48, 54, 55, 48, 55, 56, 48, 56, 57, 48, 57, 58, 48, 58, 59, 48, 59, 60, 48, 60, 61, 48, 61, 62, 48, 62, 63, 48, 63, 64, 48, 64, 65, 48, 65, 66, 48, 66, 67, 48, 67, 68, 48, 68, 69, 48, 69, 70, 48, 70, 71, 48, 71, 72, 48, 72, 73, 48, 73, 74, 48, 74, 75, 48, 75, 76, 48, 76, 77, 48, 77, 78, 48, 78, 79, 48, 79, 80, 48, 80, 81, 48, 81, 82, 48, 82, 83, 48, 83, 84, 48, 84, 85, 48, 85, 86, 48, 86, 87, 48, 87, 88, 48, 88, 89, 48, 89, 90, 48, 90, 91, 48, 91, 92, 48, 92, 93, 48, 93, 94, 48, 94, 95]
  normal3f[] normals = [(0.9993052, 0.0218326, -0.0302072), (0.9812744, 0.1510604, -0.1195041), (0.9271099, 0.2702558, -0.259671), (0.827326, 0.3640595, -0.4277761), (0.690497, 0.4190301, -0.5895996), (0.5419816, 0.435011, -0.719042), (0.4053567, 0.4234647, -0.8101627), (0.2913197, 0.397333, -0.8702065), (0.2004837, 0.3654575, -0.9089813), (0.1293089, 0.3325446, -0.9341806), (0.0735763, 0.3007178, -0.9508708), (0.0296459, 0.2707645, -0.962189), (-0.0053056, 0.242845, -0.9700506), (-0.0333824, 0.2168487, -0.9756343), (-0.0561324, 0.1925617, -0.9796781), (-0.0746943, 0.169743, -0.9826536), (-0.089909, 0.1481562, -0.9848686), (-0.1024009, 0.1275817, -0.9865277), (-0.1126358, 0.1078193, -0.9877693), (-0.1209606, 0.0886868, -0.9886876), (-0.1276323, 0.0700169, -0.9893471), (-0.1328372, 0.0516533, -0.989791), (-0.1367042, 0.0334473, -0.9900471), (-0.1393137, 0.0152534, -0.9901308), (-0.1407029, -0.0030741, -0.9900471), (-0.140867, -0.0216855, -0.989791), (-0.1397591, -0.0407403, -0.9893471), (-0.1372853, -0.0604115, -0.9886876), (-0.1332977, -0.0808921, -0.9877693), (-0.1275817, -0.1024009, -0.9865277), (-0.1198377, -0.125191, -0.9848686), (-0.1096546, -0.1495587, -0.9826536), (-0.0964701, -0.1758533, -0.9796781), (-0.0795144, -0.2044876, -0.9756343), (-0.0577281, -0.2359434, -0.9700506), (-0.0296459, -0.2707645, -0.962189), (0.0067622, -0.3095141, -0.9508708), (0.0542875, -0.3526465, -0.9341806), (0.1166541, -0.4001809, -0.9089813), (0.1984407, -0.4509568, -0.8702065), (0.3041214, -0.5011453, -0.8101627), (0.435011, -0.5419816, -0.719042), (0.5834658, -0.5585159, -0.5895996), (0.7289478, -0.5344556, -0.4277761), (0.8466654, -0.464466, -0.259671), (0.9253388, -0.359815, -0.1195041), (0.9709054, -0.2375505, -0.0302072), (0.0117244, -0.0012837, -0.9999304), (0.0117916, -0.0002576, 0.9999304), (0.9936057, 0.1087896, 0.0302072), (0.9643877, 0.2359558, 0.1195041), (0.9000471, 0.3499804, 0.259671), (0.792472, 0.4347364, 0.4277761), (0.6513751, 0.4775802, 0.5895996), (0.5020322, 0.4805646, 0.719042), (0.3669322, 0.4571621, 0.8101627), (0.2556046, 0.4211971, 0.8702065), (0.1678902, 0.3815309, 0.9089813), (0.0998527, 0.3425436, 0.9341806), (0.0471041, 0.3059835, 0.9508708), (0.0059495, 0.2723176, 0.962189), (-0.0264374, 0.2414599, 0.9700506), (-0.0521431, 0.2131169, 0.9756343), (-0.0726913, 0.1869407, 0.9796781), (-0.0891951, 0.162592, 0.9826536), (-0.1024718, 0.139762, 0.9848686), (-0.1131242, 0.1181776, 0.9865277), (-0.1215988, 0.0975989, 0.9877693), (-0.1282256, 0.077814, 0.9886876), (-0.1332458, 0.058634, 0.9893471), (-0.1368314, 0.0398868, 0.989791), (-0.1390979, 0.0214132, 0.9900471), (-0.1401129, 0.0030612, 0.9901308), (-0.1399004, -0.0153177, 0.9900471), (-0.1384429, -0.0338727, 0.989791), (-0.1356795, -0.0527585, 0.9893471), (-0.1315017, -0.0721396, 0.9886876), (-0.1257454, -0.092195, 0.9877693), (-0.1181776, -0.1131242, 0.9865277), (-0.1084781, -0.1351532, 0.9848686), (-0.0962112, -0.1585412, 0.9826536), (-0.0807865, -0.1835876, 0.9796781), (-0.0614012, -0.2106362, 0.9756343), (-0.0369579, -0.2400749, 0.9700506), (-0.0059495, -0.2723176, 0.962189), (0.0336953, -0.3077488, 0.9508708), (0.0847969, -0.3465778, 0.9341806), (0.1510667, -0.3884994, 0.9089813), (0.2369651, -0.4319587, 0.8702065), (0.3466156, -0.4727515, 0.8101627), (0.4805646, -0.5020322, 0.719042), (0.6298953, -0.5055732, 0.5895996), (0.7727288, -0.4689327, 0.4277761), (0.8839029, -0.3889558, 0.259671), (0.9531622, -0.2778501, 0.1195041), (0.9879063, -0.1520814, 0.0302072)] (interpolation = "vertex")
  uniform token subdivisionScheme = "none"
  uniform bool doubleSided = true
  rel material:binding = </Wayfarer/Materials/Indicator>
 }
 def Mesh "CameraHousing" (prepend apiSchemas = ["MaterialBindingAPI"]) {
  point3f[] points = [(-0.059, 0.015, 0.0459664), (-0.0590342, 0.0155221, 0.0459664), (-0.0591363, 0.0160353, 0.0459664), (-0.0593045, 0.0165307, 0.0459664), (-0.0595359, 0.017, 0.0459664), (-0.0598266, 0.017435, 0.0459664), (-0.0601716, 0.0178284, 0.0459664), (-0.060565, 0.0181734, 0.0459664), (-0.061, 0.0184641, 0.0459664), (-0.0614693, 0.0186955, 0.0459664), (-0.0619647, 0.0188637, 0.0459664), (-0.0624779, 0.0189658, 0.0459664), (-0.063, 0.019, 0.0459664), (-0.0635221, 0.0189658, 0.0459664), (-0.0640353, 0.0188637, 0.0459664), (-0.0645307, 0.0186955, 0.0459664), (-0.065, 0.0184641, 0.0459664), (-0.065435, 0.0181734, 0.0459664), (-0.0658284, 0.0178284, 0.0459664), (-0.0661734, 0.017435, 0.0459664), (-0.0664641, 0.017, 0.0459664), (-0.0666955, 0.0165307, 0.0459664), (-0.0668637, 0.0160353, 0.0459664), (-0.0669658, 0.0155221, 0.0459664), (-0.067, 0.015, 0.0459664), (-0.0669658, 0.0144779, 0.0459664), (-0.0668637, 0.0139647, 0.0459664), (-0.0666955, 0.0134693, 0.0459664), (-0.0664641, 0.013, 0.0459664), (-0.0661734, 0.012565, 0.0459664), (-0.0658284, 0.0121716, 0.0459664), (-0.065435, 0.0118266, 0.0459664), (-0.065, 0.0115359, 0.0459664), (-0.0645307, 0.0113045, 0.0459664), (-0.0640353, 0.0111363, 0.0459664), (-0.0635221, 0.0110342, 0.0459664), (-0.063, 0.011, 0.0459664), (-0.0624779, 0.0110342, 0.0459664), (-0.0619647, 0.0111363, 0.0459664), (-0.0614693, 0.0113045, 0.0459664), (-0.061, 0.0115359, 0.0459664), (-0.060565, 0.0118266, 0.0459664), (-0.0601716, 0.0121716, 0.0459664), (-0.0598266, 0.012565, 0.0459664), (-0.0595359, 0.013, 0.0459664), (-0.0593045, 0.0134693, 0.0459664), (-0.0591363, 0.0139647, 0.0459664), (-0.0590342, 0.0144779, 0.0459664), (-0.059, 0.015, 0.0479664), (-0.0590342, 0.0155221, 0.0479664), (-0.0591363, 0.0160353, 0.0479664), (-0.0593045, 0.0165307, 0.0479664), (-0.0595359, 0.017, 0.0479664), (-0.0598266, 0.017435, 0.0479664), (-0.0601716, 0.0178284, 0.0479664), (-0.060565, 0.0181734, 0.0479664), (-0.061, 0.0184641, 0.0479664), (-0.0614693, 0.0186955, 0.0479664), (-0.0619647, 0.0188637, 0.0479664), (-0.0624779, 0.0189658, 0.0479664), (-0.063, 0.019, 0.0479664), (-0.0635221, 0.0189658, 0.0479664), (-0.0640353, 0.0188637, 0.0479664), (-0.0645307, 0.0186955, 0.0479664), (-0.065, 0.0184641, 0.0479664), (-0.065435, 0.0181734, 0.0479664), (-0.0658284, 0.0178284, 0.0479664), (-0.0661734, 0.017435, 0.0479664), (-0.0664641, 0.017, 0.0479664), (-0.0666955, 0.0165307, 0.0479664), (-0.0668637, 0.0160353, 0.0479664), (-0.0669658, 0.0155221, 0.0479664), (-0.067, 0.015, 0.0479664), (-0.0669658, 0.0144779, 0.0479664), (-0.0668637, 0.0139647, 0.0479664), (-0.0666955, 0.0134693, 0.0479664), (-0.0664641, 0.013, 0.0479664), (-0.0661734, 0.012565, 0.0479664), (-0.0658284, 0.0121716, 0.0479664), (-0.065435, 0.0118266, 0.0479664), (-0.065, 0.0115359, 0.0479664), (-0.0645307, 0.0113045, 0.0479664), (-0.0640353, 0.0111363, 0.0479664), (-0.0635221, 0.0110342, 0.0479664), (-0.063, 0.011, 0.0479664), (-0.0624779, 0.0110342, 0.0479664), (-0.0619647, 0.0111363, 0.0479664), (-0.0614693, 0.0113045, 0.0479664), (-0.061, 0.0115359, 0.0479664), (-0.060565, 0.0118266, 0.0479664), (-0.0601716, 0.0121716, 0.0479664), (-0.0598266, 0.012565, 0.0479664), (-0.0595359, 0.013, 0.0479664), (-0.0593045, 0.0134693, 0.0479664), (-0.0591363, 0.0139647, 0.0479664), (-0.0590342, 0.0144779, 0.0479664)]
  int[] faceVertexCounts = [3, 3, 3, 3, 3, 3, 3, 3, 3, 3, 3, 3, 3, 3, 3, 3, 3, 3, 3, 3, 3, 3, 3, 3, 3, 3, 3, 3, 3, 3, 3, 3, 3, 3, 3, 3, 3, 3, 3, 3, 3, 3, 3, 3, 3, 3, 3, 3, 3, 3, 3, 3, 3, 3, 3, 3, 3, 3, 3, 3, 3, 3, 3, 3, 3, 3, 3, 3, 3, 3, 3, 3, 3, 3, 3, 3, 3, 3, 3, 3, 3, 3, 3, 3, 3, 3, 3, 3, 3, 3, 3, 3, 3, 3, 3, 3, 3, 3, 3, 3, 3, 3, 3, 3, 3, 3, 3, 3, 3, 3, 3, 3, 3, 3, 3, 3, 3, 3, 3, 3, 3, 3, 3, 3, 3, 3, 3, 3, 3, 3, 3, 3, 3, 3, 3, 3, 3, 3, 3, 3, 3, 3, 3, 3, 3, 3, 3, 3, 3, 3, 3, 3, 3, 3, 3, 3, 3, 3, 3, 3, 3, 3, 3, 3, 3, 3, 3, 3, 3, 3, 3, 3, 3, 3, 3, 3, 3, 3, 3, 3, 3, 3, 3, 3, 3, 3, 3, 3]
  int[] faceVertexIndices = [0, 1, 49, 0, 49, 48, 1, 2, 50, 1, 50, 49, 2, 3, 51, 2, 51, 50, 3, 4, 52, 3, 52, 51, 4, 5, 53, 4, 53, 52, 5, 6, 54, 5, 54, 53, 6, 7, 55, 6, 55, 54, 7, 8, 56, 7, 56, 55, 8, 9, 57, 8, 57, 56, 9, 10, 58, 9, 58, 57, 10, 11, 59, 10, 59, 58, 11, 12, 60, 11, 60, 59, 12, 13, 61, 12, 61, 60, 13, 14, 62, 13, 62, 61, 14, 15, 63, 14, 63, 62, 15, 16, 64, 15, 64, 63, 16, 17, 65, 16, 65, 64, 17, 18, 66, 17, 66, 65, 18, 19, 67, 18, 67, 66, 19, 20, 68, 19, 68, 67, 20, 21, 69, 20, 69, 68, 21, 22, 70, 21, 70, 69, 22, 23, 71, 22, 71, 70, 23, 24, 72, 23, 72, 71, 24, 25, 73, 24, 73, 72, 25, 26, 74, 25, 74, 73, 26, 27, 75, 26, 75, 74, 27, 28, 76, 27, 76, 75, 28, 29, 77, 28, 77, 76, 29, 30, 78, 29, 78, 77, 30, 31, 79, 30, 79, 78, 31, 32, 80, 31, 80, 79, 32, 33, 81, 32, 81, 80, 33, 34, 82, 33, 82, 81, 34, 35, 83, 34, 83, 82, 35, 36, 84, 35, 84, 83, 36, 37, 85, 36, 85, 84, 37, 38, 86, 37, 86, 85, 38, 39, 87, 38, 87, 86, 39, 40, 88, 39, 88, 87, 40, 41, 89, 40, 89, 88, 41, 42, 90, 41, 90, 89, 42, 43, 91, 42, 91, 90, 43, 44, 92, 43, 92, 91, 44, 45, 93, 44, 93, 92, 45, 46, 94, 45, 94, 93, 46, 47, 95, 46, 95, 94, 47, 0, 48, 47, 48, 95, 47, 46, 45, 47, 45, 44, 47, 44, 43, 47, 43, 42, 47, 42, 41, 47, 41, 40, 47, 40, 39, 47, 39, 38, 47, 38, 37, 47, 37, 36, 47, 36, 35, 47, 35, 34, 47, 34, 33, 47, 33, 32, 47, 32, 31, 47, 31, 30, 47, 30, 29, 47, 29, 28, 47, 28, 27, 47, 27, 26, 47, 26, 25, 47, 25, 24, 47, 24, 23, 47, 23, 22, 47, 22, 21, 47, 21, 20, 47, 20, 19, 47, 19, 18, 47, 18, 17, 47, 17, 16, 47, 16, 15, 47, 15, 14, 47, 14, 13, 47, 13, 12, 47, 12, 11, 47, 11, 10, 47, 10, 9, 47, 9, 8, 47, 8, 7, 47, 7, 6, 47, 6, 5, 47, 5, 4, 47, 4, 3, 47, 3, 2, 47, 2, 1, 47, 1, 0, 48, 49, 50, 48, 50, 51, 48, 51, 52, 48, 52, 53, 48, 53, 54, 48, 54, 55, 48, 55, 56, 48, 56, 57, 48, 57, 58, 48, 58, 59, 48, 59, 60, 48, 60, 61, 48, 61, 62, 48, 62, 63, 48, 63, 64, 48, 64, 65, 48, 65, 66, 48, 66, 67, 48, 67, 68, 48, 68, 69, 48, 69, 70, 48, 70, 71, 48, 71, 72, 48, 72, 73, 48, 73, 74, 48, 74, 75, 48, 75, 76, 48, 76, 77, 48, 77, 78, 48, 78, 79, 48, 79, 80, 48, 80, 81, 48, 81, 82, 48, 82, 83, 48, 83, 84, 48, 84, 85, 48, 85, 86, 48, 86, 87, 48, 87, 88, 48, 88, 89, 48, 89, 90, 48, 90, 91, 48, 91, 92, 48, 92, 93, 48, 93, 94, 48, 94, 95]
  normal3f[] normals = [(0.9996964, 0.0218412, -0.0114034), (0.9873393, 0.1519941, -0.0453746), (0.9551376, 0.278426, -0.1009514), (0.9010439, 0.3964986, -0.1758085), (0.8241991, 0.5001676, -0.2655716), (0.7264607, 0.5830795, -0.3636938), (0.6131206, 0.6405097, -0.4624181), (0.4920169, 0.6710654, -0.5546086), (0.3713871, 0.6769938, -0.6354141), (0.2578056, 0.6630004, -0.7028277), (0.155252, 0.6345389, -0.7571375), (0.0653136, 0.5965267, -0.7999313), (-0.012077, 0.5527785, -0.8332407), (-0.0778903, 0.5059679, -0.8590283), (-0.133459, 0.45783, -0.8789655), (-0.1801595, 0.4094129, -0.8943845), (-0.2192534, 0.3612958, -0.9063075), (-0.2518256, 0.3137504, -0.9155023), (-0.278773, 0.2668523, -0.9225375), (-0.3008145, 0.2205535, -0.9278291), (-0.31851, 0.1747291, -0.9316765), (-0.3322793, 0.1292058, -0.9342892), (-0.3424184, 0.0837792, -0.9358049), (-0.3491106, 0.038224, -0.9363016), (-0.3524344, -0.0076999, -0.9358049), (-0.3523652, -0.0542442, -0.9342892), (-0.3487727, -0.1016685, -0.9316765), (-0.3414121, -0.1502362, -0.9278291), (-0.3299112, -0.2002076, -0.9225375), (-0.3137504, -0.2518256, -0.9155023), (-0.292238, -0.3052927, -0.9063075), (-0.2644822, -0.3607292, -0.8943845), (-0.2293649, -0.4181045, -0.8789655), (-0.185529, -0.4771262, -0.8590283), (-0.1314041, -0.5370688, -0.8332407), (-0.0653136, -0.5965267, -0.7999313), (0.0142688, -0.6530997, -0.7571375), (0.108234, -0.703078, -0.7028277), (0.2160966, -0.7413172, -0.6354141), (0.3351512, -0.7616318, -0.5546086), (0.4599975, -0.7580051, -0.4624181), (0.5830795, -0.7264607, -0.3636938), (0.6964432, -0.6666623, -0.2655716), (0.7938999, -0.5820776, -0.1758085), (0.8722611, -0.4785074, -0.1009514), (0.931058, -0.3620389, -0.0453746), (0.9712855, -0.2376435, -0.0114034), (0.0310566, -0.0034004, -0.9995118), (0.0312347, -0.0006824, 0.9995118), (0.9939947, 0.1088322, 0.0114034), (0.9703482, 0.2374142, 0.0453746), (0.9272566, 0.3605608, 0.1009514), (0.8630843, 0.4734731, 0.1758085), (0.7775019, 0.5700548, 0.2655716), (0.6729133, 0.6441386, 0.3636938), (0.5550017, 0.6914785, 0.4624181), (0.4316969, 0.7113699, 0.5546086), (0.3110091, 0.7067689, 0.6354141), (0.1990781, 0.6829357, 0.7028277), (0.0993934, 0.6456499, 0.7571375), (0.0131076, 0.5999485, 0.7999313), (-0.0601784, 0.5496257, 0.8332407), (-0.1216643, 0.4972607, 0.8590283), (-0.1728291, 0.4444657, 0.8789655), (-0.2151349, 0.3921649, 0.8943845), (-0.2498891, 0.3408256, 0.9063075), (-0.2781964, 0.2906239, 0.9155023), (-0.3009565, 0.2415568, 0.9225375), (-0.3188815, 0.1935142, 0.9278291), (-0.3325185, 0.1463226, 0.9316765), (-0.3422704, 0.099773, 0.9342892), (-0.3484142, 0.053636, 0.9358049), (-0.3511131, 0.0076711, 0.9363016), (-0.3504243, -0.0383679, 0.9358049), (-0.3463014, -0.0847292, 0.9342892), (-0.3385918, -0.1316603, 0.9316765), (-0.3270289, -0.1794024, 0.9278291), (-0.3112192, -0.2281821, 0.9225375), (-0.2906239, -0.2781964, 0.9155023), (-0.2645362, -0.3295865, 0.9063075), (-0.2320573, -0.3823948, 0.8943845), (-0.1920761, -0.4364933, 0.8789655), (-0.143266, -0.4914726, 0.8590283), (-0.0841258, -0.546473, 0.8332407), (-0.0131076, -0.5999485, 0.7999313), (0.0710999, -0.6493748, 0.7571375), (0.1690611, -0.6909787, 0.7028277), (0.2798444, -0.7196777, 0.6354141), (0.400216, -0.7295454, 0.5546086), (0.524272, -0.7150583, 0.4624181), (0.6441386, -0.6729133, 0.3636938), (0.751863, -0.6034681, 0.2655716), (0.8415819, -0.5107164, 0.1758085), (0.9106244, -0.4007145, 0.1009514), (0.9590533, -0.2795674, 0.0453746), (0.988293, -0.1521409, 0.0114034)] (interpolation = "vertex")
  uniform token subdivisionScheme = "none"
  uniform bool doubleSided = true
  rel material:binding = </Wayfarer/Materials/Seam>
 }
 def Mesh "CameraBezel" (prepend apiSchemas = ["MaterialBindingAPI"]) {
  point3f[] points = [(-0.0598, 0.015, 0.0477664), (-0.0598274, 0.0154177, 0.0477664), (-0.059909, 0.0158282, 0.0477664), (-0.0600436, 0.0162246, 0.0477664), (-0.0602287, 0.0166, 0.0477664), (-0.0604613, 0.016948, 0.0477664), (-0.0607373, 0.0172627, 0.0477664), (-0.061052, 0.0175387, 0.0477664), (-0.0614, 0.0177713, 0.0477664), (-0.0617754, 0.0179564, 0.0477664), (-0.0621718, 0.018091, 0.0477664), (-0.0625823, 0.0181726, 0.0477664), (-0.063, 0.0182, 0.0477664), (-0.0634177, 0.0181726, 0.0477664), (-0.0638282, 0.018091, 0.0477664), (-0.0642246, 0.0179564, 0.0477664), (-0.0646, 0.0177713, 0.0477664), (-0.064948, 0.0175387, 0.0477664), (-0.0652627, 0.0172627, 0.0477664), (-0.0655387, 0.016948, 0.0477664), (-0.0657713, 0.0166, 0.0477664), (-0.0659564, 0.0162246, 0.0477664), (-0.066091, 0.0158282, 0.0477664), (-0.0661726, 0.0154177, 0.0477664), (-0.0662, 0.015, 0.0477664), (-0.0661726, 0.0145823, 0.0477664), (-0.066091, 0.0141718, 0.0477664), (-0.0659564, 0.0137754, 0.0477664), (-0.0657713, 0.0134, 0.0477664), (-0.0655387, 0.013052, 0.0477664), (-0.0652627, 0.0127373, 0.0477664), (-0.064948, 0.0124613, 0.0477664), (-0.0646, 0.0122287, 0.0477664), (-0.0642246, 0.0120436, 0.0477664), (-0.0638282, 0.011909, 0.0477664), (-0.0634177, 0.0118274, 0.0477664), (-0.063, 0.0118, 0.0477664), (-0.0625823, 0.0118274, 0.0477664), (-0.0621718, 0.011909, 0.0477664), (-0.0617754, 0.0120436, 0.0477664), (-0.0614, 0.0122287, 0.0477664), (-0.061052, 0.0124613, 0.0477664), (-0.0607373, 0.0127373, 0.0477664), (-0.0604613, 0.013052, 0.0477664), (-0.0602287, 0.0134, 0.0477664), (-0.0600436, 0.0137754, 0.0477664), (-0.059909, 0.0141718, 0.0477664), (-0.0598274, 0.0145823, 0.0477664), (-0.0598, 0.015, 0.0482664), (-0.0598274, 0.0154177, 0.0482664), (-0.059909, 0.0158282, 0.0482664), (-0.0600436, 0.0162246, 0.0482664), (-0.0602287, 0.0166, 0.0482664), (-0.0604613, 0.016948, 0.0482664), (-0.0607373, 0.0172627, 0.0482664), (-0.061052, 0.0175387, 0.0482664), (-0.0614, 0.0177713, 0.0482664), (-0.0617754, 0.0179564, 0.0482664), (-0.0621718, 0.018091, 0.0482664), (-0.0625823, 0.0181726, 0.0482664), (-0.063, 0.0182, 0.0482664), (-0.0634177, 0.0181726, 0.0482664), (-0.0638282, 0.018091, 0.0482664), (-0.0642246, 0.0179564, 0.0482664), (-0.0646, 0.0177713, 0.0482664), (-0.064948, 0.0175387, 0.0482664), (-0.0652627, 0.0172627, 0.0482664), (-0.0655387, 0.016948, 0.0482664), (-0.0657713, 0.0166, 0.0482664), (-0.0659564, 0.0162246, 0.0482664), (-0.066091, 0.0158282, 0.0482664), (-0.0661726, 0.0154177, 0.0482664), (-0.0662, 0.015, 0.0482664), (-0.0661726, 0.0145823, 0.0482664), (-0.066091, 0.0141718, 0.0482664), (-0.0659564, 0.0137754, 0.0482664), (-0.0657713, 0.0134, 0.0482664), (-0.0655387, 0.013052, 0.0482664), (-0.0652627, 0.0127373, 0.0482664), (-0.064948, 0.0124613, 0.0482664), (-0.0646, 0.0122287, 0.0482664), (-0.0642246, 0.0120436, 0.0482664), (-0.0638282, 0.011909, 0.0482664), (-0.0634177, 0.0118274, 0.0482664), (-0.063, 0.0118, 0.0482664), (-0.0625823, 0.0118274, 0.0482664), (-0.0621718, 0.011909, 0.0482664), (-0.0617754, 0.0120436, 0.0482664), (-0.0614, 0.0122287, 0.0482664), (-0.061052, 0.0124613, 0.0482664), (-0.0607373, 0.0127373, 0.0482664), (-0.0604613, 0.013052, 0.0482664), (-0.0602287, 0.0134, 0.0482664), (-0.0600436, 0.0137754, 0.0482664), (-0.059909, 0.0141718, 0.0482664), (-0.0598274, 0.0145823, 0.0482664)]
  int[] faceVertexCounts = [3, 3, 3, 3, 3, 3, 3, 3, 3, 3, 3, 3, 3, 3, 3, 3, 3, 3, 3, 3, 3, 3, 3, 3, 3, 3, 3, 3, 3, 3, 3, 3, 3, 3, 3, 3, 3, 3, 3, 3, 3, 3, 3, 3, 3, 3, 3, 3, 3, 3, 3, 3, 3, 3, 3, 3, 3, 3, 3, 3, 3, 3, 3, 3, 3, 3, 3, 3, 3, 3, 3, 3, 3, 3, 3, 3, 3, 3, 3, 3, 3, 3, 3, 3, 3, 3, 3, 3, 3, 3, 3, 3, 3, 3, 3, 3, 3, 3, 3, 3, 3, 3, 3, 3, 3, 3, 3, 3, 3, 3, 3, 3, 3, 3, 3, 3, 3, 3, 3, 3, 3, 3, 3, 3, 3, 3, 3, 3, 3, 3, 3, 3, 3, 3, 3, 3, 3, 3, 3, 3, 3, 3, 3, 3, 3, 3, 3, 3, 3, 3, 3, 3, 3, 3, 3, 3, 3, 3, 3, 3, 3, 3, 3, 3, 3, 3, 3, 3, 3, 3, 3, 3, 3, 3, 3, 3, 3, 3, 3, 3, 3, 3, 3, 3, 3, 3, 3, 3]
  int[] faceVertexIndices = [0, 1, 49, 0, 49, 48, 1, 2, 50, 1, 50, 49, 2, 3, 51, 2, 51, 50, 3, 4, 52, 3, 52, 51, 4, 5, 53, 4, 53, 52, 5, 6, 54, 5, 54, 53, 6, 7, 55, 6, 55, 54, 7, 8, 56, 7, 56, 55, 8, 9, 57, 8, 57, 56, 9, 10, 58, 9, 58, 57, 10, 11, 59, 10, 59, 58, 11, 12, 60, 11, 60, 59, 12, 13, 61, 12, 61, 60, 13, 14, 62, 13, 62, 61, 14, 15, 63, 14, 63, 62, 15, 16, 64, 15, 64, 63, 16, 17, 65, 16, 65, 64, 17, 18, 66, 17, 66, 65, 18, 19, 67, 18, 67, 66, 19, 20, 68, 19, 68, 67, 20, 21, 69, 20, 69, 68, 21, 22, 70, 21, 70, 69, 22, 23, 71, 22, 71, 70, 23, 24, 72, 23, 72, 71, 24, 25, 73, 24, 73, 72, 25, 26, 74, 25, 74, 73, 26, 27, 75, 26, 75, 74, 27, 28, 76, 27, 76, 75, 28, 29, 77, 28, 77, 76, 29, 30, 78, 29, 78, 77, 30, 31, 79, 30, 79, 78, 31, 32, 80, 31, 80, 79, 32, 33, 81, 32, 81, 80, 33, 34, 82, 33, 82, 81, 34, 35, 83, 34, 83, 82, 35, 36, 84, 35, 84, 83, 36, 37, 85, 36, 85, 84, 37, 38, 86, 37, 86, 85, 38, 39, 87, 38, 87, 86, 39, 40, 88, 39, 88, 87, 40, 41, 89, 40, 89, 88, 41, 42, 90, 41, 90, 89, 42, 43, 91, 42, 91, 90, 43, 44, 92, 43, 92, 91, 44, 45, 93, 44, 93, 92, 45, 46, 94, 45, 94, 93, 46, 47, 95, 46, 95, 94, 47, 0, 48, 47, 48, 95, 47, 46, 45, 47, 45, 44, 47, 44, 43, 47, 43, 42, 47, 42, 41, 47, 41, 40, 47, 40, 39, 47, 39, 38, 47, 38, 37, 47, 37, 36, 47, 36, 35, 47, 35, 34, 47, 34, 33, 47, 33, 32, 47, 32, 31, 47, 31, 30, 47, 30, 29, 47, 29, 28, 47, 28, 27, 47, 27, 26, 47, 26, 25, 47, 25, 24, 47, 24, 23, 47, 23, 22, 47, 22, 21, 47, 21, 20, 47, 20, 19, 47, 19, 18, 47, 18, 17, 47, 17, 16, 47, 16, 15, 47, 15, 14, 47, 14, 13, 47, 13, 12, 47, 12, 11, 47, 11, 10, 47, 10, 9, 47, 9, 8, 47, 8, 7, 47, 7, 6, 47, 6, 5, 47, 5, 4, 47, 4, 3, 47, 3, 2, 47, 2, 1, 47, 1, 0, 48, 49, 50, 48, 50, 51, 48, 51, 52, 48, 52, 53, 48, 53, 54, 48, 54, 55, 48, 55, 56, 48, 56, 57, 48, 57, 58, 48, 58, 59, 48, 59, 60, 48, 60, 61, 48, 61, 62, 48, 62, 63, 48, 63, 64, 48, 64, 65, 48, 65, 66, 48, 66, 67, 48, 67, 68, 48, 68, 69, 48, 69, 70, 48, 70, 71, 48, 71, 72, 48, 72, 73, 48, 73, 74, 48, 74, 75, 48, 75, 76, 48, 76, 77, 48, 77, 78, 48, 78, 79, 48, 79, 80, 48, 80, 81, 48, 81, 82, 48, 82, 83, 48, 83, 84, 48, 84, 85, 48, 85, 86, 48, 86, 87, 48, 87, 88, 48, 88, 89, 48, 89, 90, 48, 90, 91, 48, 91, 92, 48, 92, 93, 48, 93, 94, 48, 94, 95]
  normal3f[] normals = [(0.9990964, 0.0218281, -0.0364689), (0.9780797, 0.1505686, -0.143837), (0.9131124, 0.2661755, -0.3088307), (0.7946827, 0.3496951, -0.4961782), (0.6413115, 0.3891817, -0.6612542), (0.4873266, 0.3911432, -0.7807175), (0.3554221, 0.3712994, -0.8577948), (0.2510115, 0.3423563, -0.90542), (0.170752, 0.3112604, -0.9348587), (0.1092921, 0.2810673, -0.9534445), (0.0618691, 0.2528687, -0.9655204), (0.0248418, 0.226887, -0.9736042), (-0.004435, 0.2029965, -0.9791694), (-0.0278562, 0.1809515, -0.9830974), (-0.0467813, 0.1604827, -0.9859294), (-0.0621932, 0.1413341, -0.9880064), (-0.0748097, 0.1232749, -0.9895488), (-0.0851596, 0.1061006, -0.990702), (-0.0936348, 0.0896309, -0.9915638), (-0.1005264, 0.0737047, -0.9922006), (-0.1060492, 0.0581768, -0.9926576), (-0.1103586, 0.0429126, -0.992965), (-0.1135621, 0.0277851, -0.9931423), (-0.1157268, 0.0126709, -0.9932003), (-0.1168838, -0.0025537, -0.9931423), (-0.1170296, -0.0180159, -0.992965), (-0.1161253, -0.0338509, -0.9926576), (-0.1140934, -0.0502061, -0.9922006), (-0.1108112, -0.0672461, -0.9915638), (-0.1061006, -0.0851596, -0.990702), (-0.0997122, -0.1041665, -0.9895488), (-0.0913024, -0.1245279, -0.9880064), (-0.0803991, -0.1465578, -0.9859294), (-0.0663515, -0.1706367, -0.9830974), (-0.0482554, -0.1972274, -0.9791694), (-0.0248418, -0.226887, -0.9736042), (0.0056862, -0.2602653, -0.9655204), (0.0458839, -0.2980575, -0.9534445), (0.0993544, -0.3408342, -0.9348587), (0.1709836, -0.3885605, -0.90542), (0.2666577, -0.4394108, -0.8577948), (0.3911432, -0.4873266, -0.7807175), (0.5419043, -0.5187317, -0.6612542), (0.7001861, -0.5133679, -0.4961782), (0.8338824, -0.4574535, -0.3088307), (0.9223262, -0.3586436, -0.143837), (0.9707025, -0.2375009, -0.0364689), (0.0097095, -0.0010631, -0.9999523), (0.0097652, -0.0002133, 0.9999523), (0.9933981, 0.1087669, 0.0364689), (0.961248, 0.2351876, 0.143837), (0.8864581, 0.3446964, 0.3088307), (0.7612039, 0.4175833, 0.4961782), (0.6049763, 0.4435612, 0.6612542), (0.4514058, 0.432103, 0.7807175), (0.321731, 0.4008457, 0.8577948), (0.2202381, 0.3629184, 0.90542), (0.1429922, 0.32495, 0.9348587), (0.0843957, 0.2895185, 0.9534445), (0.039609, 0.2572965, 0.9655204), (0.0049854, 0.2281885, 0.9736042), (-0.0220993, 0.2018387, 0.9791694), (-0.0435113, 0.1778375, 0.9830974), (-0.0605816, 0.1557981, 0.9859294), (-0.0742671, 0.1353799, 0.9880064), (-0.0852627, 0.1162904, 0.9895488), (-0.0940774, 0.0982799, 0.990702), (-0.1010858, 0.0811346, 0.9915638), (-0.1065641, 0.0646687, 0.9922006), (-0.1107134, 0.0487187, 0.9926576), (-0.1136768, 0.0331372, 0.992965), (-0.1155506, 0.0177882, 0.9931423), (-0.1163907, 0.0025429, 0.9932003), (-0.1162172, -0.0127246, 0.9931423), (-0.1150156, -0.0281408, 0.992965), (-0.1127355, -0.0438368, 0.9926576), (-0.1092868, -0.0599528, 0.9922006), (-0.1045329, -0.0766423, 0.9915638), (-0.0982799, -0.0940774, 0.990702), (-0.0902603, -0.1124556, 0.9895488), (-0.0801089, -0.1320072, 0.9880064), (-0.0673282, -0.1530036, 0.9859294), (-0.0512368, -0.1757674, 0.9830974), (-0.0308934, -0.2006809, 0.9791694), (-0.0049854, -0.2281885, 0.9736042), (0.0283339, -0.2587809, 0.9655204), (0.0716705, -0.2929282, 0.9534445), (0.1286636, -0.3308851, 0.9348587), (0.2041775, -0.372191, 0.90542), (0.3039171, -0.4145148, 0.8577948), (0.432103, -0.4514058, 0.7807175), (0.5850266, -0.4695601, 0.6612542), (0.7422397, -0.4504303, 0.4961782), (0.8705577, -0.3830834, 0.3088307), (0.950059, -0.2769455, 0.143837), (0.9876998, -0.1520496, 0.0364689)] (interpolation = "vertex")
  uniform token subdivisionScheme = "none"
  uniform bool doubleSided = true
  rel material:binding = </Wayfarer/Materials/Metal>
 }
 def Mesh "CameraGlass" (prepend apiSchemas = ["MaterialBindingAPI"]) {
  point3f[] points = [(-0.06035, 0.015, 0.0481664), (-0.0603727, 0.0153459, 0.0481664), (-0.0604403, 0.0156859, 0.0481664), (-0.0605517, 0.0160141, 0.0481664), (-0.060705, 0.016325, 0.0481664), (-0.0608976, 0.0166132, 0.0481664), (-0.0611262, 0.0168738, 0.0481664), (-0.0613868, 0.0171024, 0.0481664), (-0.061675, 0.017295, 0.0481664), (-0.0619859, 0.0174483, 0.0481664), (-0.0623141, 0.0175597, 0.0481664), (-0.0626541, 0.0176273, 0.0481664), (-0.063, 0.01765, 0.0481664), (-0.0633459, 0.0176273, 0.0481664), (-0.0636859, 0.0175597, 0.0481664), (-0.0640141, 0.0174483, 0.0481664), (-0.064325, 0.017295, 0.0481664), (-0.0646132, 0.0171024, 0.0481664), (-0.0648738, 0.0168738, 0.0481664), (-0.0651024, 0.0166132, 0.0481664), (-0.065295, 0.016325, 0.0481664), (-0.0654483, 0.0160141, 0.0481664), (-0.0655597, 0.0156859, 0.0481664), (-0.0656273, 0.0153459, 0.0481664), (-0.06565, 0.015, 0.0481664), (-0.0656273, 0.0146541, 0.0481664), (-0.0655597, 0.0143141, 0.0481664), (-0.0654483, 0.0139859, 0.0481664), (-0.065295, 0.013675, 0.0481664), (-0.0651024, 0.0133868, 0.0481664), (-0.0648738, 0.0131262, 0.0481664), (-0.0646132, 0.0128976, 0.0481664), (-0.064325, 0.012705, 0.0481664), (-0.0640141, 0.0125517, 0.0481664), (-0.0636859, 0.0124403, 0.0481664), (-0.0633459, 0.0123727, 0.0481664), (-0.063, 0.01235, 0.0481664), (-0.0626541, 0.0123727, 0.0481664), (-0.0623141, 0.0124403, 0.0481664), (-0.0619859, 0.0125517, 0.0481664), (-0.061675, 0.012705, 0.0481664), (-0.0613868, 0.0128976, 0.0481664), (-0.0611262, 0.0131262, 0.0481664), (-0.0608976, 0.0133868, 0.0481664), (-0.060705, 0.013675, 0.0481664), (-0.0605517, 0.0139859, 0.0481664), (-0.0604403, 0.0143141, 0.0481664), (-0.0603727, 0.0146541, 0.0481664), (-0.06035, 0.015, 0.0486664), (-0.0603727, 0.0153459, 0.0486664), (-0.0604403, 0.0156859, 0.0486664), (-0.0605517, 0.0160141, 0.0486664), (-0.060705, 0.016325, 0.0486664), (-0.0608976, 0.0166132, 0.0486664), (-0.0611262, 0.0168738, 0.0486664), (-0.0613868, 0.0171024, 0.0486664), (-0.061675, 0.017295, 0.0486664), (-0.0619859, 0.0174483, 0.0486664), (-0.0623141, 0.0175597, 0.0486664), (-0.0626541, 0.0176273, 0.0486664), (-0.063, 0.01765, 0.0486664), (-0.0633459, 0.0176273, 0.0486664), (-0.0636859, 0.0175597, 0.0486664), (-0.0640141, 0.0174483, 0.0486664), (-0.064325, 0.017295, 0.0486664), (-0.0646132, 0.0171024, 0.0486664), (-0.0648738, 0.0168738, 0.0486664), (-0.0651024, 0.0166132, 0.0486664), (-0.065295, 0.016325, 0.0486664), (-0.0654483, 0.0160141, 0.0486664), (-0.0655597, 0.0156859, 0.0486664), (-0.0656273, 0.0153459, 0.0486664), (-0.06565, 0.015, 0.0486664), (-0.0656273, 0.0146541, 0.0486664), (-0.0655597, 0.0143141, 0.0486664), (-0.0654483, 0.0139859, 0.0486664), (-0.065295, 0.013675, 0.0486664), (-0.0651024, 0.0133868, 0.0486664), (-0.0648738, 0.0131262, 0.0486664), (-0.0646132, 0.0128976, 0.0486664), (-0.064325, 0.012705, 0.0486664), (-0.0640141, 0.0125517, 0.0486664), (-0.0636859, 0.0124403, 0.0486664), (-0.0633459, 0.0123727, 0.0486664), (-0.063, 0.01235, 0.0486664), (-0.0626541, 0.0123727, 0.0486664), (-0.0623141, 0.0124403, 0.0486664), (-0.0619859, 0.0125517, 0.0486664), (-0.061675, 0.012705, 0.0486664), (-0.0613868, 0.0128976, 0.0486664), (-0.0611262, 0.0131262, 0.0486664), (-0.0608976, 0.0133868, 0.0486664), (-0.060705, 0.013675, 0.0486664), (-0.0605517, 0.0139859, 0.0486664), (-0.0604403, 0.0143141, 0.0486664), (-0.0603727, 0.0146541, 0.0486664)]
  int[] faceVertexCounts = [3, 3, 3, 3, 3, 3, 3, 3, 3, 3, 3, 3, 3, 3, 3, 3, 3, 3, 3, 3, 3, 3, 3, 3, 3, 3, 3, 3, 3, 3, 3, 3, 3, 3, 3, 3, 3, 3, 3, 3, 3, 3, 3, 3, 3, 3, 3, 3, 3, 3, 3, 3, 3, 3, 3, 3, 3, 3, 3, 3, 3, 3, 3, 3, 3, 3, 3, 3, 3, 3, 3, 3, 3, 3, 3, 3, 3, 3, 3, 3, 3, 3, 3, 3, 3, 3, 3, 3, 3, 3, 3, 3, 3, 3, 3, 3, 3, 3, 3, 3, 3, 3, 3, 3, 3, 3, 3, 3, 3, 3, 3, 3, 3, 3, 3, 3, 3, 3, 3, 3, 3, 3, 3, 3, 3, 3, 3, 3, 3, 3, 3, 3, 3, 3, 3, 3, 3, 3, 3, 3, 3, 3, 3, 3, 3, 3, 3, 3, 3, 3, 3, 3, 3, 3, 3, 3, 3, 3, 3, 3, 3, 3, 3, 3, 3, 3, 3, 3, 3, 3, 3, 3, 3, 3, 3, 3, 3, 3, 3, 3, 3, 3, 3, 3, 3, 3, 3, 3]
  int[] faceVertexIndices = [0, 1, 49, 0, 49, 48, 1, 2, 50, 1, 50, 49, 2, 3, 51, 2, 51, 50, 3, 4, 52, 3, 52, 51, 4, 5, 53, 4, 53, 52, 5, 6, 54, 5, 54, 53, 6, 7, 55, 6, 55, 54, 7, 8, 56, 7, 56, 55, 8, 9, 57, 8, 57, 56, 9, 10, 58, 9, 58, 57, 10, 11, 59, 10, 59, 58, 11, 12, 60, 11, 60, 59, 12, 13, 61, 12, 61, 60, 13, 14, 62, 13, 62, 61, 14, 15, 63, 14, 63, 62, 15, 16, 64, 15, 64, 63, 16, 17, 65, 16, 65, 64, 17, 18, 66, 17, 66, 65, 18, 19, 67, 18, 67, 66, 19, 20, 68, 19, 68, 67, 20, 21, 69, 20, 69, 68, 21, 22, 70, 21, 70, 69, 22, 23, 71, 22, 71, 70, 23, 24, 72, 23, 72, 71, 24, 25, 73, 24, 73, 72, 25, 26, 74, 25, 74, 73, 26, 27, 75, 26, 75, 74, 27, 28, 76, 27, 76, 75, 28, 29, 77, 28, 77, 76, 29, 30, 78, 29, 78, 77, 30, 31, 79, 30, 79, 78, 31, 32, 80, 31, 80, 79, 32, 33, 81, 32, 81, 80, 33, 34, 82, 33, 82, 81, 34, 35, 83, 34, 83, 82, 35, 36, 84, 35, 84, 83, 36, 37, 85, 36, 85, 84, 37, 38, 86, 37, 86, 85, 38, 39, 87, 38, 87, 86, 39, 40, 88, 39, 88, 87, 40, 41, 89, 40, 89, 88, 41, 42, 90, 41, 90, 89, 42, 43, 91, 42, 91, 90, 43, 44, 92, 43, 92, 91, 44, 45, 93, 44, 93, 92, 45, 46, 94, 45, 94, 93, 46, 47, 95, 46, 95, 94, 47, 0, 48, 47, 48, 95, 47, 46, 45, 47, 45, 44, 47, 44, 43, 47, 43, 42, 47, 42, 41, 47, 41, 40, 47, 40, 39, 47, 39, 38, 47, 38, 37, 47, 37, 36, 47, 36, 35, 47, 35, 34, 47, 34, 33, 47, 33, 32, 47, 32, 31, 47, 31, 30, 47, 30, 29, 47, 29, 28, 47, 28, 27, 47, 27, 26, 47, 26, 25, 47, 25, 24, 47, 24, 23, 47, 23, 22, 47, 22, 21, 47, 21, 20, 47, 20, 19, 47, 19, 18, 47, 18, 17, 47, 17, 16, 47, 16, 15, 47, 15, 14, 47, 14, 13, 47, 13, 12, 47, 12, 11, 47, 11, 10, 47, 10, 9, 47, 9, 8, 47, 8, 7, 47, 7, 6, 47, 6, 5, 47, 5, 4, 47, 4, 3, 47, 3, 2, 47, 2, 1, 47, 1, 0, 48, 49, 50, 48, 50, 51, 48, 51, 52, 48, 52, 53, 48, 53, 54, 48, 54, 55, 48, 55, 56, 48, 56, 57, 48, 57, 58, 48, 58, 59, 48, 59, 60, 48, 60, 61, 48, 61, 62, 48, 62, 63, 48, 63, 64, 48, 64, 65, 48, 65, 66, 48, 66, 67, 48, 67, 68, 48, 68, 69, 48, 69, 70, 48, 70, 71, 48, 71, 72, 48, 72, 73, 48, 73, 74, 48, 74, 75, 48, 75, 76, 48, 76, 77, 48, 77, 78, 48, 78, 79, 48, 79, 80, 48, 80, 81, 48, 81, 82, 48, 82, 83, 48, 83, 84, 48, 84, 85, 48, 85, 86, 48, 86, 87, 48, 87, 88, 48, 88, 89, 48, 89, 90, 48, 90, 91, 48, 91, 92, 48, 92, 93, 48, 93, 94, 48, 94, 95]
  normal3f[] normals = [(0.9993052, 0.0218326, -0.0302072), (0.9812744, 0.1510604, -0.1195041), (0.9271099, 0.2702558, -0.259671), (0.827326, 0.3640595, -0.4277761), (0.690497, 0.4190301, -0.5895996), (0.5419816, 0.435011, -0.719042), (0.4053567, 0.4234647, -0.8101627), (0.2913197, 0.397333, -0.8702065), (0.2004837, 0.3654575, -0.9089813), (0.1293089, 0.3325446, -0.9341806), (0.0735763, 0.3007178, -0.9508708), (0.0296459, 0.2707645, -0.962189), (-0.0053056, 0.242845, -0.9700506), (-0.0333824, 0.2168487, -0.9756343), (-0.0561324, 0.1925617, -0.9796781), (-0.0746943, 0.169743, -0.9826536), (-0.089909, 0.1481562, -0.9848686), (-0.1024009, 0.1275817, -0.9865277), (-0.1126358, 0.1078193, -0.9877693), (-0.1209606, 0.0886868, -0.9886876), (-0.1276323, 0.0700169, -0.9893471), (-0.1328372, 0.0516533, -0.989791), (-0.1367042, 0.0334473, -0.9900471), (-0.1393137, 0.0152534, -0.9901308), (-0.1407029, -0.0030741, -0.9900471), (-0.140867, -0.0216855, -0.989791), (-0.1397591, -0.0407403, -0.9893471), (-0.1372853, -0.0604115, -0.9886876), (-0.1332977, -0.0808921, -0.9877693), (-0.1275817, -0.1024009, -0.9865277), (-0.1198377, -0.125191, -0.9848686), (-0.1096546, -0.1495587, -0.9826536), (-0.0964701, -0.1758533, -0.9796781), (-0.0795144, -0.2044876, -0.9756343), (-0.0577281, -0.2359434, -0.9700506), (-0.0296459, -0.2707645, -0.962189), (0.0067622, -0.3095141, -0.9508708), (0.0542875, -0.3526465, -0.9341806), (0.1166541, -0.4001809, -0.9089813), (0.1984407, -0.4509568, -0.8702065), (0.3041214, -0.5011453, -0.8101627), (0.435011, -0.5419816, -0.719042), (0.5834658, -0.5585159, -0.5895996), (0.7289478, -0.5344556, -0.4277761), (0.8466654, -0.464466, -0.259671), (0.9253388, -0.359815, -0.1195041), (0.9709054, -0.2375505, -0.0302072), (0.0117244, -0.0012837, -0.9999304), (0.0117916, -0.0002576, 0.9999304), (0.9936057, 0.1087896, 0.0302072), (0.9643877, 0.2359558, 0.1195041), (0.9000471, 0.3499804, 0.259671), (0.792472, 0.4347364, 0.4277761), (0.6513751, 0.4775802, 0.5895996), (0.5020322, 0.4805646, 0.719042), (0.3669322, 0.4571621, 0.8101627), (0.2556046, 0.4211971, 0.8702065), (0.1678902, 0.3815309, 0.9089813), (0.0998527, 0.3425436, 0.9341806), (0.0471041, 0.3059835, 0.9508708), (0.0059495, 0.2723176, 0.962189), (-0.0264374, 0.2414599, 0.9700506), (-0.0521431, 0.2131169, 0.9756343), (-0.0726913, 0.1869407, 0.9796781), (-0.0891951, 0.162592, 0.9826536), (-0.1024718, 0.139762, 0.9848686), (-0.1131242, 0.1181776, 0.9865277), (-0.1215988, 0.0975989, 0.9877693), (-0.1282256, 0.077814, 0.9886876), (-0.1332458, 0.058634, 0.9893471), (-0.1368314, 0.0398868, 0.989791), (-0.1390979, 0.0214132, 0.9900471), (-0.1401129, 0.0030612, 0.9901308), (-0.1399004, -0.0153177, 0.9900471), (-0.1384429, -0.0338727, 0.989791), (-0.1356795, -0.0527585, 0.9893471), (-0.1315017, -0.0721396, 0.9886876), (-0.1257454, -0.092195, 0.9877693), (-0.1181776, -0.1131242, 0.9865277), (-0.1084781, -0.1351532, 0.9848686), (-0.0962112, -0.1585412, 0.9826536), (-0.0807865, -0.1835876, 0.9796781), (-0.0614012, -0.2106362, 0.9756343), (-0.0369579, -0.2400749, 0.9700506), (-0.0059495, -0.2723176, 0.962189), (0.0336953, -0.3077488, 0.9508708), (0.0847969, -0.3465778, 0.9341806), (0.1510667, -0.3884994, 0.9089813), (0.2369651, -0.4319587, 0.8702065), (0.3466156, -0.4727515, 0.8101627), (0.4805646, -0.5020322, 0.719042), (0.6298953, -0.5055732, 0.5895996), (0.7727288, -0.4689327, 0.4277761), (0.8839029, -0.3889558, 0.259671), (0.9531622, -0.2778501, 0.1195041), (0.9879063, -0.1520814, 0.0302072)] (interpolation = "vertex")
  uniform token subdivisionScheme = "none"
  uniform bool doubleSided = true
  rel material:binding = </Wayfarer/Materials/Camera>
 }
 def Mesh "CameraAperture" (prepend apiSchemas = ["MaterialBindingAPI"]) {
  point3f[] points = [(-0.06175, 0.015, 0.0486664), (-0.0617607, 0.0151632, 0.0486664), (-0.0617926, 0.0153235, 0.0486664), (-0.0618452, 0.0154784, 0.0486664), (-0.0619175, 0.015625, 0.0486664), (-0.0620083, 0.015761, 0.0486664), (-0.0621161, 0.0158839, 0.0486664), (-0.062239, 0.0159917, 0.0486664), (-0.062375, 0.0160825, 0.0486664), (-0.0625216, 0.0161548, 0.0486664), (-0.0626765, 0.0162074, 0.0486664), (-0.0628368, 0.0162393, 0.0486664), (-0.063, 0.01625, 0.0486664), (-0.0631632, 0.0162393, 0.0486664), (-0.0633235, 0.0162074, 0.0486664), (-0.0634784, 0.0161548, 0.0486664), (-0.063625, 0.0160825, 0.0486664), (-0.063761, 0.0159917, 0.0486664), (-0.0638839, 0.0158839, 0.0486664), (-0.0639917, 0.015761, 0.0486664), (-0.0640825, 0.015625, 0.0486664), (-0.0641548, 0.0154784, 0.0486664), (-0.0642074, 0.0153235, 0.0486664), (-0.0642393, 0.0151632, 0.0486664), (-0.06425, 0.015, 0.0486664), (-0.0642393, 0.0148368, 0.0486664), (-0.0642074, 0.0146765, 0.0486664), (-0.0641548, 0.0145216, 0.0486664), (-0.0640825, 0.014375, 0.0486664), (-0.0639917, 0.014239, 0.0486664), (-0.0638839, 0.0141161, 0.0486664), (-0.063761, 0.0140083, 0.0486664), (-0.063625, 0.0139175, 0.0486664), (-0.0634784, 0.0138452, 0.0486664), (-0.0633235, 0.0137926, 0.0486664), (-0.0631632, 0.0137607, 0.0486664), (-0.063, 0.01375, 0.0486664), (-0.0628368, 0.0137607, 0.0486664), (-0.0626765, 0.0137926, 0.0486664), (-0.0625216, 0.0138452, 0.0486664), (-0.062375, 0.0139175, 0.0486664), (-0.062239, 0.0140083, 0.0486664), (-0.0621161, 0.0141161, 0.0486664), (-0.0620083, 0.014239, 0.0486664), (-0.0619175, 0.014375, 0.0486664), (-0.0618452, 0.0145216, 0.0486664), (-0.0617926, 0.0146765, 0.0486664), (-0.0617607, 0.0148368, 0.0486664), (-0.06175, 0.015, 0.0488664), (-0.0617607, 0.0151632, 0.0488664), (-0.0617926, 0.0153235, 0.0488664), (-0.0618452, 0.0154784, 0.0488664), (-0.0619175, 0.015625, 0.0488664), (-0.0620083, 0.015761, 0.0488664), (-0.0621161, 0.0158839, 0.0488664), (-0.062239, 0.0159917, 0.0488664), (-0.062375, 0.0160825, 0.0488664), (-0.0625216, 0.0161548, 0.0488664), (-0.0626765, 0.0162074, 0.0488664), (-0.0628368, 0.0162393, 0.0488664), (-0.063, 0.01625, 0.0488664), (-0.0631632, 0.0162393, 0.0488664), (-0.0633235, 0.0162074, 0.0488664), (-0.0634784, 0.0161548, 0.0488664), (-0.063625, 0.0160825, 0.0488664), (-0.063761, 0.0159917, 0.0488664), (-0.0638839, 0.0158839, 0.0488664), (-0.0639917, 0.015761, 0.0488664), (-0.0640825, 0.015625, 0.0488664), (-0.0641548, 0.0154784, 0.0488664), (-0.0642074, 0.0153235, 0.0488664), (-0.0642393, 0.0151632, 0.0488664), (-0.06425, 0.015, 0.0488664), (-0.0642393, 0.0148368, 0.0488664), (-0.0642074, 0.0146765, 0.0488664), (-0.0641548, 0.0145216, 0.0488664), (-0.0640825, 0.014375, 0.0488664), (-0.0639917, 0.014239, 0.0488664), (-0.0638839, 0.0141161, 0.0488664), (-0.063761, 0.0140083, 0.0488664), (-0.063625, 0.0139175, 0.0488664), (-0.0634784, 0.0138452, 0.0488664), (-0.0633235, 0.0137926, 0.0488664), (-0.0631632, 0.0137607, 0.0488664), (-0.063, 0.01375, 0.0488664), (-0.0628368, 0.0137607, 0.0488664), (-0.0626765, 0.0137926, 0.0488664), (-0.0625216, 0.0138452, 0.0488664), (-0.062375, 0.0139175, 0.0488664), (-0.062239, 0.0140083, 0.0488664), (-0.0621161, 0.0141161, 0.0488664), (-0.0620083, 0.014239, 0.0488664), (-0.0619175, 0.014375, 0.0488664), (-0.0618452, 0.0145216, 0.0488664), (-0.0617926, 0.0146765, 0.0488664), (-0.0617607, 0.0148368, 0.0488664)]
  int[] faceVertexCounts = [3, 3, 3, 3, 3, 3, 3, 3, 3, 3, 3, 3, 3, 3, 3, 3, 3, 3, 3, 3, 3, 3, 3, 3, 3, 3, 3, 3, 3, 3, 3, 3, 3, 3, 3, 3, 3, 3, 3, 3, 3, 3, 3, 3, 3, 3, 3, 3, 3, 3, 3, 3, 3, 3, 3, 3, 3, 3, 3, 3, 3, 3, 3, 3, 3, 3, 3, 3, 3, 3, 3, 3, 3, 3, 3, 3, 3, 3, 3, 3, 3, 3, 3, 3, 3, 3, 3, 3, 3, 3, 3, 3, 3, 3, 3, 3, 3, 3, 3, 3, 3, 3, 3, 3, 3, 3, 3, 3, 3, 3, 3, 3, 3, 3, 3, 3, 3, 3, 3, 3, 3, 3, 3, 3, 3, 3, 3, 3, 3, 3, 3, 3, 3, 3, 3, 3, 3, 3, 3, 3, 3, 3, 3, 3, 3, 3, 3, 3, 3, 3, 3, 3, 3, 3, 3, 3, 3, 3, 3, 3, 3, 3, 3, 3, 3, 3, 3, 3, 3, 3, 3, 3, 3, 3, 3, 3, 3, 3, 3, 3, 3, 3, 3, 3, 3, 3, 3, 3]
  int[] faceVertexIndices = [0, 1, 49, 0, 49, 48, 1, 2, 50, 1, 50, 49, 2, 3, 51, 2, 51, 50, 3, 4, 52, 3, 52, 51, 4, 5, 53, 4, 53, 52, 5, 6, 54, 5, 54, 53, 6, 7, 55, 6, 55, 54, 7, 8, 56, 7, 56, 55, 8, 9, 57, 8, 57, 56, 9, 10, 58, 9, 58, 57, 10, 11, 59, 10, 59, 58, 11, 12, 60, 11, 60, 59, 12, 13, 61, 12, 61, 60, 13, 14, 62, 13, 62, 61, 14, 15, 63, 14, 63, 62, 15, 16, 64, 15, 64, 63, 16, 17, 65, 16, 65, 64, 17, 18, 66, 17, 66, 65, 18, 19, 67, 18, 67, 66, 19, 20, 68, 19, 68, 67, 20, 21, 69, 20, 69, 68, 21, 22, 70, 21, 70, 69, 22, 23, 71, 22, 71, 70, 23, 24, 72, 23, 72, 71, 24, 25, 73, 24, 73, 72, 25, 26, 74, 25, 74, 73, 26, 27, 75, 26, 75, 74, 27, 28, 76, 27, 76, 75, 28, 29, 77, 28, 77, 76, 29, 30, 78, 29, 78, 77, 30, 31, 79, 30, 79, 78, 31, 32, 80, 31, 80, 79, 32, 33, 81, 32, 81, 80, 33, 34, 82, 33, 82, 81, 34, 35, 83, 34, 83, 82, 35, 36, 84, 35, 84, 83, 36, 37, 85, 36, 85, 84, 37, 38, 86, 37, 86, 85, 38, 39, 87, 38, 87, 86, 39, 40, 88, 39, 88, 87, 40, 41, 89, 40, 89, 88, 41, 42, 90, 41, 90, 89, 42, 43, 91, 42, 91, 90, 43, 44, 92, 43, 92, 91, 44, 45, 93, 44, 93, 92, 45, 46, 94, 45, 94, 93, 46, 47, 95, 46, 95, 94, 47, 0, 48, 47, 48, 95, 47, 46, 45, 47, 45, 44, 47, 44, 43, 47, 43, 42, 47, 42, 41, 47, 41, 40, 47, 40, 39, 47, 39, 38, 47, 38, 37, 47, 37, 36, 47, 36, 35, 47, 35, 34, 47, 34, 33, 47, 33, 32, 47, 32, 31, 47, 31, 30, 47, 30, 29, 47, 29, 28, 47, 28, 27, 47, 27, 26, 47, 26, 25, 47, 25, 24, 47, 24, 23, 47, 23, 22, 47, 22, 21, 47, 21, 20, 47, 20, 19, 47, 19, 18, 47, 18, 17, 47, 17, 16, 47, 16, 15, 47, 15, 14, 47, 14, 13, 47, 13, 12, 47, 12, 11, 47, 11, 10, 47, 10, 9, 47, 9, 8, 47, 8, 7, 47, 7, 6, 47, 6, 5, 47, 5, 4, 47, 4, 3, 47, 3, 2, 47, 2, 1, 47, 1, 0, 48, 49, 50, 48, 50, 51, 48, 51, 52, 48, 52, 53, 48, 53, 54, 48, 54, 55, 48, 55, 56, 48, 56, 57, 48, 57, 58, 48, 58, 59, 48, 59, 60, 48, 60, 61, 48, 61, 62, 48, 62, 63, 48, 63, 64, 48, 64, 65, 48, 65, 66, 48, 66, 67, 48, 67, 68, 48, 68, 69, 48, 69, 70, 48, 70, 71, 48, 71, 72, 48, 72, 73, 48, 73, 74, 48, 74, 75, 48, 75, 76, 48, 76, 77, 48, 77, 78, 48, 78, 79, 48, 79, 80, 48, 80, 81, 48, 81, 82, 48, 82, 83, 48, 83, 84, 48, 84, 85, 48, 85, 86, 48, 86, 87, 48, 87, 88, 48, 88, 89, 48, 89, 90, 48, 90, 91, 48, 91, 92, 48, 92, 93, 48, 93, 94, 48, 94, 95]
  normal3f[] normals = [(0.9991271, 0.0218288, -0.0356153), (0.9785488, 0.1506408, -0.1405332), (0.9151363, 0.2667654, -0.302261), (0.7992535, 0.3517064, -0.487336), (0.6479072, 0.3931843, -0.6523975), (0.494356, 0.3967852, -0.7734169), (0.3616391, 0.3777942, -0.8523431), (0.255918, 0.3490484, -0.9014828), (0.1743173, 0.3177593, -0.9320099), (0.1116688, 0.2871793, -0.9513454), (0.06325, 0.2585123, -0.9639351), (0.0254059, 0.2320389, -0.9723747), (-0.0045369, 0.2076606, -0.9781904), (-0.0285016, 0.1851437, -0.9822981), (-0.0478715, 0.1642229, -0.985261), (-0.063649, 0.1446424, -0.9874347), (-0.0765665, 0.1261698, -0.9890494), (-0.0871642, 0.1085982, -0.9902569), (-0.0958429, 0.0917446, -0.9911595), (-0.1029002, 0.0754452, -0.9918264), (-0.1085558, 0.0595518, -0.992305), (-0.1129687, 0.0439275, -0.992627), (-0.116249, 0.0284425, -0.9928128), (-0.1184653, 0.0129707, -0.9928735), (-0.1196493, -0.0026141, -0.9928128), (-0.1197975, -0.018442, -0.992627), (-0.1188701, -0.034651, -0.992305), (-0.1167876, -0.0513916, -0.9918264), (-0.1134244, -0.0688319, -0.9911595), (-0.1085982, -0.0871642, -0.9902569), (-0.1020538, -0.1066127, -0.9890494), (-0.0934395, -0.1274428, -0.9874347), (-0.0822728, -0.1499734, -0.985261), (-0.0678887, -0.1745899, -0.9822981), (-0.0493642, -0.2017589, -0.9781904), (-0.0254059, -0.2320389, -0.9723747), (0.0058131, -0.266074, -0.9639351), (0.0468817, -0.3045389, -0.9513454), (0.1014289, -0.3479507, -0.9320099), (0.1743258, -0.3961557, -0.9014828), (0.271322, -0.4470969, -0.8523431), (0.3967852, -0.494356, -0.7734169), (0.5474776, -0.5240667, -0.6523975), (0.7042134, -0.5163206, -0.487336), (0.8357308, -0.4584674, -0.302261), (0.9227685, -0.3588156, -0.1405332), (0.9707324, -0.2375082, -0.0356153), (0.0099425, -0.0010886, -0.99995), (0.0099995, -0.0002185, 0.99995), (0.9934287, 0.1087703, 0.0356153), (0.961709, 0.2353004, 0.1405332), (0.888423, 0.3454604, 0.302261), (0.7655822, 0.4199851, 0.487336), (0.6111983, 0.448123, 0.6523975), (0.457917, 0.4383359, 0.7734169), (0.3273587, 0.4078573, 0.8523431), (0.2245431, 0.3700124, 0.9014828), (0.1459778, 0.3317348, 0.9320099), (0.0862309, 0.2958143, 0.9513454), (0.040493, 0.263039, 0.9639351), (0.0050986, 0.2333699, 0.9723747), (-0.022607, 0.2064762, 0.9781904), (-0.0445194, 0.1819575, 0.9822981), (-0.0619935, 0.1594291, 0.985261), (-0.0760055, 0.1385488, 0.9874347), (-0.0872649, 0.1190213, 0.9890494), (-0.0962919, 0.1005934, 0.9902569), (-0.1034697, 0.0830479, 0.9911595), (-0.1090805, 0.0661958, 0.9918264), (-0.1133302, 0.0498702, 0.992305), (-0.1163655, 0.0339209, 0.992627), (-0.1182845, 0.0182091, 0.9928128), (-0.1191448, 0.0026031, 0.9928735), (-0.1189669, -0.0130257, 0.9928128), (-0.1177359, -0.0288063, 0.992627), (-0.1154002, -0.044873, 0.992305), (-0.1118675, -0.0613686, 0.9918264), (-0.1069981, -0.0784497, 0.9911595), (-0.1005934, -0.0962919, 0.9902569), (-0.0923799, -0.1150964, 0.9890494), (-0.0819841, -0.1350971, 0.9874347), (-0.0688974, -0.1565694, 0.985261), (-0.0524238, -0.1798395, 0.9822981), (-0.0316033, -0.2052918, 0.9781904), (-0.0050986, -0.2333699, 0.9723747), (0.0289662, -0.2645565, 0.9639351), (0.073229, -0.2992981, 0.9513454), (0.1313501, -0.3377938, 0.9320099), (0.2081686, -0.3794663, 0.9014828), (0.3092332, -0.4217655, 0.8523431), (0.4383359, -0.457917, 0.7734169), (0.5910434, -0.4743894, 0.6523975), (0.7465089, -0.453021, 0.487336), (0.8724873, -0.3839325, 0.302261), (0.9505146, -0.2770783, 0.1405332), (0.9877303, -0.1520543, 0.0356153)] (interpolation = "vertex")
  uniform token subdivisionScheme = "none"
  uniform bool doubleSided = true
  rel material:binding = </Wayfarer/Materials/Seam>
 }
}
